"scientific_name","common_name","confidence","site_id","quadrant","mic_type"
"Corvus cornix","Hooded Crow",0.998723208904266,69162,"Q1","M5"
"Parus major","Great Tit",0.995695114135742,69162,"Q1","M5"
"Motacilla alba","Pied Wagtail/White Wagtail",0.982123970985413,69162,"Q1","M5"
"Anas platyrhynchos","Mallard",0.980589985847473,69162,"Q1","M5"
"Chroicocephalus ridibundus","Black-headed Gull",0.974840342998505,69162,"Q1","M5"
"Fringilla coelebs","Common Chaffinch",0.964709579944611,69162,"Q1","M5"
"Hirundo rustica","Barn Swallow",0.961690366268158,69162,"Q1","M5"
"Sturnus vulgaris","Common Starling",0.957459092140198,69162,"Q1","M5"
"Cyanistes caeruleus","Eurasian Blue Tit",0.956452965736389,69162,"Q1","M5"
"Larus argentatus","Herring Gull",0.955264747142792,69162,"Q1","M5"
"Erithacus rubecula","European Robin",0.952714562416077,69162,"Q1","M5"
"Apus apus","Common Swift",0.952659070491791,69162,"Q1","M5"
"Turdus merula","Eurasian Blackbird",0.943460643291473,69162,"Q1","M5"
"Columba palumbus","Common Woodpigeon",0.942828714847565,69162,"Q1","M5"
"Corvus monedula","Eurasian Jackdaw",0.924830555915833,69162,"Q1","M5"
"Cygnus olor","Mute Swan",0.922212600708008,69162,"Q1","M5"
"Turdus pilaris","Fieldfare",0.917028665542603,69162,"Q1","M5"
"Bucephala clangula","Common Goldeneye",0.897726953029633,69162,"Q1","M5"
"Passer montanus","Eurasian Tree Sparrow",0.896583676338196,69162,"Q1","M5"
"Garrulus glandarius","Eurasian Jay",0.8944291472435,69162,"Q1","M5"
"Ardea cinerea","Grey Heron",0.884272813796997,69162,"Q1","M5"
"Pica pica","Common Magpie",0.880813956260681,69162,"Q1","M5"
"Phylloscopus collybita","Common Chiffchaff",0.879809021949768,69162,"Q1","M5"
"Larus canus","Common Gull",0.874775171279907,69162,"Q1","M5"
"Corvus corax","Common Raven",0.873566448688507,69162,"Q1","M5"
"Troglodytes troglodytes","Eurasian Wren",0.867725551128387,69162,"Q1","M5"
"Vanellus vanellus","Northern Lapwing",0.864350438117981,69162,"Q1","M5"
"Alauda arvensis","Eurasian Skylark",0.863962173461914,69162,"Q1","M5"
"Emberiza citrinella","Yellowhammer",0.863347887992859,69162,"Q1","M5"
"Phylloscopus trochilus","Willow Warbler",0.856903076171875,69162,"Q1","M5"
"Phalacrocorax carbo","Great Cormorant",0.85576981306076,69162,"Q1","M5"
"Sterna hirundo","Common Tern",0.84139734506607,69162,"Q1","M5"
"Mergus merganser","Goosander",0.841066956520081,69162,"Q1","M5"
"Delichon urbicum","Western House Martin",0.835248589515686,69162,"Q1","M5"
"Turdus philomelos","Song Thrush",0.830076336860657,69162,"Q1","M5"
"Curruca communis","Common Whitethroat",0.829925000667572,69162,"Q1","M5"
"Dendrocopos major","Great Spotted Woodpecker",0.827164232730865,69162,"Q1","M5"
"Regulus regulus","Goldcrest",0.82605516910553,69162,"Q1","M5"
"Sylvia atricapilla","Eurasian Blackcap",0.822218298912048,69162,"Q1","M5"
"Chloris chloris","European Greenfinch",0.820589482784271,69162,"Q1","M5"
"Anthus pratensis","Meadow Pipit",0.817189276218414,69162,"Q1","M5"
"Columba livia","Rock Dove",0.815681457519531,69162,"Q1","M5"
"Carduelis carduelis","European Goldfinch",0.806940734386444,69162,"Q1","M5"
"Pyrrhula pyrrhula","Eurasian Bullfinch",0.802110195159912,69162,"Q1","M5"
"Cygnus cygnus","Whooper Swan",0.800067484378815,69162,"Q1","M5"
"Buteo buteo","Common Buzzard",0.799585998058319,69162,"Q1","M5"
"Podiceps cristatus","Great Crested Grebe",0.79765796661377,69162,"Q1","M5"
"Larus marinus","Great Black-backed Gull",0.787557721138,69162,"Q1","M5"
"Fulica atra","Eurasian Coot",0.786587357521057,69162,"Q1","M5"
"Spinus spinus","Eurasian Siskin",0.781909227371216,69162,"Q1","M5"
"Certhia familiaris","Eurasian Treecreeper",0.77622264623642,69162,"Q1","M5"
"Corvus frugilegus","Rook",0.766726732254028,69162,"Q1","M5"
"Cuculus canorus","Common Cuckoo",0.765863418579102,69162,"Q1","M5"
"Passer domesticus","House Sparrow",0.764950811862946,69162,"Q1","M5"
"Linaria cannabina","Common Linnet",0.762132525444031,69162,"Q1","M5"
"Grus grus","Common Crane",0.756959915161133,69162,"Q1","M5"
"Emberiza schoeniclus","Common Reed Bunting",0.753254652023315,69162,"Q1","M5"
"Sitta europaea","Eurasian Nuthatch",0.750628292560577,69162,"Q1","M5"
"Accipiter nisus","Eurasian Sparrowhawk",0.750262677669525,69162,"Q1","M5"
"Mareca penelope","Eurasian Wigeon",0.747610807418823,69162,"Q1","M5"
"Bombycilla garrulus","Bohemian Waxwing",0.74439537525177,69162,"Q1","M5"
"Fringilla montifringilla","Brambling",0.729388654232025,69162,"Q1","M5"
"Ficedula hypoleuca","European Pied Flycatcher",0.727917075157166,69162,"Q1","M5"
"Aythya fuligula","Tufted Duck",0.726466298103333,69162,"Q1","M5"
"Lophophanes cristatus","Crested Tit",0.715477466583252,69162,"Q1","M5"
"Gallinago gallinago","Common Snipe",0.713104963302612,69162,"Q1","M5"
"Luscinia luscinia","Thrush Nightingale",0.708507597446442,69162,"Q1","M5"
"Saxicola rubetra","Whinchat",0.70714521408081,69162,"Q1","M5"
"Anas crecca","Eurasian/Green-winged Teal",0.702800512313843,69162,"Q1","M5"
"Ardea alba","Great White Egret",0.70104843378067,69162,"Q1","M5"
"Calidris alpina","Dunlin",0.700329899787903,69162,"Q1","M5"
"Haliaeetus albicilla","White-tailed Eagle",0.700119137763977,69162,"Q1","M5"
"Turdus iliacus","Redwing",0.697998285293579,69162,"Q1","M5"
"Phylloscopus sibilatrix","Wood Warbler",0.697778463363647,69162,"Q1","M5"
"Circus aeruginosus","Western Marsh Harrier",0.695647239685059,69162,"Q1","M5"
"Muscicapa striata","Spotted Flycatcher",0.69546627998352,69162,"Q1","M5"
"Acrocephalus schoenobaenus","Sedge Warbler",0.69501268863678,69162,"Q1","M5"
"Anthus trivialis","Tree Pipit",0.694102704524994,69162,"Q1","M5"
"Coccothraustes coccothraustes","Hawfinch",0.692785143852234,69162,"Q1","M5"
"Haematopus ostralegus","Eurasian Oystercatcher",0.690927863121033,69162,"Q1","M5"
"Periparus ater","Coal Tit",0.683774769306183,69162,"Q1","M5"
"Actitis hypoleucos","Common Sandpiper",0.683381199836731,69162,"Q1","M5"
"Poecile palustris","Marsh Tit",0.679775595664978,69162,"Q1","M5"
"Curruca curruca","Lesser Whitethroat",0.679628074169159,69162,"Q1","M5"
"Phoenicurus ochruros","Black Redstart",0.677386403083801,69162,"Q1","M5"
"Anser albifrons","Greater White-fronted Goose",0.677235007286072,69162,"Q1","M5"
"Lanius collurio","Red-backed Shrike",0.674601078033447,69162,"Q1","M5"
"Larus fuscus","Lesser Black-backed Gull",0.673506259918213,69162,"Q1","M5"
"Ciconia ciconia","White Stork",0.671634912490845,69162,"Q1","M5"
"Motacilla flava","Western Yellow Wagtail",0.671449661254883,69162,"Q1","M5"
"Branta leucopsis","Barnacle Goose",0.666653871536255,69162,"Q1","M5"
"Aegithalos caudatus","Long-tailed Tit",0.665499210357666,69162,"Q1","M5"
"Circus cyaneus","Hen Harrier",0.665404319763184,69162,"Q1","M5"
"Dryocopus martius","Black Woodpecker",0.664941906929016,69162,"Q1","M5"
"Melanitta fusca","Velvet Scoter",0.664544463157654,69162,"Q1","M5"
"Sylvia borin","Garden Warbler",0.663891196250916,69162,"Q1","M5"
"Phoenicurus phoenicurus","Common Redstart",0.660926997661591,69162,"Q1","M5"
"Oenanthe oenanthe","Northern Wheatear",0.656877636909485,69162,"Q1","M5"
"Tringa totanus","Common Redshank",0.655463695526123,69162,"Q1","M5"
"Carpodacus erythrinus","Common Rosefinch",0.652783155441284,69162,"Q1","M5"
"Clangula hyemalis","Long-tailed Duck",0.651460766792297,69162,"Q1","M5"
"Dryobates minor","Lesser Spotted Woodpecker",0.649451613426208,69162,"Q1","M5"
"Tadorna tadorna","Common Shelduck",0.643331170082092,69162,"Q1","M5"
"Charadrius hiaticula","Common Ringed Plover",0.641858756542206,69162,"Q1","M5"
"Lanius excubitor","Great Grey Shrike",0.641432344913483,69162,"Q1","M5"
"Mergellus albellus","Smew",0.641300559043884,69162,"Q1","M5"
"Loxia curvirostra","Common Crossbill",0.63926088809967,69162,"Q1","M5"
"Prunella modularis","Dunnock",0.63656347990036,69162,"Q1","M5"
"Tringa nebularia","Common Greenshank",0.636286437511444,69162,"Q1","M5"
"Accipiter gentilis","Eurasian Goshawk",0.635883450508118,69162,"Q1","M5"
"Poecile montanus","Willow Tit",0.635457277297974,69162,"Q1","M5"
"Lullula arborea","Woodlark",0.632672309875488,69162,"Q1","M5"
"Turdus viscivorus","Mistle Thrush",0.630062580108643,69162,"Q1","M5"
"Dendrocoptes medius","Middle Spotted Woodpecker",0.628058612346649,69162,"Q1","M5"
"Mareca strepera","Gadwall",0.627896070480347,69162,"Q1","M5"
"Aythya marila","Greater Scaup",0.621724247932434,69162,"Q1","M5"
"Acrocephalus arundinaceus","Great Reed Warbler",0.621565341949463,69162,"Q1","M5"
"Hydrocoloeus minutus","Little Gull",0.62122368812561,69162,"Q1","M5"
"Spatula clypeata","Northern Shoveler",0.61633425951004,69162,"Q1","M5"
"Hippolais icterina","Icterine Warbler",0.610068798065186,69162,"Q1","M5"
"Cygnus columbianus","Bewick's Swan",0.601458430290222,69162,"Q1","M5"
"Alcedo atthis","Common Kingfisher",0.598774194717407,69162,"Q1","M5"
"Melanitta nigra","Common Scoter",0.59803295135498,69162,"Q1","M5"
"Calidris pugnax","Ruff",0.596973419189453,69162,"Q1","M5"
"Panurus biarmicus","Bearded Tit",0.595796048641205,69162,"Q1","M5"
"Tringa glareola","Wood Sandpiper",0.595566809177399,69162,"Q1","M5"
"Acrocephalus scirpaceus","Common Reed Warbler",0.594689726829529,69162,"Q1","M5"
"Gallinula chloropus","Common Moorhen",0.590592384338379,69162,"Q1","M5"
"Riparia riparia","Sand Martin",0.590150475502014,69162,"Q1","M5"
"Mergus serrator","Red-breasted Merganser",0.589557588100433,69162,"Q1","M5"
"Acrocephalus palustris","Marsh Warbler",0.588551700115204,69162,"Q1","M5"
"Chlidonias niger","Black Tern",0.582001209259033,69162,"Q1","M5"
"Tringa ochropus","Green Sandpiper",0.581899225711823,69162,"Q1","M5"
"Pluvialis apricaria","European Golden Plover",0.581672608852386,69162,"Q1","M5"
"Numenius arquata","Eurasian Curlew",0.581236481666565,69162,"Q1","M5"
"Rallus aquaticus","Water Rail",0.580044984817505,69162,"Q1","M5"
"Acanthis flammea","Common Redpoll",0.579309105873108,69162,"Q1","M5"
"Botaurus stellaris","Great Bittern",0.578916549682617,69162,"Q1","M5"
"Anas acuta","Northern Pintail",0.576503098011017,69162,"Q1","M5"
"Aythya ferina","Common Pochard",0.575851082801819,69162,"Q1","M5"
"Anser anser","Greylag Goose",0.575739562511444,69162,"Q1","M5"
"Buteo lagopus","Rough-legged Buzzard",0.575312435626984,69162,"Q1","M5"
"Columba oenas","Stock Dove",0.573612332344055,69162,"Q1","M5"
"Nucifraga caryocatactes","Spotted Nutcracker",0.571479022502899,69162,"Q1","M5"
"Oriolus oriolus","Eurasian Golden Oriole",0.568378627300262,69162,"Q1","M5"
"Perdix perdix","Grey Partridge",0.566152274608612,69162,"Q1","M5"
"Branta bernicla","Brent Goose",0.560240745544434,69162,"Q1","M5"
"Tachybaptus ruficollis","Little Grebe",0.556186735630035,69162,"Q1","M5"
"Podiceps grisegena","Red-necked Grebe",0.55356776714325,69162,"Q1","M5"
"Asio otus","Long-eared Owl",0.5519078373909,69162,"Q1","M5"
"Gavia stellata","Red-throated Diver",0.546353757381439,69162,"Q1","M5"
"Scolopax rusticola","Eurasian Woodcock",0.544464349746704,69162,"Q1","M5"
"Aegolius funereus","Tengmalm's Owl",0.543335616588593,69162,"Q1","M5"
"Remiz pendulinus","Eurasian Penduline Tit",0.54320365190506,69162,"Q1","M5"
"Spatula querquedula","Garganey",0.541762232780457,69162,"Q1","M5"
"Gavia arctica","Black-throated Diver",0.540717244148254,69162,"Q1","M5"
"Falco columbarius","Merlin",0.540286183357239,69162,"Q1","M5"
"Plectrophenax nivalis","Snow Bunting",0.537389636039734,69162,"Q1","M5"
"Glaucidium passerinum","Eurasian Pygmy-Owl",0.536991715431213,69162,"Q1","M5"
"Falco tinnunculus","Common Kestrel",0.536425828933716,69162,"Q1","M5"
"Pluvialis squatarola","Grey Plover",0.535391569137573,69162,"Q1","M5"
"Pandion haliaetus","Osprey",0.534838080406189,69162,"Q1","M5"
"Falco subbuteo","Eurasian Hobby",0.533620238304138,69162,"Q1","M5"
"Picus canus","Grey-headed Woodpecker",0.526723623275757,69162,"Q1","M5"
"Ficedula parva","Red-breasted Flycatcher",0.522186875343323,69162,"Q1","M5"
"Strix aluco","Tawny Owl",0.520727455615997,69162,"Q1","M5"
"Lyrurus tetrix","Black Grouse",0.515609502792358,69162,"Q1","M5"
"Calcarius lapponicus","Lapland Bunting",0.515272974967957,69162,"Q1","M5"
"Anser serrirostris","Tundra Bean Goose",0.514597415924072,69162,"Q1","M5"
"Anser fabalis","Taiga Bean Goose",0.507407069206238,69162,"Q1","M5"
"Lymnocryptes minimus","Jack Snipe",0.50667417049408,69162,"Q1","M5"
"Somateria mollissima","Common Eider",0.504077672958374,69162,"Q1","M5"
"Curruca nisoria","Barred Warbler",0.503629803657532,69162,"Q1","M5"
"Pernis apivorus","European Honey-buzzard",0.503597795963287,69162,"Q1","M5"
"Eremophila alpestris","Shore Lark",0.500768005847931,69162,"Q1","M5"
"Tetrastes bonasia","Hazel Grouse",0.500403761863708,69162,"Q1","M5"
"Picoides tridactylus","Eurasian Three-toed Woodpecker",0.496323615312576,69162,"Q1","M5"
"Loxia pytyopsittacus","Parrot Crossbill",0.493296265602112,69162,"Q1","M5"
"Asio flammeus","Short-eared Owl",0.493027061223984,69162,"Q1","M5"
"Jynx torquilla","Eurasian Wryneck",0.48836749792099,69162,"Q1","M5"
"Anthus petrosus","Rock Pipit",0.487867534160614,69162,"Q1","M5"
"Tringa erythropus","Spotted Redshank",0.485074728727341,69162,"Q1","M5"
"Falco peregrinus","Peregrine Falcon",0.480565369129181,69162,"Q1","M5"
"Locustella luscinioides","Savi's Warbler",0.479772865772247,69162,"Q1","M5"
"Alca torda","Razorbill",0.478226274251938,69162,"Q1","M5"
"Strix uralensis","Ural Owl",0.477389335632324,69162,"Q1","M5"
"Limosa limosa","Black-tailed Godwit",0.477241635322571,69162,"Q1","M5"
"Linaria flavirostris","Twite",0.476550370454788,69162,"Q1","M5"
"Crex crex","Corncrake",0.472578644752502,69162,"Q1","M5"
"Upupa epops","Eurasian Hoopoe",0.472333133220673,69162,"Q1","M5"
"Bubo bubo","Eurasian Eagle Owl",0.470158249139786,69162,"Q1","M5"
"Dendrocopos leucotos","White-backed Woodpecker",0.46961310505867,69162,"Q1","M5"
"Calidris alba","Sanderling",0.469401270151138,69162,"Q1","M5"
"Calidris minuta","Little Stint",0.464656800031662,69162,"Q1","M5"
"Charadrius dubius","Little Ringed Plover",0.464282482862473,69162,"Q1","M5"
"Calidris ferruginea","Curlew Sandpiper",0.460556328296661,69162,"Q1","M5"
"Podiceps auritus","Slavonian Grebe",0.460220485925674,69162,"Q1","M5"
"Streptopelia decaocto","Collared Dove",0.459815144538879,69162,"Q1","M5"
"Circus pygargus","Montagu's Harrier",0.452021867036819,69162,"Q1","M5"
"Tetrao urogallus","Western Capercaillie",0.45080292224884,69162,"Q1","M5"
"Pinicola enucleator","Pine Grosbeak",0.450195610523224,69162,"Q1","M5"
"Clanga pomarina","Lesser Spotted Eagle",0.447445303201675,69162,"Q1","M5"
"Hydroprogne caspia","Caspian Tern",0.443224489688873,69162,"Q1","M5"
"Galerida cristata","Crested Lark",0.434866100549698,69162,"Q1","M5"
"Sternula albifrons","Little Tern",0.430466651916504,69162,"Q1","M5"
"Chlidonias leucopterus","White-winged Black Tern",0.430046796798706,69162,"Q1","M5"
"Picus viridis","Eurasian Green Woodpecker",0.428501397371292,69162,"Q1","M5"
"Phalaropus lobatus","Red-necked Phalarope",0.42841500043869,69162,"Q1","M5"
"Larus cachinnans","Caspian Gull",0.412252306938171,69162,"Q1","M5"
"Sterna paradisaea","Arctic Tern",0.410754144191742,69162,"Q1","M5"
"Ciconia nigra","Black Stork",0.40841019153595,69162,"Q1","M5"
"Zapornia parva","Little Crake",0.407991409301758,69162,"Q1","M5"
"Podiceps nigricollis","Black-necked Grebe",0.4051833152771,69162,"Q1","M5"
"Calidris temminckii","Temminck's Stint",0.404441624879837,69162,"Q1","M5"
"Serinus serinus","European Serin",0.402347475290298,69162,"Q1","M5"
"Caprimulgus europaeus","Eurasian Nightjar",0.400836020708084,69162,"Q1","M5"
"Anthus campestris","Tawny Pipit",0.399553656578064,69162,"Q1","M5"
"Locustella naevia","Common Grasshopper Warbler",0.393011420965195,69162,"Q1","M5"
"Phylloscopus trochiloides","Greenish Warbler",0.392976820468903,69162,"Q1","M5"
"Locustella fluviatilis","River Warbler",0.39187103509903,69162,"Q1","M5"
"Anthus cervinus","Red-throated Pipit",0.387618541717529,69162,"Q1","M5"
"Strix nebulosa","Great Grey Owl",0.384032249450684,69162,"Q1","M5"
"Gallinago media","Great Snipe",0.383067935705185,69162,"Q1","M5"
"Larus hyperboreus","Glaucous Gull",0.382848709821701,69162,"Q1","M5"
"Calidris canutus","Red Knot",0.373984456062317,69162,"Q1","M5"
"Acrocephalus dumetorum","Blyth's Reed Warbler",0.369317203760147,69162,"Q1","M5"
"Porzana porzana","Spotted Crake",0.367403239011765,69162,"Q1","M5"
"Milvus migrans","Black Kite",0.360440462827682,69162,"Q1","M5"
"Calidris falcinellus","Broad-billed Sandpiper",0.358696222305298,69162,"Q1","M5"
"Luscinia svecica","Bluethroat",0.356775134801865,69162,"Q1","M5"
"Limosa lapponica","Bar-tailed Godwit",0.355318546295166,69162,"Q1","M5"
"Regulus ignicapilla","Common Firecrest",0.354280024766922,69162,"Q1","M5"
"Stercorarius parasiticus","Arctic Skua",0.352859705686569,69162,"Q1","M5"
"Coturnix coturnix","Common Quail",0.347957849502563,69162,"Q1","M5"
"Thalasseus sandvicensis","Sandwich Tern",0.347045719623566,69162,"Q1","M5"
"Chlidonias hybrida","Whiskered Tern",0.3447265625,69162,"Q1","M5"
"Streptopelia turtur","European Turtle Dove",0.342851340770721,69162,"Q1","M5"
"Arenaria interpres","Ruddy Turnstone",0.339146077632904,69162,"Q1","M5"
"Loxia leucoptera","Two-barred Crossbill",0.338425368070602,69162,"Q1","M5"
"Cinclus cinclus","White-throated Dipper",0.336299479007721,69162,"Q1","M5"
"Emberiza calandra","Corn Bunting",0.335988372564316,69162,"Q1","M5"
"Branta canadensis","Canada Goose",0.334435552358627,69162,"Q1","M5"
"Falco vespertinus","Red-footed Falcon",0.333418399095535,69162,"Q1","M5"
"Phasianus colchicus","Common Pheasant",0.324682980775833,69162,"Q1","M5"
"Emberiza hortulana","Ortolan Bunting",0.321072667837143,69162,"Q1","M5"
"Milvus milvus","Red Kite",0.320530116558075,69162,"Q1","M5"
"Motacilla cinerea","Grey Wagtail",0.318919509649277,69162,"Q1","M5"
"Stercorarius longicaudus","Long-tailed Skua",0.315096080303192,69162,"Q1","M5"
"Surnia ulula","Northern Hawk Owl",0.309299498796463,69162,"Q1","M5"
"Ichthyaetus melanocephalus","Mediterranean Gull",0.299715310335159,69162,"Q1","M5"
"Acrocephalus paludicola","Aquatic Warbler",0.293853163719177,69162,"Q1","M5"
"Acanthis hornemanni","Arctic Redpoll",0.285410225391388,69162,"Q1","M5"
"Stercorarius pomarinus","Pomarine Skua",0.264584690332413,69162,"Q1","M5"
"Uria aalge","Common Guillemot",0.260654419660568,69162,"Q1","M5"
"Tringa stagnatilis","Marsh Sandpiper",0.259115397930145,69162,"Q1","M5"
"Recurvirostra avosetta","Pied Avocet",0.253707736730576,69162,"Q1","M5"
"Coracias garrulus","European Roller",0.253378063440323,69162,"Q1","M5"
"Lagopus muta","Rock Ptarmigan",0.241265431046486,69162,"Q1","M5"
"Motacilla citreola","Citrine Wagtail",0.23953278362751,69162,"Q1","M5"
"Saxicola rubicola","European Stonechat",0.236814677715302,69162,"Q1","M5"
"Athene noctua","Little Owl",0.236631721258163,69162,"Q1","M5"
"Lagopus lagopus","Red Grouse/Willow Grouse",0.236152067780495,69162,"Q1","M5"
"Numenius phaeopus","Whimbrel",0.233312234282494,69162,"Q1","M5"
"Calidris maritima","Purple Sandpiper",0.226572945713997,69162,"Q1","M5"
"Ixobrychus minutus","Little Bittern",0.221666127443314,69162,"Q1","M5"
"Phylloscopus inornatus","Yellow-browed Warbler",0.217828348278999,69162,"Q1","M5"
"Aquila chrysaetos","Golden Eagle",0.210375353693962,69162,"Q1","M5"
"Merops apiaster","European Bee-eater",0.189045399427414,69162,"Q1","M5"
"Cepphus grylle","Black Guillemot",0.181049346923828,69162,"Q1","M5"
"Netta rufina","Red-crested Pochard",0.166123151779175,69162,"Q1","M5"
"Bubo scandiacus","Snowy Owl",0.163769215345383,69162,"Q1","M5"
"Ficedula albicollis","Collared Flycatcher",0.159468293190002,69162,"Q1","M5"
"Certhia brachydactyla","Short-toed Treecreeper",0.151094287633896,69162,"Q1","M5"
"Clanga clanga","Greater Spotted Eagle",0.142536103725433,69162,"Q1","M5"
"Stercorarius skua","Great Skua",0.130151987075806,69162,"Q1","M5"
"Nycticorax nycticorax","Black-crowned Night Heron",0.127270340919495,69162,"Q1","M5"
"Tyto alba","Barn Owl",0.126102432608604,69162,"Q1","M5"
"Aythya nyroca","Ferruginous Duck",0.124536640942097,69162,"Q1","M5"
"Charadrius morinellus","Eurasian Dotterel",0.119837664067745,69162,"Q1","M5"
"Circaetus gallicus","Short-toed Eagle",0.115436024963856,69162,"Q1","M5"
"Anser brachyrhynchus","Pink-footed Goose",0.114668674767017,69162,"Q1","M5"
"Gavia immer","Great Northern Diver",0.112668864428997,69162,"Q1","M5"
"Phalaropus fulicarius","Grey Phalarope",0.105618678033352,69162,"Q1","M5"
"Luscinia megarhynchos","Common Nightingale",0.104698196053505,69162,"Q1","M5"
"Turdus torquatus","Ring Ouzel",0.104320965707302,69162,"Q1","M5"
"Tadorna ferruginea","Ruddy Shelduck",0.101183608174324,69162,"Q1","M5"
"Falco rusticolus","Gyr Falcon",0.0998149886727333,69162,"Q1","M5"
"Perisoreus infaustus","Siberian Jay",0.0992846786975861,69162,"Q1","M5"
"Phylloscopus proregulus","Pallas's Warbler",0.0948210582137108,69162,"Q1","M5"
"Iduna caligata","Booted Warbler",0.092870905995369,69162,"Q1","M5"
"Hieraaetus pennatus","Booted Eagle",0.077099584043026,69162,"Q1","M5"
"Emberiza rustica","Rustic Bunting",0.0753267034888268,69162,"Q1","M5"
"Egretta garzetta","Little Egret",0.073663555085659,69162,"Q1","M5"
"Cyanistes cyanus","Azure Tit",0.071391873061657,69162,"Q1","M5"
"Anthus spinoletta","Water Pipit",0.0709748491644859,69162,"Q1","M5"
"Acanthis cabaret","Lesser Redpoll",0.0709116980433464,69162,"Q1","M5"
"Dendrocopos syriacus","Syrian Woodpecker",0.0688958540558815,69162,"Q1","M5"
"Anser erythropus","Lesser White-fronted Goose",0.0686354115605354,69162,"Q1","M5"
"Gyps fulvus","Griffon Vulture",0.0671842023730278,69162,"Q1","M5"
"Xenus cinereus","Terek Sandpiper",0.0650673359632492,69162,"Q1","M5"
"Platalea leucorodia","Eurasian Spoonbill",0.0644286125898361,69162,"Q1","M5"
"Fulmarus glacialis","Northern Fulmar",0.0608201436698437,69162,"Q1","M5"
"Lanius minor","Lesser Grey Shrike",0.0550229512155056,69162,"Q1","M5"
"Cercotrichas galactotes","Rufous-tailed Scrub Robin",0.0525906272232533,69162,"Q1","M5"
"Fratercula arctica","Atlantic Puffin",0.0508836433291435,69162,"Q1","M5"
"Somateria spectabilis","King Eider",0.049540139734745,69162,"Q1","M5"
"Anthus richardi","Richard's Pipit",0.0493997260928154,69162,"Q1","M5"
"Rissa tridactyla","Black-legged Kittiwake",0.0481787361204624,69162,"Q1","M5"
"Himantopus himantopus","Black-winged Stilt",0.0470789484679699,69162,"Q1","M5"
"Monticola saxatilis","Common Rock Thrush",0.0469765923917294,69162,"Q1","M5"
"Gavia adamsii","White-billed Diver",0.0461266525089741,69162,"Q1","M5"
"Circus macrourus","Pallid Harrier",0.0458198375999928,69162,"Q1","M5"
"Bubulcus ibis","Western Cattle Egret",0.0450848154723644,69162,"Q1","M5"
"Lanius senator","Woodchat Shrike",0.0437213331460953,69162,"Q1","M5"
"Pyrrhocorax pyrrhocorax","Red-billed Chough",0.043165810406208,69162,"Q1","M5"
"Poecile cinctus","Siberian Tit",0.0431471280753613,69162,"Q1","M5"
"Uria lomvia","Brünnich's Guillemot",0.0381503067910671,69162,"Q1","M5"
"Prunella collaris","Alpine Accentor",0.0372617244720459,69162,"Q1","M5"
"Merops persicus","Blue-cheeked Bee-eater",0.0302254036068916,69162,"Q1","M5"
"Emberiza pusilla","Little Bunting",0.0270602256059647,69162,"Q1","M5"
"Apus melba","Alpine Swift",0.0262103080749512,69162,"Q1","M5"
"Ardea purpurea","Purple Heron",0.0258077420294285,69162,"Q1","M5"
"Pyrrhocorax graculus","Alpine Chough",0.0257784388959408,69162,"Q1","M5"
"Glareola pratincola","Collared Pratincole",0.0241883210837841,69162,"Q1","M5"
"Emberiza cia","Rock Bunting",0.0236567612737417,69162,"Q1","M5"
"Anser caerulescens","Snow Goose",0.0231137946248055,69162,"Q1","M5"
"Aix galericulata","Mandarin Duck",0.0228132326155901,69162,"Q1","M5"
"Ptyonoprogne rupestris","Eurasian Crag Martin",0.0228112544864416,69162,"Q1","M5"
"Iduna pallida","Eastern Olivaceous Warbler",0.0203479193150997,69162,"Q1","M5"
"Lanius borealis","Northern Shrike",0.0193410534411669,69162,"Q1","M5"
"Charadrius alexandrinus","Kentish Plover",0.0182397030293941,69162,"Q1","M5"
"Falco naumanni","Lesser Kestrel",0.0181783605366945,69162,"Q1","M5"
"Cettia cetti","Cetti's Warbler",0.0175363514572382,69162,"Q1","M5"
"Otus scops","Eurasian Scops Owl",0.0171636343002319,69162,"Q1","M5"
"Pterocles orientalis","Black-bellied Sandgrouse",0.0168463122099638,69162,"Q1","M5"
"Passer hispaniolensis","Spanish Sparrow",0.0161321889609098,69162,"Q1","M5"
"Phoenicopterus roseus","Greater Flamingo",0.0159757472574711,69162,"Q1","M5"
"Burhinus oedicnemus","Stone-curlew",0.0153706818819046,69162,"Q1","M5"
"Ardeola ralloides","Squacco Heron",0.013946526683867,69162,"Q1","M5"
"Melanocorypha calandra","Calandra Lark",0.0134320762008429,69162,"Q1","M5"
"Tarsiger cyanurus","Red-flanked Bluetail",0.0130803734064102,69162,"Q1","M5"
"Anser indicus","Bar-headed Goose",0.0121253095567226,69162,"Q1","M5"
"Oenanthe melanoleuca","Eastern Black-eared Wheatear",0.011490561068058,69162,"Q1","M5"
"Aegypius monachus","Black Vulture",0.0109418062493205,69162,"Q1","M5"
"Aquila heliaca","Imperial Eagle",0.0104150259867311,69162,"Q1","M5"
"Larus michahellis","Yellow-legged Gull",0.010406251065433,69162,"Q1","M5"
"Plegadis falcinellus","Glossy Ibis",0.0102871842682362,69162,"Q1","M5"
"Corvus cornix","Hooded Crow",0.998719990253448,69163,"Q2","M1"
"Parus major","Great Tit",0.995887875556946,69163,"Q2","M1"
"Motacilla alba","Pied Wagtail/White Wagtail",0.982490241527557,69163,"Q2","M1"
"Anas platyrhynchos","Mallard",0.980993211269379,69163,"Q2","M1"
"Chroicocephalus ridibundus","Black-headed Gull",0.975336313247681,69163,"Q2","M1"
"Fringilla coelebs","Common Chaffinch",0.964882850646973,69163,"Q2","M1"
"Hirundo rustica","Barn Swallow",0.962190866470337,69163,"Q2","M1"
"Sturnus vulgaris","Common Starling",0.958087086677551,69163,"Q2","M1"
"Cyanistes caeruleus","Eurasian Blue Tit",0.95729273557663,69163,"Q2","M1"
"Larus argentatus","Herring Gull",0.955391466617584,69163,"Q2","M1"
"Apus apus","Common Swift",0.955242335796356,69163,"Q2","M1"
"Erithacus rubecula","European Robin",0.953917920589447,69163,"Q2","M1"
"Turdus merula","Eurasian Blackbird",0.943467795848846,69163,"Q2","M1"
"Columba palumbus","Common Woodpigeon",0.943190038204193,69163,"Q2","M1"
"Corvus monedula","Eurasian Jackdaw",0.926201045513153,69163,"Q2","M1"
"Cygnus olor","Mute Swan",0.922282814979553,69163,"Q2","M1"
"Turdus pilaris","Fieldfare",0.916495263576508,69163,"Q2","M1"
"Passer montanus","Eurasian Tree Sparrow",0.899632096290588,69163,"Q2","M1"
"Bucephala clangula","Common Goldeneye",0.897571682929993,69163,"Q2","M1"
"Garrulus glandarius","Eurasian Jay",0.896439433097839,69163,"Q2","M1"
"Ardea cinerea","Grey Heron",0.88478696346283,69163,"Q2","M1"
"Pica pica","Common Magpie",0.883780479431152,69163,"Q2","M1"
"Phylloscopus collybita","Common Chiffchaff",0.883174896240234,69163,"Q2","M1"
"Corvus corax","Common Raven",0.877773284912109,69163,"Q2","M1"
"Larus canus","Common Gull",0.875215709209442,69163,"Q2","M1"
"Troglodytes troglodytes","Eurasian Wren",0.87098091840744,69163,"Q2","M1"
"Alauda arvensis","Eurasian Skylark",0.865732669830322,69163,"Q2","M1"
"Emberiza citrinella","Yellowhammer",0.864952564239502,69163,"Q2","M1"
"Vanellus vanellus","Northern Lapwing",0.86436927318573,69163,"Q2","M1"
"Phylloscopus trochilus","Willow Warbler",0.85926079750061,69163,"Q2","M1"
"Phalacrocorax carbo","Great Cormorant",0.855069994926453,69163,"Q2","M1"
"Sterna hirundo","Common Tern",0.844638884067535,69163,"Q2","M1"
"Mergus merganser","Goosander",0.840657234191895,69163,"Q2","M1"
"Delichon urbicum","Western House Martin",0.84005743265152,69163,"Q2","M1"
"Curruca communis","Common Whitethroat",0.834175169467926,69163,"Q2","M1"
"Turdus philomelos","Song Thrush",0.832807421684265,69163,"Q2","M1"
"Dendrocopos major","Great Spotted Woodpecker",0.829859972000122,69163,"Q2","M1"
"Regulus regulus","Goldcrest",0.829658508300781,69163,"Q2","M1"
"Sylvia atricapilla","Eurasian Blackcap",0.826611399650574,69163,"Q2","M1"
"Chloris chloris","European Greenfinch",0.824693560600281,69163,"Q2","M1"
"Columba livia","Rock Dove",0.822399258613586,69163,"Q2","M1"
"Anthus pratensis","Meadow Pipit",0.819280982017517,69163,"Q2","M1"
"Carduelis carduelis","European Goldfinch",0.81120777130127,69163,"Q2","M1"
"Pyrrhula pyrrhula","Eurasian Bullfinch",0.806443274021149,69163,"Q2","M1"
"Buteo buteo","Common Buzzard",0.803977370262146,69163,"Q2","M1"
"Podiceps cristatus","Great Crested Grebe",0.802022755146027,69163,"Q2","M1"
"Cygnus cygnus","Whooper Swan",0.800423502922058,69163,"Q2","M1"
"Fulica atra","Eurasian Coot",0.793457269668579,69163,"Q2","M1"
"Larus marinus","Great Black-backed Gull",0.788932800292969,69163,"Q2","M1"
"Certhia familiaris","Eurasian Treecreeper",0.783911347389221,69163,"Q2","M1"
"Spinus spinus","Eurasian Siskin",0.783470273017883,69163,"Q2","M1"
"Corvus frugilegus","Rook",0.772786676883698,69163,"Q2","M1"
"Cuculus canorus","Common Cuckoo",0.771184682846069,69163,"Q2","M1"
"Passer domesticus","House Sparrow",0.767970263957977,69163,"Q2","M1"
"Linaria cannabina","Common Linnet",0.766776502132416,69163,"Q2","M1"
"Sitta europaea","Eurasian Nuthatch",0.75696724653244,69163,"Q2","M1"
"Emberiza schoeniclus","Common Reed Bunting",0.756667673587799,69163,"Q2","M1"
"Grus grus","Common Crane",0.75658643245697,69163,"Q2","M1"
"Accipiter nisus","Eurasian Sparrowhawk",0.755289614200592,69163,"Q2","M1"
"Mareca penelope","Eurasian Wigeon",0.751777410507202,69163,"Q2","M1"
"Bombycilla garrulus","Bohemian Waxwing",0.748151779174805,69163,"Q2","M1"
"Fringilla montifringilla","Brambling",0.73298966884613,69163,"Q2","M1"
"Ficedula hypoleuca","European Pied Flycatcher",0.732965111732483,69163,"Q2","M1"
"Aythya fuligula","Tufted Duck",0.731952905654907,69163,"Q2","M1"
"Lophophanes cristatus","Crested Tit",0.724063217639923,69163,"Q2","M1"
"Gallinago gallinago","Common Snipe",0.717562913894653,69163,"Q2","M1"
"Luscinia luscinia","Thrush Nightingale",0.717013597488403,69163,"Q2","M1"
"Saxicola rubetra","Whinchat",0.713212609291077,69163,"Q2","M1"
"Ardea alba","Great White Egret",0.709210634231567,69163,"Q2","M1"
"Anas crecca","Eurasian/Green-winged Teal",0.705648124217987,69163,"Q2","M1"
"Phylloscopus sibilatrix","Wood Warbler",0.705299198627472,69163,"Q2","M1"
"Calidris alpina","Dunlin",0.703153312206268,69163,"Q2","M1"
"Muscicapa striata","Spotted Flycatcher",0.702000319957733,69163,"Q2","M1"
"Acrocephalus schoenobaenus","Sedge Warbler",0.701150894165039,69163,"Q2","M1"
"Haliaeetus albicilla","White-tailed Eagle",0.700707197189331,69163,"Q2","M1"
"Coccothraustes coccothraustes","Hawfinch",0.700490593910217,69163,"Q2","M1"
"Turdus iliacus","Redwing",0.699743866920471,69163,"Q2","M1"
"Circus aeruginosus","Western Marsh Harrier",0.69934618473053,69163,"Q2","M1"
"Anthus trivialis","Tree Pipit",0.699105024337769,69163,"Q2","M1"
"Haematopus ostralegus","Eurasian Oystercatcher",0.696175456047058,69163,"Q2","M1"
"Periparus ater","Coal Tit",0.691677808761597,69163,"Q2","M1"
"Poecile palustris","Marsh Tit",0.687621653079987,69163,"Q2","M1"
"Ciconia ciconia","White Stork",0.687451481819153,69163,"Q2","M1"
"Actitis hypoleucos","Common Sandpiper",0.687230229377747,69163,"Q2","M1"
"Phoenicurus ochruros","Black Redstart",0.684811234474182,69163,"Q2","M1"
"Anser albifrons","Greater White-fronted Goose",0.684647560119629,69163,"Q2","M1"
"Curruca curruca","Lesser Whitethroat",0.682656288146973,69163,"Q2","M1"
"Lanius collurio","Red-backed Shrike",0.680559635162354,69163,"Q2","M1"
"Larus fuscus","Lesser Black-backed Gull",0.679625034332275,69163,"Q2","M1"
"Motacilla flava","Western Yellow Wagtail",0.67758059501648,69163,"Q2","M1"
"Aegithalos caudatus","Long-tailed Tit",0.674927592277527,69163,"Q2","M1"
"Circus cyaneus","Hen Harrier",0.673516750335693,69163,"Q2","M1"
"Dryocopus martius","Black Woodpecker",0.671222865581512,69163,"Q2","M1"
"Melanitta fusca","Velvet Scoter",0.671058475971222,69163,"Q2","M1"
"Sylvia borin","Garden Warbler",0.670461416244507,69163,"Q2","M1"
"Branta leucopsis","Barnacle Goose",0.667310535907745,69163,"Q2","M1"
"Phoenicurus phoenicurus","Common Redstart",0.667084097862244,69163,"Q2","M1"
"Oenanthe oenanthe","Northern Wheatear",0.661566853523254,69163,"Q2","M1"
"Tringa totanus","Common Redshank",0.660176753997803,69163,"Q2","M1"
"Carpodacus erythrinus","Common Rosefinch",0.659415006637573,69163,"Q2","M1"
"Dryobates minor","Lesser Spotted Woodpecker",0.657463431358337,69163,"Q2","M1"
"Clangula hyemalis","Long-tailed Duck",0.654770195484161,69163,"Q2","M1"
"Tadorna tadorna","Common Shelduck",0.649710774421692,69163,"Q2","M1"
"Mergellus albellus","Smew",0.649280726909637,69163,"Q2","M1"
"Lanius excubitor","Great Grey Shrike",0.648855805397034,69163,"Q2","M1"
"Charadrius hiaticula","Common Ringed Plover",0.64560055732727,69163,"Q2","M1"
"Poecile montanus","Willow Tit",0.64530873298645,69163,"Q2","M1"
"Dendrocoptes medius","Middle Spotted Woodpecker",0.64517092704773,69163,"Q2","M1"
"Loxia curvirostra","Common Crossbill",0.644877314567566,69163,"Q2","M1"
"Accipiter gentilis","Eurasian Goshawk",0.642717957496643,69163,"Q2","M1"
"Lullula arborea","Woodlark",0.641899883747101,69163,"Q2","M1"
"Prunella modularis","Dunnock",0.641231834888458,69163,"Q2","M1"
"Tringa nebularia","Common Greenshank",0.639312148094177,69163,"Q2","M1"
"Turdus viscivorus","Mistle Thrush",0.636664152145386,69163,"Q2","M1"
"Mareca strepera","Gadwall",0.633854985237122,69163,"Q2","M1"
"Aythya marila","Greater Scaup",0.629332661628723,69163,"Q2","M1"
"Acrocephalus arundinaceus","Great Reed Warbler",0.629031240940094,69163,"Q2","M1"
"Hydrocoloeus minutus","Little Gull",0.625750303268433,69163,"Q2","M1"
"Spatula clypeata","Northern Shoveler",0.623518228530884,69163,"Q2","M1"
"Hippolais icterina","Icterine Warbler",0.615384817123413,69163,"Q2","M1"
"Cygnus columbianus","Bewick's Swan",0.609429836273193,69163,"Q2","M1"
"Alcedo atthis","Common Kingfisher",0.607207357883453,69163,"Q2","M1"
"Panurus biarmicus","Bearded Tit",0.606688916683197,69163,"Q2","M1"
"Melanitta nigra","Common Scoter",0.603433549404144,69163,"Q2","M1"
"Gallinula chloropus","Common Moorhen",0.602795481681824,69163,"Q2","M1"
"Calidris pugnax","Ruff",0.601614534854889,69163,"Q2","M1"
"Tringa glareola","Wood Sandpiper",0.601191222667694,69163,"Q2","M1"
"Acrocephalus scirpaceus","Common Reed Warbler",0.601177215576172,69163,"Q2","M1"
"Riparia riparia","Sand Martin",0.598336338996887,69163,"Q2","M1"
"Mergus serrator","Red-breasted Merganser",0.596677303314209,69163,"Q2","M1"
"Acrocephalus palustris","Marsh Warbler",0.594863891601562,69163,"Q2","M1"
"Tringa ochropus","Green Sandpiper",0.590734302997589,69163,"Q2","M1"
"Chlidonias niger","Black Tern",0.588524580001831,69163,"Q2","M1"
"Rallus aquaticus","Water Rail",0.588250398635864,69163,"Q2","M1"
"Pluvialis apricaria","European Golden Plover",0.586767792701721,69163,"Q2","M1"
"Botaurus stellaris","Great Bittern",0.58634752035141,69163,"Q2","M1"
"Aythya ferina","Common Pochard",0.58591878414154,69163,"Q2","M1"
"Anas acuta","Northern Pintail",0.585260689258575,69163,"Q2","M1"
"Acanthis flammea","Common Redpoll",0.584868967533112,69163,"Q2","M1"
"Numenius arquata","Eurasian Curlew",0.582700610160828,69163,"Q2","M1"
"Buteo lagopus","Rough-legged Buzzard",0.582686424255371,69163,"Q2","M1"
"Nucifraga caryocatactes","Spotted Nutcracker",0.581855118274689,69163,"Q2","M1"
"Columba oenas","Stock Dove",0.581838369369507,69163,"Q2","M1"
"Oriolus oriolus","Eurasian Golden Oriole",0.579046905040741,69163,"Q2","M1"
"Perdix perdix","Grey Partridge",0.576865792274475,69163,"Q2","M1"
"Anser anser","Greylag Goose",0.574703335762024,69163,"Q2","M1"
"Branta bernicla","Brent Goose",0.565664291381836,69163,"Q2","M1"
"Tachybaptus ruficollis","Little Grebe",0.564826488494873,69163,"Q2","M1"
"Asio otus","Long-eared Owl",0.562305569648743,69163,"Q2","M1"
"Podiceps grisegena","Red-necked Grebe",0.559574067592621,69163,"Q2","M1"
"Remiz pendulinus","Eurasian Penduline Tit",0.555618524551392,69163,"Q2","M1"
"Gavia stellata","Red-throated Diver",0.552686274051666,69163,"Q2","M1"
"Scolopax rusticola","Eurasian Woodcock",0.552388310432434,69163,"Q2","M1"
"Aegolius funereus","Tengmalm's Owl",0.552039504051208,69163,"Q2","M1"
"Spatula querquedula","Garganey",0.55038046836853,69163,"Q2","M1"
"Falco columbarius","Merlin",0.547068238258362,69163,"Q2","M1"
"Gavia arctica","Black-throated Diver",0.54688823223114,69163,"Q2","M1"
"Glaucidium passerinum","Eurasian Pygmy-Owl",0.545766592025757,69163,"Q2","M1"
"Plectrophenax nivalis","Snow Bunting",0.545104503631592,69163,"Q2","M1"
"Falco subbuteo","Eurasian Hobby",0.542003095149994,69163,"Q2","M1"
"Pandion haliaetus","Osprey",0.541601538658142,69163,"Q2","M1"
"Falco tinnunculus","Common Kestrel",0.540992856025696,69163,"Q2","M1"
"Pluvialis squatarola","Grey Plover",0.53976583480835,69163,"Q2","M1"
"Picus canus","Grey-headed Woodpecker",0.537731528282166,69163,"Q2","M1"
"Ficedula parva","Red-breasted Flycatcher",0.532923102378845,69163,"Q2","M1"
"Strix aluco","Tawny Owl",0.530318856239319,69163,"Q2","M1"
"Lyrurus tetrix","Black Grouse",0.523775935173035,69163,"Q2","M1"
"Calcarius lapponicus","Lapland Bunting",0.523155570030212,69163,"Q2","M1"
"Anser serrirostris","Tundra Bean Goose",0.521597683429718,69163,"Q2","M1"
"Curruca nisoria","Barred Warbler",0.51465380191803,69163,"Q2","M1"
"Pernis apivorus","European Honey-buzzard",0.512788474559784,69163,"Q2","M1"
"Anser fabalis","Taiga Bean Goose",0.51209032535553,69163,"Q2","M1"
"Lymnocryptes minimus","Jack Snipe",0.511788606643677,69163,"Q2","M1"
"Tetrastes bonasia","Hazel Grouse",0.511585474014282,69163,"Q2","M1"
"Somateria mollissima","Common Eider",0.510236382484436,69163,"Q2","M1"
"Eremophila alpestris","Shore Lark",0.50990903377533,69163,"Q2","M1"
"Picoides tridactylus","Eurasian Three-toed Woodpecker",0.504981160163879,69163,"Q2","M1"
"Asio flammeus","Short-eared Owl",0.500944375991821,69163,"Q2","M1"
"Jynx torquilla","Eurasian Wryneck",0.497860491275787,69163,"Q2","M1"
"Loxia pytyopsittacus","Parrot Crossbill",0.497144609689713,69163,"Q2","M1"
"Locustella luscinioides","Savi's Warbler",0.491657018661499,69163,"Q2","M1"
"Tringa erythropus","Spotted Redshank",0.491445690393448,69163,"Q2","M1"
"Upupa epops","Eurasian Hoopoe",0.489358365535736,69163,"Q2","M1"
"Strix uralensis","Ural Owl",0.488187730312347,69163,"Q2","M1"
"Falco peregrinus","Peregrine Falcon",0.487173765897751,69163,"Q2","M1"
"Limosa limosa","Black-tailed Godwit",0.486548185348511,69163,"Q2","M1"
"Dendrocopos leucotos","White-backed Woodpecker",0.485365688800812,69163,"Q2","M1"
"Anthus petrosus","Rock Pipit",0.484601229429245,69163,"Q2","M1"
"Bubo bubo","Eurasian Eagle Owl",0.482021182775497,69163,"Q2","M1"
"Crex crex","Corncrake",0.481280297040939,69163,"Q2","M1"
"Alca torda","Razorbill",0.480555564165115,69163,"Q2","M1"
"Linaria flavirostris","Twite",0.478391051292419,69163,"Q2","M1"
"Calidris alba","Sanderling",0.472796648740768,69163,"Q2","M1"
"Charadrius dubius","Little Ringed Plover",0.472773820161819,69163,"Q2","M1"
"Calidris minuta","Little Stint",0.471198529005051,69163,"Q2","M1"
"Clanga pomarina","Lesser Spotted Eagle",0.469665259122849,69163,"Q2","M1"
"Podiceps auritus","Slavonian Grebe",0.46830153465271,69163,"Q2","M1"
"Calidris ferruginea","Curlew Sandpiper",0.467199742794037,69163,"Q2","M1"
"Streptopelia decaocto","Collared Dove",0.463796138763428,69163,"Q2","M1"
"Circus pygargus","Montagu's Harrier",0.463760256767273,69163,"Q2","M1"
"Tetrao urogallus","Western Capercaillie",0.459478467702866,69163,"Q2","M1"
"Galerida cristata","Crested Lark",0.456693291664124,69163,"Q2","M1"
"Pinicola enucleator","Pine Grosbeak",0.455947905778885,69163,"Q2","M1"
"Chlidonias leucopterus","White-winged Black Tern",0.447515696287155,69163,"Q2","M1"
"Hydroprogne caspia","Caspian Tern",0.443777561187744,69163,"Q2","M1"
"Sternula albifrons","Little Tern",0.440268576145172,69163,"Q2","M1"
"Picus viridis","Eurasian Green Woodpecker",0.434723556041718,69163,"Q2","M1"
"Phalaropus lobatus","Red-necked Phalarope",0.433486014604568,69163,"Q2","M1"
"Zapornia parva","Little Crake",0.427955150604248,69163,"Q2","M1"
"Ciconia nigra","Black Stork",0.424969732761383,69163,"Q2","M1"
"Larus cachinnans","Caspian Gull",0.423233866691589,69163,"Q2","M1"
"Podiceps nigricollis","Black-necked Grebe",0.422807663679123,69163,"Q2","M1"
"Anthus campestris","Tawny Pipit",0.418331116437912,69163,"Q2","M1"
"Serinus serinus","European Serin",0.417921930551529,69163,"Q2","M1"
"Calidris temminckii","Temminck's Stint",0.411642521619797,69163,"Q2","M1"
"Sterna paradisaea","Arctic Tern",0.409486651420593,69163,"Q2","M1"
"Caprimulgus europaeus","Eurasian Nightjar",0.408606380224228,69163,"Q2","M1"
"Phylloscopus trochiloides","Greenish Warbler",0.406086981296539,69163,"Q2","M1"
"Locustella naevia","Common Grasshopper Warbler",0.400184541940689,69163,"Q2","M1"
"Locustella fluviatilis","River Warbler",0.398937553167343,69163,"Q2","M1"
"Anthus cervinus","Red-throated Pipit",0.395324349403381,69163,"Q2","M1"
"Gallinago media","Great Snipe",0.391850799322128,69163,"Q2","M1"
"Strix nebulosa","Great Grey Owl",0.391036421060562,69163,"Q2","M1"
"Larus hyperboreus","Glaucous Gull",0.390517979860306,69163,"Q2","M1"
"Acrocephalus dumetorum","Blyth's Reed Warbler",0.384852528572083,69163,"Q2","M1"
"Calidris canutus","Red Knot",0.375485599040985,69163,"Q2","M1"
"Milvus migrans","Black Kite",0.375165700912476,69163,"Q2","M1"
"Porzana porzana","Spotted Crake",0.374951362609863,69163,"Q2","M1"
"Regulus ignicapilla","Common Firecrest",0.370038986206055,69163,"Q2","M1"
"Calidris falcinellus","Broad-billed Sandpiper",0.366753578186035,69163,"Q2","M1"
"Luscinia svecica","Bluethroat",0.366140782833099,69163,"Q2","M1"
"Chlidonias hybrida","Whiskered Tern",0.364140510559082,69163,"Q2","M1"
"Limosa lapponica","Bar-tailed Godwit",0.360709697008133,69163,"Q2","M1"
"Stercorarius parasiticus","Arctic Skua",0.357534408569336,69163,"Q2","M1"
"Streptopelia turtur","European Turtle Dove",0.355345785617828,69163,"Q2","M1"
"Coturnix coturnix","Common Quail",0.354861319065094,69163,"Q2","M1"
"Emberiza calandra","Corn Bunting",0.353154808282852,69163,"Q2","M1"
"Thalasseus sandvicensis","Sandwich Tern",0.349454402923584,69163,"Q2","M1"
"Falco vespertinus","Red-footed Falcon",0.348018765449524,69163,"Q2","M1"
"Loxia leucoptera","Two-barred Crossbill",0.3435218334198,69163,"Q2","M1"
"Arenaria interpres","Ruddy Turnstone",0.341662883758545,69163,"Q2","M1"
"Cinclus cinclus","White-throated Dipper",0.338638931512833,69163,"Q2","M1"
"Branta canadensis","Canada Goose",0.331370681524277,69163,"Q2","M1"
"Milvus milvus","Red Kite",0.328191518783569,69163,"Q2","M1"
"Emberiza hortulana","Ortolan Bunting",0.32692340016365,69163,"Q2","M1"
"Phasianus colchicus","Common Pheasant",0.321466863155365,69163,"Q2","M1"
"Stercorarius longicaudus","Long-tailed Skua",0.320084303617477,69163,"Q2","M1"
"Motacilla cinerea","Grey Wagtail",0.319309264421463,69163,"Q2","M1"
"Surnia ulula","Northern Hawk Owl",0.315339028835297,69163,"Q2","M1"
"Ichthyaetus melanocephalus","Mediterranean Gull",0.311869293451309,69163,"Q2","M1"
"Acrocephalus paludicola","Aquatic Warbler",0.311419069766998,69163,"Q2","M1"
"Acanthis hornemanni","Arctic Redpoll",0.291955411434174,69163,"Q2","M1"
"Tringa stagnatilis","Marsh Sandpiper",0.274756222963333,69163,"Q2","M1"
"Stercorarius pomarinus","Pomarine Skua",0.269144654273987,69163,"Q2","M1"
"Coracias garrulus","European Roller",0.268496364355087,69163,"Q2","M1"
"Uria aalge","Common Guillemot",0.263098835945129,69163,"Q2","M1"
"Recurvirostra avosetta","Pied Avocet",0.262868672609329,69163,"Q2","M1"
"Motacilla citreola","Citrine Wagtail",0.254328459501266,69163,"Q2","M1"
"Athene noctua","Little Owl",0.250980943441391,69163,"Q2","M1"
"Lagopus muta","Rock Ptarmigan",0.247318238019943,69163,"Q2","M1"
"Lagopus lagopus","Red Grouse/Willow Grouse",0.242122039198875,69163,"Q2","M1"
"Saxicola rubicola","European Stonechat",0.241985768079758,69163,"Q2","M1"
"Ixobrychus minutus","Little Bittern",0.234316408634186,69163,"Q2","M1"
"Numenius phaeopus","Whimbrel",0.233081609010696,69163,"Q2","M1"
"Calidris maritima","Purple Sandpiper",0.228319972753525,69163,"Q2","M1"
"Phylloscopus inornatus","Yellow-browed Warbler",0.221627578139305,69163,"Q2","M1"
"Aquila chrysaetos","Golden Eagle",0.21399350464344,69163,"Q2","M1"
"Merops apiaster","European Bee-eater",0.204142063856125,69163,"Q2","M1"
"Cepphus grylle","Black Guillemot",0.183561205863953,69163,"Q2","M1"
"Netta rufina","Red-crested Pochard",0.175627991557121,69163,"Q2","M1"
"Ficedula albicollis","Collared Flycatcher",0.171615287661552,69163,"Q2","M1"
"Bubo scandiacus","Snowy Owl",0.168022245168686,69163,"Q2","M1"
"Certhia brachydactyla","Short-toed Treecreeper",0.160566478967667,69163,"Q2","M1"
"Clanga clanga","Greater Spotted Eagle",0.1520856320858,69163,"Q2","M1"
"Nycticorax nycticorax","Black-crowned Night Heron",0.136549815535545,69163,"Q2","M1"
"Stercorarius skua","Great Skua",0.13543713092804,69163,"Q2","M1"
"Aythya nyroca","Ferruginous Duck",0.134196668863297,69163,"Q2","M1"
"Tyto alba","Barn Owl",0.131180927157402,69163,"Q2","M1"
"Circaetus gallicus","Short-toed Eagle",0.12732857465744,69163,"Q2","M1"
"Charadrius morinellus","Eurasian Dotterel",0.120414204895496,69163,"Q2","M1"
"Gavia immer","Great Northern Diver",0.115885399281979,69163,"Q2","M1"
"Phalaropus fulicarius","Grey Phalarope",0.109889000654221,69163,"Q2","M1"
"Luscinia megarhynchos","Common Nightingale",0.10979700833559,69163,"Q2","M1"
"Anser brachyrhynchus","Pink-footed Goose",0.108418077230453,69163,"Q2","M1"
"Tadorna ferruginea","Ruddy Shelduck",0.107541970908642,69163,"Q2","M1"
"Turdus torquatus","Ring Ouzel",0.103882402181625,69163,"Q2","M1"
"Perisoreus infaustus","Siberian Jay",0.103603973984718,69163,"Q2","M1"
"Falco rusticolus","Gyr Falcon",0.103045254945755,69163,"Q2","M1"
"Iduna caligata","Booted Warbler",0.099967896938324,69163,"Q2","M1"
"Phylloscopus proregulus","Pallas's Warbler",0.0994121432304382,69163,"Q2","M1"
"Hieraaetus pennatus","Booted Eagle",0.0836941599845886,69163,"Q2","M1"
"Egretta garzetta","Little Egret",0.0797532498836517,69163,"Q2","M1"
"Emberiza rustica","Rustic Bunting",0.0788263753056526,69163,"Q2","M1"
"Cyanistes cyanus","Azure Tit",0.0785512030124664,69163,"Q2","M1"
"Anthus spinoletta","Water Pipit",0.0748170092701912,69163,"Q2","M1"
"Dendrocopos syriacus","Syrian Woodpecker",0.0744216069579124,69163,"Q2","M1"
"Anser erythropus","Lesser White-fronted Goose",0.071629948914051,69163,"Q2","M1"
"Gyps fulvus","Griffon Vulture",0.0712966918945312,69163,"Q2","M1"
"Xenus cinereus","Terek Sandpiper",0.0685587003827095,69163,"Q2","M1"
"Platalea leucorodia","Eurasian Spoonbill",0.0682304799556732,69163,"Q2","M1"
"Acanthis cabaret","Lesser Redpoll",0.0668254345655441,69163,"Q2","M1"
"Fulmarus glacialis","Northern Fulmar",0.063527874648571,69163,"Q2","M1"
"Lanius minor","Lesser Grey Shrike",0.0622644238173962,69163,"Q2","M1"
"Cercotrichas galactotes","Rufous-tailed Scrub Robin",0.0595126077532768,69163,"Q2","M1"
"Fratercula arctica","Atlantic Puffin",0.0525440648198128,69163,"Q2","M1"
"Anthus richardi","Richard's Pipit",0.0517188124358654,69163,"Q2","M1"
"Monticola saxatilis","Common Rock Thrush",0.0513595640659332,69163,"Q2","M1"
"Somateria spectabilis","King Eider",0.0512447357177734,69163,"Q2","M1"
"Rissa tridactyla","Black-legged Kittiwake",0.0502111613750458,69163,"Q2","M1"
"Himantopus himantopus","Black-winged Stilt",0.0500998347997665,69163,"Q2","M1"
"Bubulcus ibis","Western Cattle Egret",0.0484561286866665,69163,"Q2","M1"
"Circus macrourus","Pallid Harrier",0.0481163002550602,69163,"Q2","M1"
"Gavia adamsii","White-billed Diver",0.047928087413311,69163,"Q2","M1"
"Lanius senator","Woodchat Shrike",0.0474874377250671,69163,"Q2","M1"
"Pyrrhocorax pyrrhocorax","Red-billed Chough",0.0471084713935852,69163,"Q2","M1"
"Poecile cinctus","Siberian Tit",0.0445928052067757,69163,"Q2","M1"
"Prunella collaris","Alpine Accentor",0.0400802195072174,69163,"Q2","M1"
"Uria lomvia","Brünnich's Guillemot",0.0396080128848553,69163,"Q2","M1"
"Merops persicus","Blue-cheeked Bee-eater",0.0343615151941776,69163,"Q2","M1"
"Apus melba","Alpine Swift",0.02904998883605,69163,"Q2","M1"
"Ardea purpurea","Purple Heron",0.0284425299614668,69163,"Q2","M1"
"Pyrrhocorax graculus","Alpine Chough",0.0283720791339874,69163,"Q2","M1"
"Emberiza pusilla","Little Bunting",0.028259864076972,69163,"Q2","M1"
"Glareola pratincola","Collared Pratincole",0.0270187705755234,69163,"Q2","M1"
"Emberiza cia","Rock Bunting",0.0256760735064745,69163,"Q2","M1"
"Ptyonoprogne rupestris","Eurasian Crag Martin",0.025115767493844,69163,"Q2","M1"
"Aix galericulata","Mandarin Duck",0.0229719989001751,69163,"Q2","M1"
"Iduna pallida","Eastern Olivaceous Warbler",0.022917939350009,69163,"Q2","M1"
"Anser caerulescens","Snow Goose",0.0224742293357849,69163,"Q2","M1"
"Charadrius alexandrinus","Kentish Plover",0.019972400739789,69163,"Q2","M1"
"Falco naumanni","Lesser Kestrel",0.0198616813868284,69163,"Q2","M1"
"Lanius borealis","Northern Shrike",0.0195900294929743,69163,"Q2","M1"
"Cettia cetti","Cetti's Warbler",0.0194886513054371,69163,"Q2","M1"
"Pterocles orientalis","Black-bellied Sandgrouse",0.0189937334507704,69163,"Q2","M1"
"Otus scops","Eurasian Scops Owl",0.0185884106904268,69163,"Q2","M1"
"Passer hispaniolensis","Spanish Sparrow",0.0179325975477695,69163,"Q2","M1"
"Phoenicopterus roseus","Greater Flamingo",0.0169891566038132,69163,"Q2","M1"
"Burhinus oedicnemus","Stone-curlew",0.0169753842055798,69163,"Q2","M1"
"Ardeola ralloides","Squacco Heron",0.0152856688946486,69163,"Q2","M1"
"Melanocorypha calandra","Calandra Lark",0.0150224938988686,69163,"Q2","M1"
"Tarsiger cyanurus","Red-flanked Bluetail",0.0138804111629725,69163,"Q2","M1"
"Oenanthe melanoleuca","Eastern Black-eared Wheatear",0.0129558416083455,69163,"Q2","M1"
"Aegypius monachus","Black Vulture",0.0120860580354929,69163,"Q2","M1"
"Anser indicus","Bar-headed Goose",0.0118593219667673,69163,"Q2","M1"
"Aquila heliaca","Imperial Eagle",0.0113203339278698,69163,"Q2","M1"
"Plegadis falcinellus","Glossy Ibis",0.0111904088407755,69163,"Q2","M1"
"Calandrella brachydactyla","Greater Short-toed Lark",0.0109794996678829,69163,"Q2","M1"
"Larus michahellis","Yellow-legged Gull",0.010753327049315,69163,"Q2","M1"
"Tetrax tetrax","Little Bustard",0.0102663058787584,69163,"Q2","M1"
"Corvus cornix","Hooded Crow",0.998702347278595,69164,"Q2","M2"
"Parus major","Great Tit",0.9958855509758,69164,"Q2","M2"
"Motacilla alba","Pied Wagtail/White Wagtail",0.982421278953552,69164,"Q2","M2"
"Anas platyrhynchos","Mallard",0.980990588665009,69164,"Q2","M2"
"Chroicocephalus ridibundus","Black-headed Gull",0.975402891635895,69164,"Q2","M2"
"Fringilla coelebs","Common Chaffinch",0.964778244495392,69164,"Q2","M2"
"Hirundo rustica","Barn Swallow",0.962115287780762,69164,"Q2","M2"
"Sturnus vulgaris","Common Starling",0.958270967006683,69164,"Q2","M2"
"Cyanistes caeruleus","Eurasian Blue Tit",0.956987380981445,69164,"Q2","M2"
"Larus argentatus","Herring Gull",0.955529034137726,69164,"Q2","M2"
"Apus apus","Common Swift",0.954875767230988,69164,"Q2","M2"
"Erithacus rubecula","European Robin",0.953702867031097,69164,"Q2","M2"
"Turdus merula","Eurasian Blackbird",0.943446695804596,69164,"Q2","M2"
"Columba palumbus","Common Woodpigeon",0.943251550197601,69164,"Q2","M2"
"Corvus monedula","Eurasian Jackdaw",0.925860464572906,69164,"Q2","M2"
"Cygnus olor","Mute Swan",0.922885298728943,69164,"Q2","M2"
"Turdus pilaris","Fieldfare",0.916154146194458,69164,"Q2","M2"
"Passer montanus","Eurasian Tree Sparrow",0.898939669132233,69164,"Q2","M2"
"Bucephala clangula","Common Goldeneye",0.897327363491058,69164,"Q2","M2"
"Garrulus glandarius","Eurasian Jay",0.896399796009064,69164,"Q2","M2"
"Ardea cinerea","Grey Heron",0.885051488876343,69164,"Q2","M2"
"Pica pica","Common Magpie",0.883462071418762,69164,"Q2","M2"
"Phylloscopus collybita","Common Chiffchaff",0.882741510868073,69164,"Q2","M2"
"Corvus corax","Common Raven",0.87717592716217,69164,"Q2","M2"
"Larus canus","Common Gull",0.8749098777771,69164,"Q2","M2"
"Troglodytes troglodytes","Eurasian Wren",0.870903253555298,69164,"Q2","M2"
"Alauda arvensis","Eurasian Skylark",0.865643084049225,69164,"Q2","M2"
"Emberiza citrinella","Yellowhammer",0.86479902267456,69164,"Q2","M2"
"Vanellus vanellus","Northern Lapwing",0.864372551441193,69164,"Q2","M2"
"Phylloscopus trochilus","Willow Warbler",0.858635425567627,69164,"Q2","M2"
"Phalacrocorax carbo","Great Cormorant",0.856123328208923,69164,"Q2","M2"
"Sterna hirundo","Common Tern",0.84361320734024,69164,"Q2","M2"
"Mergus merganser","Goosander",0.84062933921814,69164,"Q2","M2"
"Delichon urbicum","Western House Martin",0.839796483516693,69164,"Q2","M2"
"Curruca communis","Common Whitethroat",0.833964824676514,69164,"Q2","M2"
"Turdus philomelos","Song Thrush",0.832259058952332,69164,"Q2","M2"
"Regulus regulus","Goldcrest",0.828825116157532,69164,"Q2","M2"
"Dendrocopos major","Great Spotted Woodpecker",0.828737914562225,69164,"Q2","M2"
"Sylvia atricapilla","Eurasian Blackcap",0.826337456703186,69164,"Q2","M2"
"Chloris chloris","European Greenfinch",0.823779881000519,69164,"Q2","M2"
"Columba livia","Rock Dove",0.821183979511261,69164,"Q2","M2"
"Anthus pratensis","Meadow Pipit",0.819186568260193,69164,"Q2","M2"
"Carduelis carduelis","European Goldfinch",0.810590386390686,69164,"Q2","M2"
"Pyrrhula pyrrhula","Eurasian Bullfinch",0.805182218551636,69164,"Q2","M2"
"Buteo buteo","Common Buzzard",0.804282307624817,69164,"Q2","M2"
"Podiceps cristatus","Great Crested Grebe",0.800881743431091,69164,"Q2","M2"
"Cygnus cygnus","Whooper Swan",0.799395740032196,69164,"Q2","M2"
"Fulica atra","Eurasian Coot",0.792233645915985,69164,"Q2","M2"
"Larus marinus","Great Black-backed Gull",0.789375841617584,69164,"Q2","M2"
"Spinus spinus","Eurasian Siskin",0.782409071922302,69164,"Q2","M2"
"Certhia familiaris","Eurasian Treecreeper",0.782008767127991,69164,"Q2","M2"
"Corvus frugilegus","Rook",0.77299952507019,69164,"Q2","M2"
"Cuculus canorus","Common Cuckoo",0.769965827465057,69164,"Q2","M2"
"Passer domesticus","House Sparrow",0.768225908279419,69164,"Q2","M2"
"Linaria cannabina","Common Linnet",0.766930997371674,69164,"Q2","M2"
"Grus grus","Common Crane",0.757267832756042,69164,"Q2","M2"
"Emberiza schoeniclus","Common Reed Bunting",0.75639533996582,69164,"Q2","M2"
"Sitta europaea","Eurasian Nuthatch",0.755544006824493,69164,"Q2","M2"
"Accipiter nisus","Eurasian Sparrowhawk",0.75467312335968,69164,"Q2","M2"
"Mareca penelope","Eurasian Wigeon",0.750760078430176,69164,"Q2","M2"
"Bombycilla garrulus","Bohemian Waxwing",0.747033059597015,69164,"Q2","M2"
"Fringilla montifringilla","Brambling",0.732226133346558,69164,"Q2","M2"
"Ficedula hypoleuca","European Pied Flycatcher",0.731221318244934,69164,"Q2","M2"
"Aythya fuligula","Tufted Duck",0.729791879653931,69164,"Q2","M2"
"Lophophanes cristatus","Crested Tit",0.722428143024445,69164,"Q2","M2"
"Gallinago gallinago","Common Snipe",0.716332614421844,69164,"Q2","M2"
"Luscinia luscinia","Thrush Nightingale",0.715136647224426,69164,"Q2","M2"
"Saxicola rubetra","Whinchat",0.712210536003113,69164,"Q2","M2"
"Ardea alba","Great White Egret",0.708630681037903,69164,"Q2","M2"
"Anas crecca","Eurasian/Green-winged Teal",0.704204440116882,69164,"Q2","M2"
"Phylloscopus sibilatrix","Wood Warbler",0.703786492347717,69164,"Q2","M2"
"Calidris alpina","Dunlin",0.702534675598145,69164,"Q2","M2"
"Haliaeetus albicilla","White-tailed Eagle",0.700554251670837,69164,"Q2","M2"
"Muscicapa striata","Spotted Flycatcher",0.700334072113037,69164,"Q2","M2"
"Acrocephalus schoenobaenus","Sedge Warbler",0.69994044303894,69164,"Q2","M2"
"Circus aeruginosus","Western Marsh Harrier",0.69953727722168,69164,"Q2","M2"
"Coccothraustes coccothraustes","Hawfinch",0.699372470378876,69164,"Q2","M2"
"Turdus iliacus","Redwing",0.698369741439819,69164,"Q2","M2"
"Anthus trivialis","Tree Pipit",0.697470247745514,69164,"Q2","M2"
"Haematopus ostralegus","Eurasian Oystercatcher",0.69470876455307,69164,"Q2","M2"
"Periparus ater","Coal Tit",0.68938148021698,69164,"Q2","M2"
"Ciconia ciconia","White Stork",0.687297224998474,69164,"Q2","M2"
"Poecile palustris","Marsh Tit",0.686992883682251,69164,"Q2","M2"
"Actitis hypoleucos","Common Sandpiper",0.685836493968964,69164,"Q2","M2"
"Phoenicurus ochruros","Black Redstart",0.683862388134003,69164,"Q2","M2"
"Anser albifrons","Greater White-fronted Goose",0.682824492454529,69164,"Q2","M2"
"Curruca curruca","Lesser Whitethroat",0.682012915611267,69164,"Q2","M2"
"Lanius collurio","Red-backed Shrike",0.680088758468628,69164,"Q2","M2"
"Larus fuscus","Lesser Black-backed Gull",0.677474975585938,69164,"Q2","M2"
"Motacilla flava","Western Yellow Wagtail",0.676925361156464,69164,"Q2","M2"
"Aegithalos caudatus","Long-tailed Tit",0.67313539981842,69164,"Q2","M2"
"Circus cyaneus","Hen Harrier",0.671899080276489,69164,"Q2","M2"
"Melanitta fusca","Velvet Scoter",0.67041802406311,69164,"Q2","M2"
"Dryocopus martius","Black Woodpecker",0.66942948102951,69164,"Q2","M2"
"Sylvia borin","Garden Warbler",0.668120265007019,69164,"Q2","M2"
"Phoenicurus phoenicurus","Common Redstart",0.666154384613037,69164,"Q2","M2"
"Branta leucopsis","Barnacle Goose",0.666004061698914,69164,"Q2","M2"
"Oenanthe oenanthe","Northern Wheatear",0.660296082496643,69164,"Q2","M2"
"Tringa totanus","Common Redshank",0.659896969795227,69164,"Q2","M2"
"Carpodacus erythrinus","Common Rosefinch",0.657126486301422,69164,"Q2","M2"
"Dryobates minor","Lesser Spotted Woodpecker",0.656038880348206,69164,"Q2","M2"
"Clangula hyemalis","Long-tailed Duck",0.654980719089508,69164,"Q2","M2"
"Tadorna tadorna","Common Shelduck",0.649430155754089,69164,"Q2","M2"
"Mergellus albellus","Smew",0.647550702095032,69164,"Q2","M2"
"Lanius excubitor","Great Grey Shrike",0.647179245948792,69164,"Q2","M2"
"Charadrius hiaticula","Common Ringed Plover",0.64433479309082,69164,"Q2","M2"
"Loxia curvirostra","Common Crossbill",0.643430590629578,69164,"Q2","M2"
"Dendrocoptes medius","Middle Spotted Woodpecker",0.643268585205078,69164,"Q2","M2"
"Poecile montanus","Willow Tit",0.643043994903564,69164,"Q2","M2"
"Accipiter gentilis","Eurasian Goshawk",0.641123592853546,69164,"Q2","M2"
"Prunella modularis","Dunnock",0.640211462974548,69164,"Q2","M2"
"Lullula arborea","Woodlark",0.639840960502625,69164,"Q2","M2"
"Tringa nebularia","Common Greenshank",0.638002216815948,69164,"Q2","M2"
"Turdus viscivorus","Mistle Thrush",0.635273456573486,69164,"Q2","M2"
"Mareca strepera","Gadwall",0.632027983665466,69164,"Q2","M2"
"Acrocephalus arundinaceus","Great Reed Warbler",0.628560245037079,69164,"Q2","M2"
"Aythya marila","Greater Scaup",0.627385139465332,69164,"Q2","M2"
"Hydrocoloeus minutus","Little Gull",0.62454628944397,69164,"Q2","M2"
"Spatula clypeata","Northern Shoveler",0.621428966522217,69164,"Q2","M2"
"Hippolais icterina","Icterine Warbler",0.61464136838913,69164,"Q2","M2"
"Cygnus columbianus","Bewick's Swan",0.607488930225372,69164,"Q2","M2"
"Alcedo atthis","Common Kingfisher",0.605617940425873,69164,"Q2","M2"
"Panurus biarmicus","Bearded Tit",0.604945361614227,69164,"Q2","M2"
"Melanitta nigra","Common Scoter",0.603071510791779,69164,"Q2","M2"
"Acrocephalus scirpaceus","Common Reed Warbler",0.60054886341095,69164,"Q2","M2"
"Gallinula chloropus","Common Moorhen",0.60038685798645,69164,"Q2","M2"
"Calidris pugnax","Ruff",0.600330829620361,69164,"Q2","M2"
"Tringa glareola","Wood Sandpiper",0.599112272262573,69164,"Q2","M2"
"Riparia riparia","Sand Martin",0.596664190292358,69164,"Q2","M2"
"Mergus serrator","Red-breasted Merganser",0.594915568828583,69164,"Q2","M2"
"Acrocephalus palustris","Marsh Warbler",0.593516111373901,69164,"Q2","M2"
"Tringa ochropus","Green Sandpiper",0.588501453399658,69164,"Q2","M2"
"Chlidonias niger","Black Tern",0.587903738021851,69164,"Q2","M2"
"Rallus aquaticus","Water Rail",0.586400747299194,69164,"Q2","M2"
"Pluvialis apricaria","European Golden Plover",0.586167931556702,69164,"Q2","M2"
"Botaurus stellaris","Great Bittern",0.584818363189697,69164,"Q2","M2"
"Aythya ferina","Common Pochard",0.583611845970154,69164,"Q2","M2"
"Anas acuta","Northern Pintail",0.583429455757141,69164,"Q2","M2"
"Acanthis flammea","Common Redpoll",0.583341121673584,69164,"Q2","M2"
"Buteo lagopus","Rough-legged Buzzard",0.581317842006683,69164,"Q2","M2"
"Numenius arquata","Eurasian Curlew",0.58128833770752,69164,"Q2","M2"
"Columba oenas","Stock Dove",0.579909682273865,69164,"Q2","M2"
"Nucifraga caryocatactes","Spotted Nutcracker",0.579383611679077,69164,"Q2","M2"
"Oriolus oriolus","Eurasian Golden Oriole",0.578163743019104,69164,"Q2","M2"
"Anser anser","Greylag Goose",0.575104832649231,69164,"Q2","M2"
"Perdix perdix","Grey Partridge",0.574814200401306,69164,"Q2","M2"
"Branta bernicla","Brent Goose",0.565104246139526,69164,"Q2","M2"
"Tachybaptus ruficollis","Little Grebe",0.563265442848206,69164,"Q2","M2"
"Asio otus","Long-eared Owl",0.55993378162384,69164,"Q2","M2"
"Podiceps grisegena","Red-necked Grebe",0.557494759559631,69164,"Q2","M2"
"Remiz pendulinus","Eurasian Penduline Tit",0.554495930671692,69164,"Q2","M2"
"Gavia stellata","Red-throated Diver",0.551306366920471,69164,"Q2","M2"
"Aegolius funereus","Tengmalm's Owl",0.550761163234711,69164,"Q2","M2"
"Scolopax rusticola","Eurasian Woodcock",0.550329208374023,69164,"Q2","M2"
"Spatula querquedula","Garganey",0.549322307109833,69164,"Q2","M2"
"Falco columbarius","Merlin",0.545485019683838,69164,"Q2","M2"
"Gavia arctica","Black-throated Diver",0.545050501823425,69164,"Q2","M2"
"Glaucidium passerinum","Eurasian Pygmy-Owl",0.544092774391174,69164,"Q2","M2"
"Plectrophenax nivalis","Snow Bunting",0.543772101402283,69164,"Q2","M2"
"Falco tinnunculus","Common Kestrel",0.539940178394318,69164,"Q2","M2"
"Falco subbuteo","Eurasian Hobby",0.53941023349762,69164,"Q2","M2"
"Pandion haliaetus","Osprey",0.539137303829193,69164,"Q2","M2"
"Pluvialis squatarola","Grey Plover",0.538228094577789,69164,"Q2","M2"
"Picus canus","Grey-headed Woodpecker",0.534536302089691,69164,"Q2","M2"
"Ficedula parva","Red-breasted Flycatcher",0.530133962631226,69164,"Q2","M2"
"Strix aluco","Tawny Owl",0.527700901031494,69164,"Q2","M2"
"Calcarius lapponicus","Lapland Bunting",0.521985650062561,69164,"Q2","M2"
"Lyrurus tetrix","Black Grouse",0.52116447687149,69164,"Q2","M2"
"Anser serrirostris","Tundra Bean Goose",0.520285844802856,69164,"Q2","M2"
"Curruca nisoria","Barred Warbler",0.511766791343689,69164,"Q2","M2"
"Lymnocryptes minimus","Jack Snipe",0.510496020317078,69164,"Q2","M2"
"Pernis apivorus","European Honey-buzzard",0.510219097137451,69164,"Q2","M2"
"Anser fabalis","Taiga Bean Goose",0.509712874889374,69164,"Q2","M2"
"Somateria mollissima","Common Eider",0.50936371088028,69164,"Q2","M2"
"Tetrastes bonasia","Hazel Grouse",0.508510053157806,69164,"Q2","M2"
"Eremophila alpestris","Shore Lark",0.508455276489258,69164,"Q2","M2"
"Picoides tridactylus","Eurasian Three-toed Woodpecker",0.502780079841614,69164,"Q2","M2"
"Asio flammeus","Short-eared Owl",0.498512178659439,69164,"Q2","M2"
"Loxia pytyopsittacus","Parrot Crossbill",0.496936321258545,69164,"Q2","M2"
"Jynx torquilla","Eurasian Wryneck",0.494627892971039,69164,"Q2","M2"
"Tringa erythropus","Spotted Redshank",0.489796549081802,69164,"Q2","M2"
"Locustella luscinioides","Savi's Warbler",0.489715069532394,69164,"Q2","M2"
"Upupa epops","Eurasian Hoopoe",0.487646520137787,69164,"Q2","M2"
"Anthus petrosus","Rock Pipit",0.48736909031868,69164,"Q2","M2"
"Strix uralensis","Ural Owl",0.485702246427536,69164,"Q2","M2"
"Falco peregrinus","Peregrine Falcon",0.485143035650253,69164,"Q2","M2"
"Limosa limosa","Black-tailed Godwit",0.48450779914856,69164,"Q2","M2"
"Dendrocopos leucotos","White-backed Woodpecker",0.481499969959259,69164,"Q2","M2"
"Alca torda","Razorbill",0.481208056211472,69164,"Q2","M2"
"Crex crex","Corncrake",0.479161202907562,69164,"Q2","M2"
"Linaria flavirostris","Twite",0.478961944580078,69164,"Q2","M2"
"Bubo bubo","Eurasian Eagle Owl",0.478701084852219,69164,"Q2","M2"
"Charadrius dubius","Little Ringed Plover",0.470761954784393,69164,"Q2","M2"
"Calidris alba","Sanderling",0.47074830532074,69164,"Q2","M2"
"Calidris minuta","Little Stint",0.469358593225479,69164,"Q2","M2"
"Clanga pomarina","Lesser Spotted Eagle",0.467027723789215,69164,"Q2","M2"
"Podiceps auritus","Slavonian Grebe",0.465349078178406,69164,"Q2","M2"
"Calidris ferruginea","Curlew Sandpiper",0.465245991945267,69164,"Q2","M2"
"Streptopelia decaocto","Collared Dove",0.464606821537018,69164,"Q2","M2"
"Circus pygargus","Montagu's Harrier",0.462494611740112,69164,"Q2","M2"
"Tetrao urogallus","Western Capercaillie",0.457273334264755,69164,"Q2","M2"
"Galerida cristata","Crested Lark",0.455753177404404,69164,"Q2","M2"
"Pinicola enucleator","Pine Grosbeak",0.45484533905983,69164,"Q2","M2"
"Chlidonias leucopterus","White-winged Black Tern",0.4461370408535,69164,"Q2","M2"
"Hydroprogne caspia","Caspian Tern",0.444298177957535,69164,"Q2","M2"
"Sternula albifrons","Little Tern",0.439800530672073,69164,"Q2","M2"
"Picus viridis","Eurasian Green Woodpecker",0.433413475751877,69164,"Q2","M2"
"Phalaropus lobatus","Red-necked Phalarope",0.431908905506134,69164,"Q2","M2"
"Larus cachinnans","Caspian Gull",0.425174236297607,69164,"Q2","M2"
"Zapornia parva","Little Crake",0.424758970737457,69164,"Q2","M2"
"Ciconia nigra","Black Stork",0.422755032777786,69164,"Q2","M2"
"Podiceps nigricollis","Black-necked Grebe",0.421501129865646,69164,"Q2","M2"
"Anthus campestris","Tawny Pipit",0.416620701551437,69164,"Q2","M2"
"Serinus serinus","European Serin",0.415908545255661,69164,"Q2","M2"
"Calidris temminckii","Temminck's Stint",0.409319758415222,69164,"Q2","M2"
"Sterna paradisaea","Arctic Tern",0.407393276691437,69164,"Q2","M2"
"Caprimulgus europaeus","Eurasian Nightjar",0.406233698129654,69164,"Q2","M2"
"Phylloscopus trochiloides","Greenish Warbler",0.40214666724205,69164,"Q2","M2"
"Locustella naevia","Common Grasshopper Warbler",0.398253291845322,69164,"Q2","M2"
"Locustella fluviatilis","River Warbler",0.397745966911316,69164,"Q2","M2"
"Anthus cervinus","Red-throated Pipit",0.392442792654037,69164,"Q2","M2"
"Strix nebulosa","Great Grey Owl",0.389457523822784,69164,"Q2","M2"
"Gallinago media","Great Snipe",0.389269351959229,69164,"Q2","M2"
"Larus hyperboreus","Glaucous Gull",0.389055222272873,69164,"Q2","M2"
"Acrocephalus dumetorum","Blyth's Reed Warbler",0.379557549953461,69164,"Q2","M2"
"Calidris canutus","Red Knot",0.374468058347702,69164,"Q2","M2"
"Porzana porzana","Spotted Crake",0.37251740694046,69164,"Q2","M2"
"Milvus migrans","Black Kite",0.372253119945526,69164,"Q2","M2"
"Regulus ignicapilla","Common Firecrest",0.368738442659378,69164,"Q2","M2"
"Calidris falcinellus","Broad-billed Sandpiper",0.363701105117798,69164,"Q2","M2"
"Luscinia svecica","Bluethroat",0.363557010889053,69164,"Q2","M2"
"Chlidonias hybrida","Whiskered Tern",0.363513141870499,69164,"Q2","M2"
"Limosa lapponica","Bar-tailed Godwit",0.357710361480713,69164,"Q2","M2"
"Stercorarius parasiticus","Arctic Skua",0.354591846466064,69164,"Q2","M2"
"Emberiza calandra","Corn Bunting",0.353378921747208,69164,"Q2","M2"
"Coturnix coturnix","Common Quail",0.352434635162354,69164,"Q2","M2"
"Streptopelia turtur","European Turtle Dove",0.351696908473969,69164,"Q2","M2"
"Thalasseus sandvicensis","Sandwich Tern",0.350160747766495,69164,"Q2","M2"
"Falco vespertinus","Red-footed Falcon",0.345630973577499,69164,"Q2","M2"
"Loxia leucoptera","Two-barred Crossbill",0.341523498296738,69164,"Q2","M2"
"Arenaria interpres","Ruddy Turnstone",0.339635163545609,69164,"Q2","M2"
"Cinclus cinclus","White-throated Dipper",0.337227255105972,69164,"Q2","M2"
"Branta canadensis","Canada Goose",0.331222027540207,69164,"Q2","M2"
"Milvus milvus","Red Kite",0.328156679868698,69164,"Q2","M2"
"Emberiza hortulana","Ortolan Bunting",0.32528367638588,69164,"Q2","M2"
"Phasianus colchicus","Common Pheasant",0.322973042726517,69164,"Q2","M2"
"Stercorarius longicaudus","Long-tailed Skua",0.318847924470901,69164,"Q2","M2"
"Motacilla cinerea","Grey Wagtail",0.318674325942993,69164,"Q2","M2"
"Surnia ulula","Northern Hawk Owl",0.313225775957108,69164,"Q2","M2"
"Ichthyaetus melanocephalus","Mediterranean Gull",0.310537189245224,69164,"Q2","M2"
"Acrocephalus paludicola","Aquatic Warbler",0.310270041227341,69164,"Q2","M2"
"Acanthis hornemanni","Arctic Redpoll",0.289985001087189,69164,"Q2","M2"
"Tringa stagnatilis","Marsh Sandpiper",0.272408545017242,69164,"Q2","M2"
"Stercorarius pomarinus","Pomarine Skua",0.267201542854309,69164,"Q2","M2"
"Coracias garrulus","European Roller",0.266039043664932,69164,"Q2","M2"
"Uria aalge","Common Guillemot",0.26377335190773,69164,"Q2","M2"
"Recurvirostra avosetta","Pied Avocet",0.262356996536255,69164,"Q2","M2"
"Motacilla citreola","Citrine Wagtail",0.252588152885437,69164,"Q2","M2"
"Athene noctua","Little Owl",0.248709067702293,69164,"Q2","M2"
"Lagopus muta","Rock Ptarmigan",0.246365532279015,69164,"Q2","M2"
"Saxicola rubicola","European Stonechat",0.241995885968208,69164,"Q2","M2"
"Lagopus lagopus","Red Grouse/Willow Grouse",0.239868476986885,69164,"Q2","M2"
"Ixobrychus minutus","Little Bittern",0.232197493314743,69164,"Q2","M2"
"Numenius phaeopus","Whimbrel",0.231077894568443,69164,"Q2","M2"
"Calidris maritima","Purple Sandpiper",0.226811230182648,69164,"Q2","M2"
"Phylloscopus inornatus","Yellow-browed Warbler",0.219819709658623,69164,"Q2","M2"
"Aquila chrysaetos","Golden Eagle",0.211779907345772,69164,"Q2","M2"
"Merops apiaster","European Bee-eater",0.202590957283974,69164,"Q2","M2"
"Cepphus grylle","Black Guillemot",0.182368636131287,69164,"Q2","M2"
"Netta rufina","Red-crested Pochard",0.174978375434875,69164,"Q2","M2"
"Ficedula albicollis","Collared Flycatcher",0.17001461982727,69164,"Q2","M2"
"Bubo scandiacus","Snowy Owl",0.167222172021866,69164,"Q2","M2"
"Certhia brachydactyla","Short-toed Treecreeper",0.16109012067318,69164,"Q2","M2"
"Clanga clanga","Greater Spotted Eagle",0.150668695569038,69164,"Q2","M2"
"Nycticorax nycticorax","Black-crowned Night Heron",0.136020287871361,69164,"Q2","M2"
"Stercorarius skua","Great Skua",0.134555608034134,69164,"Q2","M2"
"Aythya nyroca","Ferruginous Duck",0.133923277258873,69164,"Q2","M2"
"Tyto alba","Barn Owl",0.131221860647202,69164,"Q2","M2"
"Circaetus gallicus","Short-toed Eagle",0.125727444887161,69164,"Q2","M2"
"Charadrius morinellus","Eurasian Dotterel",0.119718328118324,69164,"Q2","M2"
"Gavia immer","Great Northern Diver",0.115479804575443,69164,"Q2","M2"
"Luscinia megarhynchos","Common Nightingale",0.110636904835701,69164,"Q2","M2"
"Anser brachyrhynchus","Pink-footed Goose",0.109837390482426,69164,"Q2","M2"
"Phalaropus fulicarius","Grey Phalarope",0.108820587396622,69164,"Q2","M2"
"Tadorna ferruginea","Ruddy Shelduck",0.106572829186916,69164,"Q2","M2"
"Turdus torquatus","Ring Ouzel",0.103486999869347,69164,"Q2","M2"
"Falco rusticolus","Gyr Falcon",0.101735770702362,69164,"Q2","M2"
"Perisoreus infaustus","Siberian Jay",0.101349994540215,69164,"Q2","M2"
"Phylloscopus proregulus","Pallas's Warbler",0.0981303155422211,69164,"Q2","M2"
"Iduna caligata","Booted Warbler",0.0978450104594231,69164,"Q2","M2"
"Hieraaetus pennatus","Booted Eagle",0.0827724859118462,69164,"Q2","M2"
"Egretta garzetta","Little Egret",0.079538457095623,69164,"Q2","M2"
"Cyanistes cyanus","Azure Tit",0.0776785165071487,69164,"Q2","M2"
"Emberiza rustica","Rustic Bunting",0.0769478157162666,69164,"Q2","M2"
"Anthus spinoletta","Water Pipit",0.0751638785004616,69164,"Q2","M2"
"Dendrocopos syriacus","Syrian Woodpecker",0.0742870345711708,69164,"Q2","M2"
"Gyps fulvus","Griffon Vulture",0.0710296854376793,69164,"Q2","M2"
"Anser erythropus","Lesser White-fronted Goose",0.0705151334404945,69164,"Q2","M2"
"Acanthis cabaret","Lesser Redpoll",0.0690611600875854,69164,"Q2","M2"
"Platalea leucorodia","Eurasian Spoonbill",0.0682149976491928,69164,"Q2","M2"
"Xenus cinereus","Terek Sandpiper",0.0674986988306046,69164,"Q2","M2"
"Fulmarus glacialis","Northern Fulmar",0.0628455728292465,69164,"Q2","M2"
"Lanius minor","Lesser Grey Shrike",0.0614797994494438,69164,"Q2","M2"
"Cercotrichas galactotes","Rufous-tailed Scrub Robin",0.059018574655056,69164,"Q2","M2"
"Fratercula arctica","Atlantic Puffin",0.0523555353283882,69164,"Q2","M2"
"Monticola saxatilis","Common Rock Thrush",0.0511021688580513,69164,"Q2","M2"
"Anthus richardi","Richard's Pipit",0.050966888666153,69164,"Q2","M2"
"Somateria spectabilis","King Eider",0.0508775301277637,69164,"Q2","M2"
"Himantopus himantopus","Black-winged Stilt",0.0497069247066975,69164,"Q2","M2"
"Rissa tridactyla","Black-legged Kittiwake",0.0496797375380993,69164,"Q2","M2"
"Bubulcus ibis","Western Cattle Egret",0.0482225604355335,69164,"Q2","M2"
"Circus macrourus","Pallid Harrier",0.0474667809903622,69164,"Q2","M2"
"Lanius senator","Woodchat Shrike",0.0474267490208149,69164,"Q2","M2"
"Gavia adamsii","White-billed Diver",0.0470975376665592,69164,"Q2","M2"
"Pyrrhocorax pyrrhocorax","Red-billed Chough",0.0469150617718697,69164,"Q2","M2"
"Poecile cinctus","Siberian Tit",0.0435623824596405,69164,"Q2","M2"
"Prunella collaris","Alpine Accentor",0.0399284921586514,69164,"Q2","M2"
"Uria lomvia","Brünnich's Guillemot",0.039319708943367,69164,"Q2","M2"
"Merops persicus","Blue-cheeked Bee-eater",0.0339951068162918,69164,"Q2","M2"
"Apus melba","Alpine Swift",0.0287827476859093,69164,"Q2","M2"
"Ardea purpurea","Purple Heron",0.0283695310354233,69164,"Q2","M2"
"Pyrrhocorax graculus","Alpine Chough",0.0281363911926746,69164,"Q2","M2"
"Emberiza pusilla","Little Bunting",0.0274902284145355,69164,"Q2","M2"
"Glareola pratincola","Collared Pratincole",0.0267004296183586,69164,"Q2","M2"
"Emberiza cia","Rock Bunting",0.0254846289753914,69164,"Q2","M2"
"Ptyonoprogne rupestris","Eurasian Crag Martin",0.0249250680208206,69164,"Q2","M2"
"Aix galericulata","Mandarin Duck",0.0234273225069046,69164,"Q2","M2"
"Iduna pallida","Eastern Olivaceous Warbler",0.0227455217391253,69164,"Q2","M2"
"Anser caerulescens","Snow Goose",0.022540582343936,69164,"Q2","M2"
"Charadrius alexandrinus","Kentish Plover",0.0198817308992147,69164,"Q2","M2"
"Falco naumanni","Lesser Kestrel",0.0196964163333178,69164,"Q2","M2"
"Lanius borealis","Northern Shrike",0.0196196939796209,69164,"Q2","M2"
"Cettia cetti","Cetti's Warbler",0.0192825701087713,69164,"Q2","M2"
"Pterocles orientalis","Black-bellied Sandgrouse",0.0187333840876818,69164,"Q2","M2"
"Otus scops","Eurasian Scops Owl",0.0183964371681213,69164,"Q2","M2"
"Passer hispaniolensis","Spanish Sparrow",0.0177659671753645,69164,"Q2","M2"
"Phoenicopterus roseus","Greater Flamingo",0.0171084124594927,69164,"Q2","M2"
"Burhinus oedicnemus","Stone-curlew",0.0168314948678017,69164,"Q2","M2"
"Ardeola ralloides","Squacco Heron",0.0151945482939482,69164,"Q2","M2"
"Melanocorypha calandra","Calandra Lark",0.01478311419487,69164,"Q2","M2"
"Tarsiger cyanurus","Red-flanked Bluetail",0.0134238908067346,69164,"Q2","M2"
"Oenanthe melanoleuca","Eastern Black-eared Wheatear",0.0128105552867055,69164,"Q2","M2"
"Anser indicus","Bar-headed Goose",0.0119234453886747,69164,"Q2","M2"
"Aegypius monachus","Black Vulture",0.0118478154763579,69164,"Q2","M2"
"Aquila heliaca","Imperial Eagle",0.0111620295792818,69164,"Q2","M2"
"Plegadis falcinellus","Glossy Ibis",0.011090449988842,69164,"Q2","M2"
"Calandrella brachydactyla","Greater Short-toed Lark",0.0108530903235078,69164,"Q2","M2"
"Larus michahellis","Yellow-legged Gull",0.0106770433485508,69164,"Q2","M2"
"Tetrax tetrax","Little Bustard",0.0101055968552828,69164,"Q2","M2"
"Corvus cornix","Hooded Crow",0.998703300952911,69165,"Q2","L"
"Parus major","Great Tit",0.995908081531525,69165,"Q2","L"
"Motacilla alba","Pied Wagtail/White Wagtail",0.982470333576202,69165,"Q2","L"
"Anas platyrhynchos","Mallard",0.981038987636566,69165,"Q2","L"
"Chroicocephalus ridibundus","Black-headed Gull",0.975457787513733,69165,"Q2","L"
"Fringilla coelebs","Common Chaffinch",0.96480917930603,69165,"Q2","L"
"Hirundo rustica","Barn Swallow",0.962180435657501,69165,"Q2","L"
"Sturnus vulgaris","Common Starling",0.958332657814026,69165,"Q2","L"
"Cyanistes caeruleus","Eurasian Blue Tit",0.957110404968262,69165,"Q2","L"
"Larus argentatus","Herring Gull",0.955536663532257,69165,"Q2","L"
"Apus apus","Common Swift",0.95520031452179,69165,"Q2","L"
"Erithacus rubecula","European Robin",0.953861474990845,69165,"Q2","L"
"Turdus merula","Eurasian Blackbird",0.943450510501862,69165,"Q2","L"
"Columba palumbus","Common Woodpigeon",0.943292915821075,69165,"Q2","L"
"Corvus monedula","Eurasian Jackdaw",0.926046788692474,69165,"Q2","L"
"Cygnus olor","Mute Swan",0.922848701477051,69165,"Q2","L"
"Turdus pilaris","Fieldfare",0.916119277477264,69165,"Q2","L"
"Passer montanus","Eurasian Tree Sparrow",0.899345815181732,69165,"Q2","L"
"Bucephala clangula","Common Goldeneye",0.897329986095428,69165,"Q2","L"
"Garrulus glandarius","Eurasian Jay",0.896638989448547,69165,"Q2","L"
"Ardea cinerea","Grey Heron",0.885094463825226,69165,"Q2","L"
"Pica pica","Common Magpie",0.883828938007355,69165,"Q2","L"
"Phylloscopus collybita","Common Chiffchaff",0.883171677589417,69165,"Q2","L"
"Corvus corax","Common Raven",0.877706468105316,69165,"Q2","L"
"Larus canus","Common Gull",0.874989092350006,69165,"Q2","L"
"Troglodytes troglodytes","Eurasian Wren",0.871287107467651,69165,"Q2","L"
"Alauda arvensis","Eurasian Skylark",0.865860641002655,69165,"Q2","L"
"Emberiza citrinella","Yellowhammer",0.86499834060669,69165,"Q2","L"
"Vanellus vanellus","Northern Lapwing",0.86438262462616,69165,"Q2","L"
"Phylloscopus trochilus","Willow Warbler",0.858963131904602,69165,"Q2","L"
"Phalacrocorax carbo","Great Cormorant",0.855968415737152,69165,"Q2","L"
"Sterna hirundo","Common Tern",0.844073116779327,69165,"Q2","L"
"Mergus merganser","Goosander",0.840583324432373,69165,"Q2","L"
"Delichon urbicum","Western House Martin",0.840375006198883,69165,"Q2","L"
"Curruca communis","Common Whitethroat",0.83447676897049,69165,"Q2","L"
"Turdus philomelos","Song Thrush",0.832621514797211,69165,"Q2","L"
"Regulus regulus","Goldcrest",0.829304993152618,69165,"Q2","L"
"Dendrocopos major","Great Spotted Woodpecker",0.829138159751892,69165,"Q2","L"
"Sylvia atricapilla","Eurasian Blackcap",0.826869487762451,69165,"Q2","L"
"Chloris chloris","European Greenfinch",0.824329376220703,69165,"Q2","L"
"Columba livia","Rock Dove",0.822062075138092,69165,"Q2","L"
"Anthus pratensis","Meadow Pipit",0.819441974163055,69165,"Q2","L"
"Carduelis carduelis","European Goldfinch",0.811133444309235,69165,"Q2","L"
"Pyrrhula pyrrhula","Eurasian Bullfinch",0.80577802658081,69165,"Q2","L"
"Buteo buteo","Common Buzzard",0.804767489433289,69165,"Q2","L"
"Podiceps cristatus","Great Crested Grebe",0.8014777302742,69165,"Q2","L"
"Cygnus cygnus","Whooper Swan",0.799515962600708,69165,"Q2","L"
"Fulica atra","Eurasian Coot",0.793125629425049,69165,"Q2","L"
"Larus marinus","Great Black-backed Gull",0.789510846138,69165,"Q2","L"
"Certhia familiaris","Eurasian Treecreeper",0.783043682575226,69165,"Q2","L"
"Spinus spinus","Eurasian Siskin",0.782673954963684,69165,"Q2","L"
"Corvus frugilegus","Rook",0.773686349391937,69165,"Q2","L"
"Cuculus canorus","Common Cuckoo",0.770687162876129,69165,"Q2","L"
"Passer domesticus","House Sparrow",0.76856118440628,69165,"Q2","L"
"Linaria cannabina","Common Linnet",0.76746255159378,69165,"Q2","L"
"Grus grus","Common Crane",0.757174253463745,69165,"Q2","L"
"Emberiza schoeniclus","Common Reed Bunting",0.756813406944275,69165,"Q2","L"
"Sitta europaea","Eurasian Nuthatch",0.756378769874573,69165,"Q2","L"
"Accipiter nisus","Eurasian Sparrowhawk",0.755306720733643,69165,"Q2","L"
"Mareca penelope","Eurasian Wigeon",0.751326143741608,69165,"Q2","L"
"Bombycilla garrulus","Bohemian Waxwing",0.747557580471039,69165,"Q2","L"
"Fringilla montifringilla","Brambling",0.732705533504486,69165,"Q2","L"
"Ficedula hypoleuca","European Pied Flycatcher",0.731950402259827,69165,"Q2","L"
"Aythya fuligula","Tufted Duck",0.730600714683533,69165,"Q2","L"
"Lophophanes cristatus","Crested Tit",0.723549425601959,69165,"Q2","L"
"Gallinago gallinago","Common Snipe",0.716949105262756,69165,"Q2","L"
"Luscinia luscinia","Thrush Nightingale",0.716271042823792,69165,"Q2","L"
"Saxicola rubetra","Whinchat",0.712996423244476,69165,"Q2","L"
"Ardea alba","Great White Egret",0.709631383419037,69165,"Q2","L"
"Phylloscopus sibilatrix","Wood Warbler",0.704780578613281,69165,"Q2","L"
"Anas crecca","Eurasian/Green-winged Teal",0.704650044441223,69165,"Q2","L"
"Calidris alpina","Dunlin",0.70291793346405,69165,"Q2","L"
"Muscicapa striata","Spotted Flycatcher",0.701220512390137,69165,"Q2","L"
"Acrocephalus schoenobaenus","Sedge Warbler",0.700753688812256,69165,"Q2","L"
"Haliaeetus albicilla","White-tailed Eagle",0.70063316822052,69165,"Q2","L"
"Coccothraustes coccothraustes","Hawfinch",0.700353801250458,69165,"Q2","L"
"Circus aeruginosus","Western Marsh Harrier",0.699955999851227,69165,"Q2","L"
"Turdus iliacus","Redwing",0.698683440685272,69165,"Q2","L"
"Anthus trivialis","Tree Pipit",0.698181211948395,69165,"Q2","L"
"Haematopus ostralegus","Eurasian Oystercatcher",0.695441842079163,69165,"Q2","L"
"Periparus ater","Coal Tit",0.690467953681946,69165,"Q2","L"
"Ciconia ciconia","White Stork",0.689138770103455,69165,"Q2","L"
"Poecile palustris","Marsh Tit",0.687935411930084,69165,"Q2","L"
"Actitis hypoleucos","Common Sandpiper",0.686391949653625,69165,"Q2","L"
"Phoenicurus ochruros","Black Redstart",0.684794306755066,69165,"Q2","L"
"Anser albifrons","Greater White-fronted Goose",0.68383651971817,69165,"Q2","L"
"Curruca curruca","Lesser Whitethroat",0.682417213916779,69165,"Q2","L"
"Lanius collurio","Red-backed Shrike",0.680811762809753,69165,"Q2","L"
"Larus fuscus","Lesser Black-backed Gull",0.678363561630249,69165,"Q2","L"
"Motacilla flava","Western Yellow Wagtail",0.67769068479538,69165,"Q2","L"
"Aegithalos caudatus","Long-tailed Tit",0.67436808347702,69165,"Q2","L"
"Circus cyaneus","Hen Harrier",0.672966778278351,69165,"Q2","L"
"Melanitta fusca","Velvet Scoter",0.671227335929871,69165,"Q2","L"
"Dryocopus martius","Black Woodpecker",0.670296669006348,69165,"Q2","L"
"Sylvia borin","Garden Warbler",0.669064342975616,69165,"Q2","L"
"Phoenicurus phoenicurus","Common Redstart",0.666944861412048,69165,"Q2","L"
"Branta leucopsis","Barnacle Goose",0.666190981864929,69165,"Q2","L"
"Oenanthe oenanthe","Northern Wheatear",0.660937428474426,69165,"Q2","L"
"Tringa totanus","Common Redshank",0.660469710826874,69165,"Q2","L"
"Carpodacus erythrinus","Common Rosefinch",0.658076763153076,69165,"Q2","L"
"Dryobates minor","Lesser Spotted Woodpecker",0.657071471214294,69165,"Q2","L"
"Clangula hyemalis","Long-tailed Duck",0.655357122421265,69165,"Q2","L"
"Tadorna tadorna","Common Shelduck",0.650196552276611,69165,"Q2","L"
"Mergellus albellus","Smew",0.648611545562744,69165,"Q2","L"
"Lanius excubitor","Great Grey Shrike",0.648167610168457,69165,"Q2","L"
"Dendrocoptes medius","Middle Spotted Woodpecker",0.645396709442139,69165,"Q2","L"
"Charadrius hiaticula","Common Ringed Plover",0.644867897033691,69165,"Q2","L"
"Poecile montanus","Willow Tit",0.644359827041626,69165,"Q2","L"
"Loxia curvirostra","Common Crossbill",0.644187569618225,69165,"Q2","L"
"Accipiter gentilis","Eurasian Goshawk",0.642043054103851,69165,"Q2","L"
"Lullula arborea","Woodlark",0.641079902648926,69165,"Q2","L"
"Prunella modularis","Dunnock",0.640832662582397,69165,"Q2","L"
"Tringa nebularia","Common Greenshank",0.638453125953674,69165,"Q2","L"
"Turdus viscivorus","Mistle Thrush",0.636145830154419,69165,"Q2","L"
"Mareca strepera","Gadwall",0.632869064807892,69165,"Q2","L"
"Acrocephalus arundinaceus","Great Reed Warbler",0.629464864730835,69165,"Q2","L"
"Aythya marila","Greater Scaup",0.628426313400269,69165,"Q2","L"
"Hydrocoloeus minutus","Little Gull",0.625163793563843,69165,"Q2","L"
"Spatula clypeata","Northern Shoveler",0.622428953647614,69165,"Q2","L"
"Hippolais icterina","Icterine Warbler",0.615318596363068,69165,"Q2","L"
"Cygnus columbianus","Bewick's Swan",0.608574390411377,69165,"Q2","L"
"Alcedo atthis","Common Kingfisher",0.606726288795471,69165,"Q2","L"
"Panurus biarmicus","Bearded Tit",0.606347560882568,69165,"Q2","L"
"Melanitta nigra","Common Scoter",0.603727698326111,69165,"Q2","L"
"Gallinula chloropus","Common Moorhen",0.601998090744019,69165,"Q2","L"
"Acrocephalus scirpaceus","Common Reed Warbler",0.601350665092468,69165,"Q2","L"
"Calidris pugnax","Ruff",0.600965321063995,69165,"Q2","L"
"Tringa glareola","Wood Sandpiper",0.599925756454468,69165,"Q2","L"
"Riparia riparia","Sand Martin",0.597753763198853,69165,"Q2","L"
"Mergus serrator","Red-breasted Merganser",0.595885396003723,69165,"Q2","L"
"Acrocephalus palustris","Marsh Warbler",0.594358682632446,69165,"Q2","L"
"Tringa ochropus","Green Sandpiper",0.58970296382904,69165,"Q2","L"
"Chlidonias niger","Black Tern",0.588700532913208,69165,"Q2","L"
"Rallus aquaticus","Water Rail",0.587493658065796,69165,"Q2","L"
"Pluvialis apricaria","European Golden Plover",0.586805403232574,69165,"Q2","L"
"Botaurus stellaris","Great Bittern",0.585795342922211,69165,"Q2","L"
"Aythya ferina","Common Pochard",0.584963858127594,69165,"Q2","L"
"Anas acuta","Northern Pintail",0.584594488143921,69165,"Q2","L"
"Acanthis flammea","Common Redpoll",0.584097623825073,69165,"Q2","L"
"Buteo lagopus","Rough-legged Buzzard",0.5822833776474,69165,"Q2","L"
"Numenius arquata","Eurasian Curlew",0.58157879114151,69165,"Q2","L"
"Columba oenas","Stock Dove",0.581020355224609,69165,"Q2","L"
"Nucifraga caryocatactes","Spotted Nutcracker",0.580766916275024,69165,"Q2","L"
"Oriolus oriolus","Eurasian Golden Oriole",0.579477548599243,69165,"Q2","L"
"Perdix perdix","Grey Partridge",0.576212167739868,69165,"Q2","L"
"Anser anser","Greylag Goose",0.57494854927063,69165,"Q2","L"
"Branta bernicla","Brent Goose",0.565784335136414,69165,"Q2","L"
"Tachybaptus ruficollis","Little Grebe",0.564386010169983,69165,"Q2","L"
"Asio otus","Long-eared Owl",0.561321377754211,69165,"Q2","L"
"Podiceps grisegena","Red-necked Grebe",0.558355569839478,69165,"Q2","L"
"Remiz pendulinus","Eurasian Penduline Tit",0.556029438972473,69165,"Q2","L"
"Gavia stellata","Red-throated Diver",0.552153825759888,69165,"Q2","L"
"Aegolius funereus","Tengmalm's Owl",0.551875412464142,69165,"Q2","L"
"Scolopax rusticola","Eurasian Woodcock",0.551407873630524,69165,"Q2","L"
"Spatula querquedula","Garganey",0.550406515598297,69165,"Q2","L"
"Falco columbarius","Merlin",0.546395123004913,69165,"Q2","L"
"Gavia arctica","Black-throated Diver",0.545907020568848,69165,"Q2","L"
"Glaucidium passerinum","Eurasian Pygmy-Owl",0.545241713523865,69165,"Q2","L"
"Plectrophenax nivalis","Snow Bunting",0.544771552085876,69165,"Q2","L"
"Falco subbuteo","Eurasian Hobby",0.540584683418274,69165,"Q2","L"
"Falco tinnunculus","Common Kestrel",0.540548861026764,69165,"Q2","L"
"Pandion haliaetus","Osprey",0.540115594863892,69165,"Q2","L"
"Pluvialis squatarola","Grey Plover",0.538860082626343,69165,"Q2","L"
"Picus canus","Grey-headed Woodpecker",0.536057114601135,69165,"Q2","L"
"Ficedula parva","Red-breasted Flycatcher",0.531604528427124,69165,"Q2","L"
"Strix aluco","Tawny Owl",0.52902090549469,69165,"Q2","L"
"Calcarius lapponicus","Lapland Bunting",0.523000955581665,69165,"Q2","L"
"Lyrurus tetrix","Black Grouse",0.522313117980957,69165,"Q2","L"
"Anser serrirostris","Tundra Bean Goose",0.521207571029663,69165,"Q2","L"
"Curruca nisoria","Barred Warbler",0.513269782066345,69165,"Q2","L"
"Pernis apivorus","European Honey-buzzard",0.511487483978271,69165,"Q2","L"
"Lymnocryptes minimus","Jack Snipe",0.511184632778168,69165,"Q2","L"
"Anser fabalis","Taiga Bean Goose",0.510437607765198,69165,"Q2","L"
"Somateria mollissima","Common Eider",0.510150909423828,69165,"Q2","L"
"Tetrastes bonasia","Hazel Grouse",0.510042548179626,69165,"Q2","L"
"Eremophila alpestris","Shore Lark",0.509631991386414,69165,"Q2","L"
"Picoides tridactylus","Eurasian Three-toed Woodpecker",0.503956973552704,69165,"Q2","L"
"Asio flammeus","Short-eared Owl",0.499618679285049,69165,"Q2","L"
"Loxia pytyopsittacus","Parrot Crossbill",0.497397601604462,69165,"Q2","L"
"Jynx torquilla","Eurasian Wryneck",0.495986431837082,69165,"Q2","L"
"Locustella luscinioides","Savi's Warbler",0.49125662446022,69165,"Q2","L"
"Tringa erythropus","Spotted Redshank",0.490668267011642,69165,"Q2","L"
"Upupa epops","Eurasian Hoopoe",0.489771097898483,69165,"Q2","L"
"Strix uralensis","Ural Owl",0.487141788005829,69165,"Q2","L"
"Anthus petrosus","Rock Pipit",0.48677784204483,69165,"Q2","L"
"Falco peregrinus","Peregrine Falcon",0.486059457063675,69165,"Q2","L"
"Limosa limosa","Black-tailed Godwit",0.485751122236252,69165,"Q2","L"
"Dendrocopos leucotos","White-backed Woodpecker",0.483639717102051,69165,"Q2","L"
"Alca torda","Razorbill",0.481431424617767,69165,"Q2","L"
"Crex crex","Corncrake",0.480334848165512,69165,"Q2","L"
"Bubo bubo","Eurasian Eagle Owl",0.480330854654312,69165,"Q2","L"
"Linaria flavirostris","Twite",0.479126393795013,69165,"Q2","L"
"Charadrius dubius","Little Ringed Plover",0.471905469894409,69165,"Q2","L"
"Calidris alba","Sanderling",0.471290081739426,69165,"Q2","L"
"Calidris minuta","Little Stint",0.470258742570877,69165,"Q2","L"
"Clanga pomarina","Lesser Spotted Eagle",0.46983215212822,69165,"Q2","L"
"Podiceps auritus","Slavonian Grebe",0.466513276100159,69165,"Q2","L"
"Calidris ferruginea","Curlew Sandpiper",0.466167867183685,69165,"Q2","L"
"Streptopelia decaocto","Collared Dove",0.465009063482285,69165,"Q2","L"
"Circus pygargus","Montagu's Harrier",0.463962882757187,69165,"Q2","L"
"Tetrao urogallus","Western Capercaillie",0.458446264266968,69165,"Q2","L"
"Galerida cristata","Crested Lark",0.458398997783661,69165,"Q2","L"
"Pinicola enucleator","Pine Grosbeak",0.455605000257492,69165,"Q2","L"
"Chlidonias leucopterus","White-winged Black Tern",0.44828861951828,69165,"Q2","L"
"Hydroprogne caspia","Caspian Tern",0.444310128688812,69165,"Q2","L"
"Sternula albifrons","Little Tern",0.440969467163086,69165,"Q2","L"
"Picus viridis","Eurasian Green Woodpecker",0.434235662221909,69165,"Q2","L"
"Phalaropus lobatus","Red-necked Phalarope",0.432626843452454,69165,"Q2","L"
"Zapornia parva","Little Crake",0.427346855401993,69165,"Q2","L"
"Larus cachinnans","Caspian Gull",0.426308840513229,69165,"Q2","L"
"Ciconia nigra","Black Stork",0.42486909031868,69165,"Q2","L"
"Podiceps nigricollis","Black-necked Grebe",0.423668026924133,69165,"Q2","L"
"Anthus campestris","Tawny Pipit",0.418960928916931,69165,"Q2","L"
"Serinus serinus","European Serin",0.417902678251266,69165,"Q2","L"
"Calidris temminckii","Temminck's Stint",0.41033348441124,69165,"Q2","L"
"Sterna paradisaea","Arctic Tern",0.407406955957413,69165,"Q2","L"
"Caprimulgus europaeus","Eurasian Nightjar",0.407320767641068,69165,"Q2","L"
"Phylloscopus trochiloides","Greenish Warbler",0.40397772192955,69165,"Q2","L"
"Locustella naevia","Common Grasshopper Warbler",0.39923706650734,69165,"Q2","L"
"Locustella fluviatilis","River Warbler",0.398656666278839,69165,"Q2","L"
"Anthus cervinus","Red-throated Pipit",0.39355593919754,69165,"Q2","L"
"Gallinago media","Great Snipe",0.390484720468521,69165,"Q2","L"
"Strix nebulosa","Great Grey Owl",0.39039471745491,69165,"Q2","L"
"Larus hyperboreus","Glaucous Gull",0.390069425106049,69165,"Q2","L"
"Acrocephalus dumetorum","Blyth's Reed Warbler",0.381776362657547,69165,"Q2","L"
"Calidris canutus","Red Knot",0.374710261821747,69165,"Q2","L"
"Milvus migrans","Black Kite",0.374209195375443,69165,"Q2","L"
"Porzana porzana","Spotted Crake",0.373586148023605,69165,"Q2","L"
"Regulus ignicapilla","Common Firecrest",0.37069496512413,69165,"Q2","L"
"Chlidonias hybrida","Whiskered Tern",0.365849673748016,69165,"Q2","L"
"Calidris falcinellus","Broad-billed Sandpiper",0.364872425794601,69165,"Q2","L"
"Luscinia svecica","Bluethroat",0.36484694480896,69165,"Q2","L"
"Limosa lapponica","Bar-tailed Godwit",0.358566969633102,69165,"Q2","L"
"Emberiza calandra","Corn Bunting",0.355397880077362,69165,"Q2","L"
"Stercorarius parasiticus","Arctic Skua",0.355356603860855,69165,"Q2","L"
"Streptopelia turtur","European Turtle Dove",0.353444129228592,69165,"Q2","L"
"Coturnix coturnix","Common Quail",0.353427171707153,69165,"Q2","L"
"Thalasseus sandvicensis","Sandwich Tern",0.350373685359955,69165,"Q2","L"
"Falco vespertinus","Red-footed Falcon",0.347532093524933,69165,"Q2","L"
"Loxia leucoptera","Two-barred Crossbill",0.342267066240311,69165,"Q2","L"
"Arenaria interpres","Ruddy Turnstone",0.340075045824051,69165,"Q2","L"
"Cinclus cinclus","White-throated Dipper",0.337600439786911,69165,"Q2","L"
"Branta canadensis","Canada Goose",0.330871045589447,69165,"Q2","L"
"Milvus milvus","Red Kite",0.329037129878998,69165,"Q2","L"
"Emberiza hortulana","Ortolan Bunting",0.326091438531876,69165,"Q2","L"
"Phasianus colchicus","Common Pheasant",0.322476118803024,69165,"Q2","L"
"Stercorarius longicaudus","Long-tailed Skua",0.31952765583992,69165,"Q2","L"
"Motacilla cinerea","Grey Wagtail",0.318759948015213,69165,"Q2","L"
"Surnia ulula","Northern Hawk Owl",0.314091473817825,69165,"Q2","L"
"Acrocephalus paludicola","Aquatic Warbler",0.312447547912598,69165,"Q2","L"
"Ichthyaetus melanocephalus","Mediterranean Gull",0.312081068754196,69165,"Q2","L"
"Acanthis hornemanni","Arctic Redpoll",0.29089629650116,69165,"Q2","L"
"Tringa stagnatilis","Marsh Sandpiper",0.27443939447403,69165,"Q2","L"
"Coracias garrulus","European Roller",0.268018782138824,69165,"Q2","L"
"Stercorarius pomarinus","Pomarine Skua",0.267877757549286,69165,"Q2","L"
"Uria aalge","Common Guillemot",0.263998091220856,69165,"Q2","L"
"Recurvirostra avosetta","Pied Avocet",0.263481855392456,69165,"Q2","L"
"Motacilla citreola","Citrine Wagtail",0.254472881555557,69165,"Q2","L"
"Athene noctua","Little Owl",0.250585436820984,69165,"Q2","L"
"Lagopus muta","Rock Ptarmigan",0.247146293520927,69165,"Q2","L"
"Saxicola rubicola","European Stonechat",0.242611169815063,69165,"Q2","L"
"Lagopus lagopus","Red Grouse/Willow Grouse",0.240732491016388,69165,"Q2","L"
"Ixobrychus minutus","Little Bittern",0.233854696154594,69165,"Q2","L"
"Numenius phaeopus","Whimbrel",0.231194734573364,69165,"Q2","L"
"Calidris maritima","Purple Sandpiper",0.227128088474274,69165,"Q2","L"
"Phylloscopus inornatus","Yellow-browed Warbler",0.220403850078583,69165,"Q2","L"
"Aquila chrysaetos","Golden Eagle",0.212363854050636,69165,"Q2","L"
"Merops apiaster","European Bee-eater",0.204516366124153,69165,"Q2","L"
"Cepphus grylle","Black Guillemot",0.182748273015022,69165,"Q2","L"
"Netta rufina","Red-crested Pochard",0.176158800721169,69165,"Q2","L"
"Ficedula albicollis","Collared Flycatcher",0.171585947275162,69165,"Q2","L"
"Bubo scandiacus","Snowy Owl",0.167779237031937,69165,"Q2","L"
"Certhia brachydactyla","Short-toed Treecreeper",0.162191271781921,69165,"Q2","L"
"Clanga clanga","Greater Spotted Eagle",0.15191113948822,69165,"Q2","L"
"Nycticorax nycticorax","Black-crowned Night Heron",0.137171849608421,69165,"Q2","L"
"Stercorarius skua","Great Skua",0.135250002145767,69165,"Q2","L"
"Aythya nyroca","Ferruginous Duck",0.135106220841408,69165,"Q2","L"
"Tyto alba","Barn Owl",0.131815314292908,69165,"Q2","L"
"Circaetus gallicus","Short-toed Eagle",0.127285912632942,69165,"Q2","L"
"Charadrius morinellus","Eurasian Dotterel",0.119832538068295,69165,"Q2","L"
"Gavia immer","Great Northern Diver",0.11588978767395,69165,"Q2","L"
"Luscinia megarhynchos","Common Nightingale",0.111181162297726,69165,"Q2","L"
"Phalaropus fulicarius","Grey Phalarope",0.109404481947422,69165,"Q2","L"
"Anser brachyrhynchus","Pink-footed Goose",0.109005063772202,69165,"Q2","L"
"Tadorna ferruginea","Ruddy Shelduck",0.107404880225658,69165,"Q2","L"
"Turdus torquatus","Ring Ouzel",0.103462375700474,69165,"Q2","L"
"Falco rusticolus","Gyr Falcon",0.10220717638731,69165,"Q2","L"
"Perisoreus infaustus","Siberian Jay",0.102018050849438,69165,"Q2","L"
"Iduna caligata","Booted Warbler",0.0988438501954079,69165,"Q2","L"
"Phylloscopus proregulus","Pallas's Warbler",0.0987672805786133,69165,"Q2","L"
"Hieraaetus pennatus","Booted Eagle",0.083635725080967,69165,"Q2","L"
"Egretta garzetta","Little Egret",0.0802915245294571,69165,"Q2","L"
"Cyanistes cyanus","Azure Tit",0.078610472381115,69165,"Q2","L"
"Emberiza rustica","Rustic Bunting",0.077494852244854,69165,"Q2","L"
"Anthus spinoletta","Water Pipit",0.0755966231226921,69165,"Q2","L"
"Dendrocopos syriacus","Syrian Woodpecker",0.0749695152044296,69165,"Q2","L"
"Gyps fulvus","Griffon Vulture",0.0715440139174461,69165,"Q2","L"
"Anser erythropus","Lesser White-fronted Goose",0.0709484294056892,69165,"Q2","L"
"Platalea leucorodia","Eurasian Spoonbill",0.0686701536178589,69165,"Q2","L"
"Acanthis cabaret","Lesser Redpoll",0.0684004947543144,69165,"Q2","L"
"Xenus cinereus","Terek Sandpiper",0.0679894462227821,69165,"Q2","L"
"Fulmarus glacialis","Northern Fulmar",0.0632156133651733,69165,"Q2","L"
"Lanius minor","Lesser Grey Shrike",0.0624258108437061,69165,"Q2","L"
"Cercotrichas galactotes","Rufous-tailed Scrub Robin",0.0599092654883862,69165,"Q2","L"
"Fratercula arctica","Atlantic Puffin",0.0525642372667789,69165,"Q2","L"
"Monticola saxatilis","Common Rock Thrush",0.0516517758369446,69165,"Q2","L"
"Anthus richardi","Richard's Pipit",0.0512935817241669,69165,"Q2","L"
"Somateria spectabilis","King Eider",0.0511052012443542,69165,"Q2","L"
"Himantopus himantopus","Black-winged Stilt",0.0500978007912636,69165,"Q2","L"
"Rissa tridactyla","Black-legged Kittiwake",0.049958661198616,69165,"Q2","L"
"Bubulcus ibis","Western Cattle Egret",0.0486453659832478,69165,"Q2","L"
"Lanius senator","Woodchat Shrike",0.0478887259960175,69165,"Q2","L"
"Circus macrourus","Pallid Harrier",0.0477851964533329,69165,"Q2","L"
"Pyrrhocorax pyrrhocorax","Red-billed Chough",0.0474081933498383,69165,"Q2","L"
"Gavia adamsii","White-billed Diver",0.0473702363669872,69165,"Q2","L"
"Poecile cinctus","Siberian Tit",0.0438044816255569,69165,"Q2","L"
"Prunella collaris","Alpine Accentor",0.0402783453464508,69165,"Q2","L"
"Uria lomvia","Brünnich's Guillemot",0.0395111739635468,69165,"Q2","L"
"Merops persicus","Blue-cheeked Bee-eater",0.034533005207777,69165,"Q2","L"
"Apus melba","Alpine Swift",0.0291484706103802,69165,"Q2","L"
"Ardea purpurea","Purple Heron",0.0286962706595659,69165,"Q2","L"
"Pyrrhocorax graculus","Alpine Chough",0.0284689832478762,69165,"Q2","L"
"Emberiza pusilla","Little Bunting",0.027686445042491,69165,"Q2","L"
"Glareola pratincola","Collared Pratincole",0.0270701963454485,69165,"Q2","L"
"Emberiza cia","Rock Bunting",0.0257425680756569,69165,"Q2","L"
"Ptyonoprogne rupestris","Eurasian Crag Martin",0.025219488888979,69165,"Q2","L"
"Aix galericulata","Mandarin Duck",0.0234089754521847,69165,"Q2","L"
"Iduna pallida","Eastern Olivaceous Warbler",0.0230744555592537,69165,"Q2","L"
"Anser caerulescens","Snow Goose",0.0224597230553627,69165,"Q2","L"
"Charadrius alexandrinus","Kentish Plover",0.0200987663120031,69165,"Q2","L"
"Falco naumanni","Lesser Kestrel",0.0199117343872786,69165,"Q2","L"
"Lanius borealis","Northern Shrike",0.019646754488349,69165,"Q2","L"
"Cettia cetti","Cetti's Warbler",0.0195365156978369,69165,"Q2","L"
"Pterocles orientalis","Black-bellied Sandgrouse",0.0190160814672709,69165,"Q2","L"
"Otus scops","Eurasian Scops Owl",0.0185808837413788,69165,"Q2","L"
"Passer hispaniolensis","Spanish Sparrow",0.0179981160908937,69165,"Q2","L"
"Phoenicopterus roseus","Greater Flamingo",0.0172207169234753,69165,"Q2","L"
"Burhinus oedicnemus","Stone-curlew",0.0170377548784018,69165,"Q2","L"
"Ardeola ralloides","Squacco Heron",0.0153637900948524,69165,"Q2","L"
"Melanocorypha calandra","Calandra Lark",0.0149949034675956,69165,"Q2","L"
"Tarsiger cyanurus","Red-flanked Bluetail",0.0135502377524972,69165,"Q2","L"
"Oenanthe melanoleuca","Eastern Black-eared Wheatear",0.013001311570406,69165,"Q2","L"
"Aegypius monachus","Black Vulture",0.012003481388092,69165,"Q2","L"
"Anser indicus","Bar-headed Goose",0.0118854008615017,69165,"Q2","L"
"Aquila heliaca","Imperial Eagle",0.0112822391092777,69165,"Q2","L"
"Plegadis falcinellus","Glossy Ibis",0.0112067293375731,69165,"Q2","L"
"Calandrella brachydactyla","Greater Short-toed Lark",0.0109954867511988,69165,"Q2","L"
"Larus michahellis","Yellow-legged Gull",0.0107233207672834,69165,"Q2","L"
"Tetrax tetrax","Little Bustard",0.0102522941306233,69165,"Q2","L"
"Corvus cornix","Hooded Crow",0.998808205127716,69989,"Q1","L"
"Parus major","Great Tit",0.995461285114288,69989,"Q1","L"
"Motacilla alba","Pied Wagtail/White Wagtail",0.981951713562012,69989,"Q1","L"
"Anas platyrhynchos","Mallard",0.980055391788483,69989,"Q1","L"
"Chroicocephalus ridibundus","Black-headed Gull",0.973949670791626,69989,"Q1","L"
"Fringilla coelebs","Common Chaffinch",0.964979588985443,69989,"Q1","L"
"Hirundo rustica","Barn Swallow",0.961244165897369,69989,"Q1","L"
"Cyanistes caeruleus","Eurasian Blue Tit",0.956607341766357,69989,"Q1","L"
"Sturnus vulgaris","Common Starling",0.955901980400085,69989,"Q1","L"
"Larus argentatus","Herring Gull",0.954607903957367,69989,"Q1","L"
"Erithacus rubecula","European Robin",0.951990842819214,69989,"Q1","L"
"Apus apus","Common Swift",0.950815916061401,69989,"Q1","L"
"Turdus merula","Eurasian Blackbird",0.943533658981323,69989,"Q1","L"
"Columba palumbus","Common Woodpigeon",0.94207090139389,69989,"Q1","L"
"Corvus monedula","Eurasian Jackdaw",0.924437463283539,69989,"Q1","L"
"Turdus pilaris","Fieldfare",0.919324636459351,69989,"Q1","L"
"Cygnus olor","Mute Swan",0.919181704521179,69989,"Q1","L"
"Bucephala clangula","Common Goldeneye",0.898896515369415,69989,"Q1","L"
"Passer montanus","Eurasian Tree Sparrow",0.895628094673157,69989,"Q1","L"
"Garrulus glandarius","Eurasian Jay",0.891671895980835,69989,"Q1","L"
"Ardea cinerea","Grey Heron",0.881912469863892,69989,"Q1","L"
"Pica pica","Common Magpie",0.87863278388977,69989,"Q1","L"
"Phylloscopus collybita","Common Chiffchaff",0.877314388751984,69989,"Q1","L"
"Larus canus","Common Gull",0.875764310359955,69989,"Q1","L"
"Corvus corax","Common Raven",0.87031352519989,69989,"Q1","L"
"Vanellus vanellus","Northern Lapwing",0.864427149295807,69989,"Q1","L"
"Troglodytes troglodytes","Eurasian Wren",0.863503456115723,69989,"Q1","L"
"Alauda arvensis","Eurasian Skylark",0.861981511116028,69989,"Q1","L"
"Emberiza citrinella","Yellowhammer",0.861854612827301,69989,"Q1","L"
"Phylloscopus trochilus","Willow Warbler",0.856829047203064,69989,"Q1","L"
"Phalacrocorax carbo","Great Cormorant",0.851639151573181,69989,"Q1","L"
"Sterna hirundo","Common Tern",0.841511964797974,69989,"Q1","L"
"Mergus merganser","Goosander",0.841414451599121,69989,"Q1","L"
"Delichon urbicum","Western House Martin",0.830012917518616,69989,"Q1","L"
"Turdus philomelos","Song Thrush",0.828610181808472,69989,"Q1","L"
"Dendrocopos major","Great Spotted Woodpecker",0.828233957290649,69989,"Q1","L"
"Curruca communis","Common Whitethroat",0.825227856636047,69989,"Q1","L"
"Regulus regulus","Goldcrest",0.82443630695343,69989,"Q1","L"
"Chloris chloris","European Greenfinch",0.819116592407227,69989,"Q1","L"
"Sylvia atricapilla","Eurasian Blackcap",0.817160606384277,69989,"Q1","L"
"Anthus pratensis","Meadow Pipit",0.814814209938049,69989,"Q1","L"
"Columba livia","Rock Dove",0.812701225280762,69989,"Q1","L"
"Cygnus cygnus","Whooper Swan",0.804086804389954,69989,"Q1","L"
"Carduelis carduelis","European Goldfinch",0.803325295448303,69989,"Q1","L"
"Pyrrhula pyrrhula","Eurasian Bullfinch",0.8013636469841,69989,"Q1","L"
"Podiceps cristatus","Great Crested Grebe",0.796778440475464,69989,"Q1","L"
"Buteo buteo","Common Buzzard",0.792158484458923,69989,"Q1","L"
"Spinus spinus","Eurasian Siskin",0.784211158752441,69989,"Q1","L"
"Larus marinus","Great Black-backed Gull",0.783817887306213,69989,"Q1","L"
"Fulica atra","Eurasian Coot",0.782728731632233,69989,"Q1","L"
"Certhia familiaris","Eurasian Treecreeper",0.773462116718292,69989,"Q1","L"
"Cuculus canorus","Common Cuckoo",0.764642000198364,69989,"Q1","L"
"Passer domesticus","House Sparrow",0.759952247142792,69989,"Q1","L"
"Corvus frugilegus","Rook",0.757267832756042,69989,"Q1","L"
"Linaria cannabina","Common Linnet",0.755113780498505,69989,"Q1","L"
"Grus grus","Common Crane",0.754385352134705,69989,"Q1","L"
"Emberiza schoeniclus","Common Reed Bunting",0.749953866004944,69989,"Q1","L"
"Mareca penelope","Eurasian Wigeon",0.746987581253052,69989,"Q1","L"
"Sitta europaea","Eurasian Nuthatch",0.746840834617615,69989,"Q1","L"
"Accipiter nisus","Eurasian Sparrowhawk",0.746371269226074,69989,"Q1","L"
"Bombycilla garrulus","Bohemian Waxwing",0.744781017303467,69989,"Q1","L"
"Ficedula hypoleuca","European Pied Flycatcher",0.729351878166199,69989,"Q1","L"
"Aythya fuligula","Tufted Duck",0.728830933570862,69989,"Q1","L"
"Fringilla montifringilla","Brambling",0.7285276055336,69989,"Q1","L"
"Gallinago gallinago","Common Snipe",0.712586045265198,69989,"Q1","L"
"Lophophanes cristatus","Crested Tit",0.710880517959595,69989,"Q1","L"
"Luscinia luscinia","Thrush Nightingale",0.705557346343994,69989,"Q1","L"
"Anas crecca","Eurasian/Green-winged Teal",0.705496251583099,69989,"Q1","L"
"Saxicola rubetra","Whinchat",0.703397631645203,69989,"Q1","L"
"Turdus iliacus","Redwing",0.702318787574768,69989,"Q1","L"
"Haliaeetus albicilla","White-tailed Eagle",0.699374198913574,69989,"Q1","L"
"Calidris alpina","Dunlin",0.699336409568787,69989,"Q1","L"
"Anthus trivialis","Tree Pipit",0.694755375385284,69989,"Q1","L"
"Phylloscopus sibilatrix","Wood Warbler",0.694334626197815,69989,"Q1","L"
"Muscicapa striata","Spotted Flycatcher",0.693909049034119,69989,"Q1","L"
"Ardea alba","Great White Egret",0.693113744258881,69989,"Q1","L"
"Acrocephalus schoenobaenus","Sedge Warbler",0.692382872104645,69989,"Q1","L"
"Haematopus ostralegus","Eurasian Oystercatcher",0.690402388572693,69989,"Q1","L"
"Circus aeruginosus","Western Marsh Harrier",0.689986824989319,69989,"Q1","L"
"Coccothraustes coccothraustes","Hawfinch",0.686914443969727,69989,"Q1","L"
"Actitis hypoleucos","Common Sandpiper",0.683965563774109,69989,"Q1","L"
"Periparus ater","Coal Tit",0.68213951587677,69989,"Q1","L"
"Curruca curruca","Lesser Whitethroat",0.678264558315277,69989,"Q1","L"
"Anser albifrons","Greater White-fronted Goose",0.675865650177002,69989,"Q1","L"
"Larus fuscus","Lesser Black-backed Gull",0.675087332725525,69989,"Q1","L"
"Branta leucopsis","Barnacle Goose",0.671402931213379,69989,"Q1","L"
"Phoenicurus ochruros","Black Redstart",0.671082258224487,69989,"Q1","L"
"Poecile palustris","Marsh Tit",0.670848190784454,69989,"Q1","L"
"Lanius collurio","Red-backed Shrike",0.668252766132355,69989,"Q1","L"
"Motacilla flava","Western Yellow Wagtail",0.666761636734009,69989,"Q1","L"
"Sylvia borin","Garden Warbler",0.665353417396545,69989,"Q1","L"
"Dryocopus martius","Black Woodpecker",0.663560390472412,69989,"Q1","L"
"Circus cyaneus","Hen Harrier",0.661770105361938,69989,"Q1","L"
"Aegithalos caudatus","Long-tailed Tit",0.66009396314621,69989,"Q1","L"
"Melanitta fusca","Velvet Scoter",0.658836424350739,69989,"Q1","L"
"Phoenicurus phoenicurus","Common Redstart",0.65695333480835,69989,"Q1","L"
"Oenanthe oenanthe","Northern Wheatear",0.655960381031036,69989,"Q1","L"
"Carpodacus erythrinus","Common Rosefinch",0.653819143772125,69989,"Q1","L"
"Ciconia ciconia","White Stork",0.65092134475708,69989,"Q1","L"
"Tringa totanus","Common Redshank",0.650400757789612,69989,"Q1","L"
"Clangula hyemalis","Long-tailed Duck",0.646490216255188,69989,"Q1","L"
"Dryobates minor","Lesser Spotted Woodpecker",0.64475953578949,69989,"Q1","L"
"Charadrius hiaticula","Common Ringed Plover",0.641842305660248,69989,"Q1","L"
"Lanius excubitor","Great Grey Shrike",0.638696312904358,69989,"Q1","L"
"Mergellus albellus","Smew",0.638258337974548,69989,"Q1","L"
"Loxia curvirostra","Common Crossbill",0.63809335231781,69989,"Q1","L"
"Tringa nebularia","Common Greenshank",0.637580633163452,69989,"Q1","L"
"Tadorna tadorna","Common Shelduck",0.636199712753296,69989,"Q1","L"
"Prunella modularis","Dunnock",0.634386658668518,69989,"Q1","L"
"Accipiter gentilis","Eurasian Goshawk",0.633356094360352,69989,"Q1","L"
"Poecile montanus","Willow Tit",0.632443606853485,69989,"Q1","L"
"Lullula arborea","Woodlark",0.629023790359497,69989,"Q1","L"
"Mareca strepera","Gadwall",0.628162562847137,69989,"Q1","L"
"Turdus viscivorus","Mistle Thrush",0.627169191837311,69989,"Q1","L"
"Hydrocoloeus minutus","Little Gull",0.620349645614624,69989,"Q1","L"
"Aythya marila","Greater Scaup",0.6202751994133,69989,"Q1","L"
"Spatula clypeata","Northern Shoveler",0.616019129753113,69989,"Q1","L"
"Acrocephalus arundinaceus","Great Reed Warbler",0.61355721950531,69989,"Q1","L"
"Dendrocoptes medius","Middle Spotted Woodpecker",0.612898588180542,69989,"Q1","L"
"Hippolais icterina","Icterine Warbler",0.606187582015991,69989,"Q1","L"
"Cygnus columbianus","Bewick's Swan",0.599230170249939,69989,"Q1","L"
"Tringa glareola","Wood Sandpiper",0.596994161605835,69989,"Q1","L"
"Calidris pugnax","Ruff",0.595893979072571,69989,"Q1","L"
"Alcedo atthis","Common Kingfisher",0.59353244304657,69989,"Q1","L"
"Melanitta nigra","Common Scoter",0.592745542526245,69989,"Q1","L"
"Panurus biarmicus","Bearded Tit",0.589449465274811,69989,"Q1","L"
"Mergus serrator","Red-breasted Merganser",0.588386237621307,69989,"Q1","L"
"Acrocephalus scirpaceus","Common Reed Warbler",0.588112711906433,69989,"Q1","L"
"Riparia riparia","Sand Martin",0.587236046791077,69989,"Q1","L"
"Numenius arquata","Eurasian Curlew",0.585849523544312,69989,"Q1","L"
"Acrocephalus palustris","Marsh Warbler",0.585655331611633,69989,"Q1","L"
"Gallinula chloropus","Common Moorhen",0.584134101867676,69989,"Q1","L"
"Tringa ochropus","Green Sandpiper",0.580005288124084,69989,"Q1","L"
"Acanthis flammea","Common Redpoll",0.578764200210571,69989,"Q1","L"
"Pluvialis apricaria","European Golden Plover",0.577690780162811,69989,"Q1","L"
"Rallus aquaticus","Water Rail",0.577167272567749,69989,"Q1","L"
"Chlidonias niger","Black Tern",0.575742363929749,69989,"Q1","L"
"Botaurus stellaris","Great Bittern",0.575315356254578,69989,"Q1","L"
"Anser anser","Greylag Goose",0.574832677841187,69989,"Q1","L"
"Anas acuta","Northern Pintail",0.573722541332245,69989,"Q1","L"
"Aythya ferina","Common Pochard",0.573049068450928,69989,"Q1","L"
"Buteo lagopus","Rough-legged Buzzard",0.571925520896912,69989,"Q1","L"
"Columba oenas","Stock Dove",0.571035385131836,69989,"Q1","L"
"Nucifraga caryocatactes","Spotted Nutcracker",0.568384885787964,69989,"Q1","L"
"Perdix perdix","Grey Partridge",0.560815691947937,69989,"Q1","L"
"Oriolus oriolus","Eurasian Golden Oriole",0.558086156845093,69989,"Q1","L"
"Branta bernicla","Brent Goose",0.555406451225281,69989,"Q1","L"
"Podiceps grisegena","Red-necked Grebe",0.554627537727356,69989,"Q1","L"
"Tachybaptus ruficollis","Little Grebe",0.551422238349915,69989,"Q1","L"
"Asio otus","Long-eared Owl",0.548653602600098,69989,"Q1","L"
"Gavia stellata","Red-throated Diver",0.544127225875854,69989,"Q1","L"
"Scolopax rusticola","Eurasian Woodcock",0.542844772338867,69989,"Q1","L"
"Gavia arctica","Black-throated Diver",0.540334701538086,69989,"Q1","L"
"Falco columbarius","Merlin",0.53891134262085,69989,"Q1","L"
"Aegolius funereus","Tengmalm's Owl",0.53821873664856,69989,"Q1","L"
"Pandion haliaetus","Osprey",0.537057042121887,69989,"Q1","L"
"Pluvialis squatarola","Grey Plover",0.535969734191895,69989,"Q1","L"
"Falco tinnunculus","Common Kestrel",0.535197019577026,69989,"Q1","L"
"Spatula querquedula","Garganey",0.534942746162415,69989,"Q1","L"
"Plectrophenax nivalis","Snow Bunting",0.533748865127563,69989,"Q1","L"
"Falco subbuteo","Eurasian Hobby",0.533661186695099,69989,"Q1","L"
"Glaucidium passerinum","Eurasian Pygmy-Owl",0.532413065433502,69989,"Q1","L"
"Remiz pendulinus","Eurasian Penduline Tit",0.531304478645325,69989,"Q1","L"
"Picus canus","Grey-headed Woodpecker",0.525968253612518,69989,"Q1","L"
"Ficedula parva","Red-breasted Flycatcher",0.520407557487488,69989,"Q1","L"
"Strix aluco","Tawny Owl",0.519464015960693,69989,"Q1","L"
"Lyrurus tetrix","Black Grouse",0.516083002090454,69989,"Q1","L"
"Anser serrirostris","Tundra Bean Goose",0.51157933473587,69989,"Q1","L"
"Anser fabalis","Taiga Bean Goose",0.511500954627991,69989,"Q1","L"
"Calcarius lapponicus","Lapland Bunting",0.510464489459991,69989,"Q1","L"
"Lymnocryptes minimus","Jack Snipe",0.5052410364151,69989,"Q1","L"
"Pernis apivorus","European Honey-buzzard",0.502789497375488,69989,"Q1","L"
"Curruca nisoria","Barred Warbler",0.501190304756165,69989,"Q1","L"
"Somateria mollissima","Common Eider",0.50006365776062,69989,"Q1","L"
"Tetrastes bonasia","Hazel Grouse",0.498893171548843,69989,"Q1","L"
"Eremophila alpestris","Shore Lark",0.495435804128647,69989,"Q1","L"
"Picoides tridactylus","Eurasian Three-toed Woodpecker",0.493986338376999,69989,"Q1","L"
"Asio flammeus","Short-eared Owl",0.493122011423111,69989,"Q1","L"
"Jynx torquilla","Eurasian Wryneck",0.489817291498184,69989,"Q1","L"
"Loxia pytyopsittacus","Parrot Crossbill",0.488848716020584,69989,"Q1","L"
"Tringa erythropus","Spotted Redshank",0.483821511268616,69989,"Q1","L"
"Falco peregrinus","Peregrine Falcon",0.480377733707428,69989,"Q1","L"
"Anthus petrosus","Rock Pipit",0.479450583457947,69989,"Q1","L"
"Limosa limosa","Black-tailed Godwit",0.474084258079529,69989,"Q1","L"
"Strix uralensis","Ural Owl",0.473766565322876,69989,"Q1","L"
"Calidris alba","Sanderling",0.472793400287628,69989,"Q1","L"
"Locustella luscinioides","Savi's Warbler",0.472328871488571,69989,"Q1","L"
"Alca torda","Razorbill",0.472187876701355,69989,"Q1","L"
"Linaria flavirostris","Twite",0.471156179904938,69989,"Q1","L"
"Crex crex","Corncrake",0.470413088798523,69989,"Q1","L"
"Bubo bubo","Eurasian Eagle Owl",0.469248950481415,69989,"Q1","L"
"Dendrocopos leucotos","White-backed Woodpecker",0.465076893568039,69989,"Q1","L"
"Calidris minuta","Little Stint",0.463612407445908,69989,"Q1","L"
"Podiceps auritus","Slavonian Grebe",0.462297022342682,69989,"Q1","L"
"Charadrius dubius","Little Ringed Plover",0.461738407611847,69989,"Q1","L"
"Calidris ferruginea","Curlew Sandpiper",0.459724307060242,69989,"Q1","L"
"Upupa epops","Eurasian Hoopoe",0.457314074039459,69989,"Q1","L"
"Streptopelia decaocto","Collared Dove",0.451695114374161,69989,"Q1","L"
"Tetrao urogallus","Western Capercaillie",0.448696106672287,69989,"Q1","L"
"Pinicola enucleator","Pine Grosbeak",0.448117017745972,69989,"Q1","L"
"Circus pygargus","Montagu's Harrier",0.441984236240387,69989,"Q1","L"
"Hydroprogne caspia","Caspian Tern",0.439586639404297,69989,"Q1","L"
"Clanga pomarina","Lesser Spotted Eagle",0.430293321609497,69989,"Q1","L"
"Phalaropus lobatus","Red-necked Phalarope",0.428824245929718,69989,"Q1","L"
"Picus viridis","Eurasian Green Woodpecker",0.425050437450409,69989,"Q1","L"
"Sterna paradisaea","Arctic Tern",0.421091496944427,69989,"Q1","L"
"Sternula albifrons","Little Tern",0.419238656759262,69989,"Q1","L"
"Chlidonias leucopterus","White-winged Black Tern",0.412906497716904,69989,"Q1","L"
"Galerida cristata","Crested Lark",0.411023139953613,69989,"Q1","L"
"Calidris temminckii","Temminck's Stint",0.405145645141602,69989,"Q1","L"
"Caprimulgus europaeus","Eurasian Nightjar",0.401033669710159,69989,"Q1","L"
"Ciconia nigra","Black Stork",0.3961181640625,69989,"Q1","L"
"Zapornia parva","Little Crake",0.395796567201614,69989,"Q1","L"
"Phylloscopus trochiloides","Greenish Warbler",0.392796605825424,69989,"Q1","L"
"Locustella naevia","Common Grasshopper Warbler",0.39209508895874,69989,"Q1","L"
"Serinus serinus","European Serin",0.390898644924164,69989,"Q1","L"
"Anthus cervinus","Red-throated Pipit",0.389720797538757,69989,"Q1","L"
"Larus cachinnans","Caspian Gull",0.388098508119583,69989,"Q1","L"
"Podiceps nigricollis","Black-necked Grebe",0.387875527143478,69989,"Q1","L"
"Locustella fluviatilis","River Warbler",0.387746065855026,69989,"Q1","L"
"Anthus campestris","Tawny Pipit",0.382471412420273,69989,"Q1","L"
"Gallinago media","Great Snipe",0.382291853427887,69989,"Q1","L"
"Strix nebulosa","Great Grey Owl",0.381574124097824,69989,"Q1","L"
"Larus hyperboreus","Glaucous Gull",0.379602789878845,69989,"Q1","L"
"Calidris canutus","Red Knot",0.37542000412941,69989,"Q1","L"
"Acrocephalus dumetorum","Blyth's Reed Warbler",0.37191966176033,69989,"Q1","L"
"Porzana porzana","Spotted Crake",0.368115305900574,69989,"Q1","L"
"Calidris falcinellus","Broad-billed Sandpiper",0.360836982727051,69989,"Q1","L"
"Limosa lapponica","Bar-tailed Godwit",0.360550940036774,69989,"Q1","L"
"Stercorarius parasiticus","Arctic Skua",0.35902327299118,69989,"Q1","L"
"Luscinia svecica","Bluethroat",0.355816930532455,69989,"Q1","L"
"Milvus migrans","Black Kite",0.35402375459671,69989,"Q1","L"
"Coturnix coturnix","Common Quail",0.349001735448837,69989,"Q1","L"
"Arenaria interpres","Ruddy Turnstone",0.343661695718765,69989,"Q1","L"
"Streptopelia turtur","European Turtle Dove",0.342171847820282,69989,"Q1","L"
"Loxia leucoptera","Two-barred Crossbill",0.340518623590469,69989,"Q1","L"
"Thalasseus sandvicensis","Sandwich Tern",0.339659839868546,69989,"Q1","L"
"Regulus ignicapilla","Common Firecrest",0.339438229799271,69989,"Q1","L"
"Cinclus cinclus","White-throated Dipper",0.338865041732788,69989,"Q1","L"
"Branta canadensis","Canada Goose",0.337993234395981,69989,"Q1","L"
"Falco vespertinus","Red-footed Falcon",0.324816226959229,69989,"Q1","L"
"Chlidonias hybrida","Whiskered Tern",0.322536587715149,69989,"Q1","L"
"Phasianus colchicus","Common Pheasant",0.32231268286705,69989,"Q1","L"
"Motacilla cinerea","Grey Wagtail",0.32096403837204,69989,"Q1","L"
"Emberiza hortulana","Ortolan Bunting",0.320083498954773,69989,"Q1","L"
"Stercorarius longicaudus","Long-tailed Skua",0.313806891441345,69989,"Q1","L"
"Emberiza calandra","Corn Bunting",0.313380599021912,69989,"Q1","L"
"Surnia ulula","Northern Hawk Owl",0.310470730066299,69989,"Q1","L"
"Milvus milvus","Red Kite",0.309385031461716,69989,"Q1","L"
"Ichthyaetus melanocephalus","Mediterranean Gull",0.290177971124649,69989,"Q1","L"
"Acanthis hornemanni","Arctic Redpoll",0.285674273967743,69989,"Q1","L"
"Acrocephalus paludicola","Aquatic Warbler",0.276964008808136,69989,"Q1","L"
"Stercorarius pomarinus","Pomarine Skua",0.266341179609299,69989,"Q1","L"
"Uria aalge","Common Guillemot",0.25437131524086,69989,"Q1","L"
"Tringa stagnatilis","Marsh Sandpiper",0.248752325773239,69989,"Q1","L"
"Coracias garrulus","European Roller",0.244206339120865,69989,"Q1","L"
"Recurvirostra avosetta","Pied Avocet",0.243945509195328,69989,"Q1","L"
"Numenius phaeopus","Whimbrel",0.24212172627449,69989,"Q1","L"
"Lagopus lagopus","Red Grouse/Willow Grouse",0.237992331385612,69989,"Q1","L"
"Lagopus muta","Rock Ptarmigan",0.23745621740818,69989,"Q1","L"
"Calidris maritima","Purple Sandpiper",0.230610772967339,69989,"Q1","L"
"Motacilla citreola","Citrine Wagtail",0.228116407990456,69989,"Q1","L"
"Athene noctua","Little Owl",0.227819442749023,69989,"Q1","L"
"Saxicola rubicola","European Stonechat",0.227742746472359,69989,"Q1","L"
"Phylloscopus inornatus","Yellow-browed Warbler",0.221074298024178,69989,"Q1","L"
"Aquila chrysaetos","Golden Eagle",0.215177550911903,69989,"Q1","L"
"Ixobrychus minutus","Little Bittern",0.214057877659798,69989,"Q1","L"
"Cepphus grylle","Black Guillemot",0.182775348424911,69989,"Q1","L"
"Merops apiaster","European Bee-eater",0.176106140017509,69989,"Q1","L"
"Bubo scandiacus","Snowy Owl",0.161793053150177,69989,"Q1","L"
"Netta rufina","Red-crested Pochard",0.156942114233971,69989,"Q1","L"
"Ficedula albicollis","Collared Flycatcher",0.150470286607742,69989,"Q1","L"
"Certhia brachydactyla","Short-toed Treecreeper",0.137536644935608,69989,"Q1","L"
"Clanga clanga","Greater Spotted Eagle",0.136281281709671,69989,"Q1","L"
"Stercorarius skua","Great Skua",0.127013117074966,69989,"Q1","L"
"Charadrius morinellus","Eurasian Dotterel",0.122061550617218,69989,"Q1","L"
"Tyto alba","Barn Owl",0.119581565260887,69989,"Q1","L"
"Nycticorax nycticorax","Black-crowned Night Heron",0.117900684475899,69989,"Q1","L"
"Anser brachyrhynchus","Pink-footed Goose",0.116266667842865,69989,"Q1","L"
"Aythya nyroca","Ferruginous Duck",0.11402440071106,69989,"Q1","L"
"Gavia immer","Great Northern Diver",0.110345453023911,69989,"Q1","L"
"Circaetus gallicus","Short-toed Eagle",0.107232756912708,69989,"Q1","L"
"Turdus torquatus","Ring Ouzel",0.106348425149918,69989,"Q1","L"
"Phalaropus fulicarius","Grey Phalarope",0.104635402560234,69989,"Q1","L"
"Perisoreus infaustus","Siberian Jay",0.103193566203117,69989,"Q1","L"
"Falco rusticolus","Gyr Falcon",0.10118405520916,69989,"Q1","L"
"Tadorna ferruginea","Ruddy Shelduck",0.0969262421131134,69989,"Q1","L"
"Luscinia megarhynchos","Common Nightingale",0.0951404049992561,69989,"Q1","L"
"Phylloscopus proregulus","Pallas's Warbler",0.0942405313253403,69989,"Q1","L"
"Iduna caligata","Booted Warbler",0.0925614982843399,69989,"Q1","L"
"Emberiza rustica","Rustic Bunting",0.0787325575947762,69989,"Q1","L"
"Hieraaetus pennatus","Booted Eagle",0.0725551396608353,69989,"Q1","L"
"Anser erythropus","Lesser White-fronted Goose",0.0694958865642548,69989,"Q1","L"
"Egretta garzetta","Little Egret",0.0671099424362183,69989,"Q1","L"
"Cyanistes cyanus","Azure Tit",0.0661164298653603,69989,"Q1","L"
"Acanthis cabaret","Lesser Redpoll",0.066015712916851,69989,"Q1","L"
"Xenus cinereus","Terek Sandpiper",0.0648963153362274,69989,"Q1","L"
"Anthus spinoletta","Water Pipit",0.064551405608654,69989,"Q1","L"
"Gyps fulvus","Griffon Vulture",0.0633231624960899,69989,"Q1","L"
"Dendrocopos syriacus","Syrian Woodpecker",0.0615140087902546,69989,"Q1","L"
"Fulmarus glacialis","Northern Fulmar",0.0600845813751221,69989,"Q1","L"
"Platalea leucorodia","Eurasian Spoonbill",0.0599012821912766,69989,"Q1","L"
"Fratercula arctica","Atlantic Puffin",0.0494185052812099,69989,"Q1","L"
"Lanius minor","Lesser Grey Shrike",0.0493164733052254,69989,"Q1","L"
"Anthus richardi","Richard's Pipit",0.0493141412734985,69989,"Q1","L"
"Somateria spectabilis","King Eider",0.0489370599389076,69989,"Q1","L"
"Rissa tridactyla","Black-legged Kittiwake",0.0476971939206123,69989,"Q1","L"
"Gavia adamsii","White-billed Diver",0.0474090464413166,69989,"Q1","L"
"Cercotrichas galactotes","Rufous-tailed Scrub Robin",0.0463825352489948,69989,"Q1","L"
"Poecile cinctus","Siberian Tit",0.0456937626004219,69989,"Q1","L"
"Circus macrourus","Pallid Harrier",0.0456506684422493,69989,"Q1","L"
"Himantopus himantopus","Black-winged Stilt",0.0448784418404102,69989,"Q1","L"
"Monticola saxatilis","Common Rock Thrush",0.0427282229065895,69989,"Q1","L"
"Bubulcus ibis","Western Cattle Egret",0.0418313704431057,69989,"Q1","L"
"Lanius senator","Woodchat Shrike",0.0395223796367645,69989,"Q1","L"
"Pyrrhocorax pyrrhocorax","Red-billed Chough",0.039129875600338,69989,"Q1","L"
"Uria lomvia","Brünnich's Guillemot",0.037391759455204,69989,"Q1","L"
"Prunella collaris","Alpine Accentor",0.0343585014343262,69989,"Q1","L"
"Emberiza pusilla","Little Bunting",0.0288187246769667,69989,"Q1","L"
"Merops persicus","Blue-cheeked Bee-eater",0.0267799645662308,69989,"Q1","L"
"Apus melba","Alpine Swift",0.023783627897501,69989,"Q1","L"
"Anser caerulescens","Snow Goose",0.0236252229660749,69989,"Q1","L"
"Pyrrhocorax graculus","Alpine Chough",0.0235338322818279,69989,"Q1","L"
"Ardea purpurea","Purple Heron",0.0229391101747751,69989,"Q1","L"
"Glareola pratincola","Collared Pratincole",0.0220349375158548,69989,"Q1","L"
"Emberiza cia","Rock Bunting",0.0219478867948055,69989,"Q1","L"
"Ptyonoprogne rupestris","Eurasian Crag Martin",0.020761052146554,69989,"Q1","L"
"Aix galericulata","Mandarin Duck",0.020714096724987,69989,"Q1","L"
"Lanius borealis","Northern Shrike",0.0189436078071594,69989,"Q1","L"
"Iduna pallida","Eastern Olivaceous Warbler",0.0179975405335426,69989,"Q1","L"
"Falco naumanni","Lesser Kestrel",0.0167719759047031,69989,"Q1","L"
"Charadrius alexandrinus","Kentish Plover",0.0165621135383844,69989,"Q1","L"
"Otus scops","Eurasian Scops Owl",0.0161289796233177,69989,"Q1","L"
"Cettia cetti","Cetti's Warbler",0.0160096939653158,69989,"Q1","L"
"Pterocles orientalis","Black-bellied Sandgrouse",0.0153041845187545,69989,"Q1","L"
"Passer hispaniolensis","Spanish Sparrow",0.0146803706884384,69989,"Q1","L"
"Phoenicopterus roseus","Greater Flamingo",0.0140686929225922,69989,"Q1","L"
"Burhinus oedicnemus","Stone-curlew",0.014010357670486,69989,"Q1","L"
"Tarsiger cyanurus","Red-flanked Bluetail",0.0139668975025415,69989,"Q1","L"
"Ardeola ralloides","Squacco Heron",0.0126914046704769,69989,"Q1","L"
"Melanocorypha calandra","Calandra Lark",0.0124317687004805,69989,"Q1","L"
"Anser indicus","Bar-headed Goose",0.0121096186339855,69989,"Q1","L"
"Aegypius monachus","Black Vulture",0.0104795591905713,69989,"Q1","L"
"Oenanthe melanoleuca","Eastern Black-eared Wheatear",0.0103090880438685,69989,"Q1","L"
"Anthus rubescens","Buff-bellied Pipit",0.0100996503606439,69989,"Q1","L"
"Larus michahellis","Yellow-legged Gull",0.0100861629471183,69989,"Q1","L"
"Corvus cornix","Hooded Crow",0.998632371425629,69990,"Q3","L"
"Parus major","Great Tit",0.995271325111389,69990,"Q3","L"
"Motacilla alba","Pied Wagtail/White Wagtail",0.980952799320221,69990,"Q3","L"
"Anas platyrhynchos","Mallard",0.979716956615448,69990,"Q3","L"
"Chroicocephalus ridibundus","Black-headed Gull",0.974132537841797,69990,"Q3","L"
"Fringilla coelebs","Common Chaffinch",0.963697254657745,69990,"Q3","L"
"Hirundo rustica","Barn Swallow",0.960258960723877,69990,"Q3","L"
"Sturnus vulgaris","Common Starling",0.957132160663605,69990,"Q3","L"
"Larus argentatus","Herring Gull",0.955637097358704,69990,"Q3","L"
"Cyanistes caeruleus","Eurasian Blue Tit",0.952964603900909,69990,"Q3","L"
"Erithacus rubecula","European Robin",0.948956191539764,69990,"Q3","L"
"Apus apus","Common Swift",0.944927930831909,69990,"Q3","L"
"Turdus merula","Eurasian Blackbird",0.943269193172455,69990,"Q3","L"
"Columba palumbus","Common Woodpigeon",0.942306935787201,69990,"Q3","L"
"Cygnus olor","Mute Swan",0.925218820571899,69990,"Q3","L"
"Corvus monedula","Eurasian Jackdaw",0.920155882835388,69990,"Q3","L"
"Turdus pilaris","Fieldfare",0.916143178939819,69990,"Q3","L"
"Bucephala clangula","Common Goldeneye",0.896612226963043,69990,"Q3","L"
"Garrulus glandarius","Eurasian Jay",0.890126466751099,69990,"Q3","L"
"Passer montanus","Eurasian Tree Sparrow",0.886462926864624,69990,"Q3","L"
"Ardea cinerea","Grey Heron",0.88458240032196,69990,"Q3","L"
"Pica pica","Common Magpie",0.873156070709229,69990,"Q3","L"
"Larus canus","Common Gull",0.872095167636871,69990,"Q3","L"
"Phylloscopus collybita","Common Chiffchaff",0.87030291557312,69990,"Q3","L"
"Vanellus vanellus","Northern Lapwing",0.864010691642761,69990,"Q3","L"
"Phalacrocorax carbo","Great Cormorant",0.862352907657623,69990,"Q3","L"
"Corvus corax","Common Raven",0.861724317073822,69990,"Q3","L"
"Troglodytes troglodytes","Eurasian Wren",0.860785484313965,69990,"Q3","L"
"Alauda arvensis","Eurasian Skylark",0.859831809997559,69990,"Q3","L"
"Emberiza citrinella","Yellowhammer",0.859343588352203,69990,"Q3","L"
"Phylloscopus trochilus","Willow Warbler",0.848565638065338,69990,"Q3","L"
"Mergus merganser","Goosander",0.841687679290771,69990,"Q3","L"
"Sterna hirundo","Common Tern",0.82903915643692,69990,"Q3","L"
"Delichon urbicum","Western House Martin",0.824122130870819,69990,"Q3","L"
"Turdus philomelos","Song Thrush",0.821565568447113,69990,"Q3","L"
"Curruca communis","Common Whitethroat",0.820197820663452,69990,"Q3","L"
"Dendrocopos major","Great Spotted Woodpecker",0.815600872039795,69990,"Q3","L"
"Regulus regulus","Goldcrest",0.814373075962067,69990,"Q3","L"
"Anthus pratensis","Meadow Pipit",0.812430918216705,69990,"Q3","L"
"Sylvia atricapilla","Eurasian Blackcap",0.811896324157715,69990,"Q3","L"
"Chloris chloris","European Greenfinch",0.807209730148315,69990,"Q3","L"
"Carduelis carduelis","European Goldfinch",0.795054376125336,69990,"Q3","L"
"Columba livia","Rock Dove",0.794802188873291,69990,"Q3","L"
"Cygnus cygnus","Whooper Swan",0.793792307376862,69990,"Q3","L"
"Buteo buteo","Common Buzzard",0.79267430305481,69990,"Q3","L"
"Larus marinus","Great Black-backed Gull",0.786988973617554,69990,"Q3","L"
"Pyrrhula pyrrhula","Eurasian Bullfinch",0.786636829376221,69990,"Q3","L"
"Podiceps cristatus","Great Crested Grebe",0.782597720623016,69990,"Q3","L"
"Spinus spinus","Eurasian Siskin",0.773014426231384,69990,"Q3","L"
"Fulica atra","Eurasian Coot",0.765799105167389,69990,"Q3","L"
"Grus grus","Common Crane",0.761212289333344,69990,"Q3","L"
"Passer domesticus","House Sparrow",0.76041567325592,69990,"Q3","L"
"Corvus frugilegus","Rook",0.755954504013062,69990,"Q3","L"
"Linaria cannabina","Common Linnet",0.753760874271393,69990,"Q3","L"
"Certhia familiaris","Eurasian Treecreeper",0.750004291534424,69990,"Q3","L"
"Cuculus canorus","Common Cuckoo",0.748196721076965,69990,"Q3","L"
"Emberiza schoeniclus","Common Reed Bunting",0.745123028755188,69990,"Q3","L"
"Accipiter nisus","Eurasian Sparrowhawk",0.73691976070404,69990,"Q3","L"
"Mareca penelope","Eurasian Wigeon",0.733731031417847,69990,"Q3","L"
"Bombycilla garrulus","Bohemian Waxwing",0.730839848518372,69990,"Q3","L"
"Sitta europaea","Eurasian Nuthatch",0.730553328990936,69990,"Q3","L"
"Fringilla montifringilla","Brambling",0.718137741088867,69990,"Q3","L"
"Ficedula hypoleuca","European Pied Flycatcher",0.708076059818268,69990,"Q3","L"
"Aythya fuligula","Tufted Duck",0.703496634960175,69990,"Q3","L"
"Haliaeetus albicilla","White-tailed Eagle",0.698222517967224,69990,"Q3","L"
"Gallinago gallinago","Common Snipe",0.697533309459686,69990,"Q3","L"
"Calidris alpina","Dunlin",0.691251635551453,69990,"Q3","L"
"Saxicola rubetra","Whinchat",0.689622640609741,69990,"Q3","L"
"Circus aeruginosus","Western Marsh Harrier",0.689456939697266,69990,"Q3","L"
"Lophophanes cristatus","Crested Tit",0.689364075660706,69990,"Q3","L"
"Anas crecca","Eurasian/Green-winged Teal",0.68927663564682,69990,"Q3","L"
"Turdus iliacus","Redwing",0.686970591545105,69990,"Q3","L"
"Ardea alba","Great White Egret",0.68146276473999,69990,"Q3","L"
"Luscinia luscinia","Thrush Nightingale",0.681118488311768,69990,"Q3","L"
"Acrocephalus schoenobaenus","Sedge Warbler",0.67611163854599,69990,"Q3","L"
"Anthus trivialis","Tree Pipit",0.675238132476807,69990,"Q3","L"
"Phylloscopus sibilatrix","Wood Warbler",0.674469470977783,69990,"Q3","L"
"Muscicapa striata","Spotted Flycatcher",0.673517465591431,69990,"Q3","L"
"Haematopus ostralegus","Eurasian Oystercatcher",0.672279596328735,69990,"Q3","L"
"Coccothraustes coccothraustes","Hawfinch",0.671482682228088,69990,"Q3","L"
"Curruca curruca","Lesser Whitethroat",0.67021632194519,69990,"Q3","L"
"Actitis hypoleucos","Common Sandpiper",0.668309152126312,69990,"Q3","L"
"Poecile palustris","Marsh Tit",0.661656200885773,69990,"Q3","L"
"Lanius collurio","Red-backed Shrike",0.660736620426178,69990,"Q3","L"
"Branta leucopsis","Barnacle Goose",0.657903671264648,69990,"Q3","L"
"Phoenicurus ochruros","Black Redstart",0.657808542251587,69990,"Q3","L"
"Motacilla flava","Western Yellow Wagtail",0.655890822410583,69990,"Q3","L"
"Periparus ater","Coal Tit",0.655853807926178,69990,"Q3","L"
"Anser albifrons","Greater White-fronted Goose",0.652238845825195,69990,"Q3","L"
"Larus fuscus","Lesser Black-backed Gull",0.649287462234497,69990,"Q3","L"
"Melanitta fusca","Velvet Scoter",0.648305416107178,69990,"Q3","L"
"Clangula hyemalis","Long-tailed Duck",0.646009147167206,69990,"Q3","L"
"Tringa totanus","Common Redshank",0.644748449325562,69990,"Q3","L"
"Phoenicurus phoenicurus","Common Redstart",0.64378559589386,69990,"Q3","L"
"Dryocopus martius","Black Woodpecker",0.642938315868378,69990,"Q3","L"
"Oenanthe oenanthe","Northern Wheatear",0.640980958938599,69990,"Q3","L"
"Circus cyaneus","Hen Harrier",0.640597820281982,69990,"Q3","L"
"Ciconia ciconia","White Stork",0.639238119125366,69990,"Q3","L"
"Sylvia borin","Garden Warbler",0.638207495212555,69990,"Q3","L"
"Aegithalos caudatus","Long-tailed Tit",0.63708370923996,69990,"Q3","L"
"Tadorna tadorna","Common Shelduck",0.629375576972961,69990,"Q3","L"
"Charadrius hiaticula","Common Ringed Plover",0.627767980098724,69990,"Q3","L"
"Carpodacus erythrinus","Common Rosefinch",0.627230405807495,69990,"Q3","L"
"Dryobates minor","Lesser Spotted Woodpecker",0.626359045505524,69990,"Q3","L"
"Tringa nebularia","Common Greenshank",0.623440027236938,69990,"Q3","L"
"Prunella modularis","Dunnock",0.622045636177063,69990,"Q3","L"
"Loxia curvirostra","Common Crossbill",0.620820760726929,69990,"Q3","L"
"Lanius excubitor","Great Grey Shrike",0.61798369884491,69990,"Q3","L"
"Mergellus albellus","Smew",0.616303324699402,69990,"Q3","L"
"Accipiter gentilis","Eurasian Goshawk",0.613875329494476,69990,"Q3","L"
"Turdus viscivorus","Mistle Thrush",0.609819114208221,69990,"Q3","L"
"Mareca strepera","Gadwall",0.606138110160828,69990,"Q3","L"
"Hydrocoloeus minutus","Little Gull",0.606062054634094,69990,"Q3","L"
"Acrocephalus arundinaceus","Great Reed Warbler",0.604597330093384,69990,"Q3","L"
"Poecile montanus","Willow Tit",0.603902220726013,69990,"Q3","L"
"Lullula arborea","Woodlark",0.603093981742859,69990,"Q3","L"
"Aythya marila","Greater Scaup",0.596120834350586,69990,"Q3","L"
"Hippolais icterina","Icterine Warbler",0.595784783363342,69990,"Q3","L"
"Spatula clypeata","Northern Shoveler",0.590888857841492,69990,"Q3","L"
"Melanitta nigra","Common Scoter",0.585742115974426,69990,"Q3","L"
"Dendrocoptes medius","Middle Spotted Woodpecker",0.583739399909973,69990,"Q3","L"
"Calidris pugnax","Ruff",0.581282138824463,69990,"Q3","L"
"Anser anser","Greylag Goose",0.579999625682831,69990,"Q3","L"
"Acrocephalus scirpaceus","Common Reed Warbler",0.578886389732361,69990,"Q3","L"
"Cygnus columbianus","Bewick's Swan",0.575148701667786,69990,"Q3","L"
"Alcedo atthis","Common Kingfisher",0.573655009269714,69990,"Q3","L"
"Tringa glareola","Wood Sandpiper",0.573504626750946,69990,"Q3","L"
"Numenius arquata","Eurasian Curlew",0.570370197296143,69990,"Q3","L"
"Acrocephalus palustris","Marsh Warbler",0.568991303443909,69990,"Q3","L"
"Pluvialis apricaria","European Golden Plover",0.568756401538849,69990,"Q3","L"
"Chlidonias niger","Black Tern",0.5665363073349,69990,"Q3","L"
"Mergus serrator","Red-breasted Merganser",0.566091775894165,69990,"Q3","L"
"Panurus biarmicus","Bearded Tit",0.565142154693604,69990,"Q3","L"
"Riparia riparia","Sand Martin",0.564967453479767,69990,"Q3","L"
"Acanthis flammea","Common Redpoll",0.560717880725861,69990,"Q3","L"
"Botaurus stellaris","Great Bittern",0.556553900241852,69990,"Q3","L"
"Rallus aquaticus","Water Rail",0.554368376731873,69990,"Q3","L"
"Buteo lagopus","Rough-legged Buzzard",0.553679943084717,69990,"Q3","L"
"Gallinula chloropus","Common Moorhen",0.553482830524445,69990,"Q3","L"
"Tringa ochropus","Green Sandpiper",0.552666068077087,69990,"Q3","L"
"Anas acuta","Northern Pintail",0.549509763717651,69990,"Q3","L"
"Columba oenas","Stock Dove",0.54715096950531,69990,"Q3","L"
"Branta bernicla","Brent Goose",0.546671032905579,69990,"Q3","L"
"Aythya ferina","Common Pochard",0.543785393238068,69990,"Q3","L"
"Oriolus oriolus","Eurasian Golden Oriole",0.542953550815582,69990,"Q3","L"
"Nucifraga caryocatactes","Spotted Nutcracker",0.538616299629211,69990,"Q3","L"
"Perdix perdix","Grey Partridge",0.534653425216675,69990,"Q3","L"
"Tachybaptus ruficollis","Little Grebe",0.531388163566589,69990,"Q3","L"
"Podiceps grisegena","Red-necked Grebe",0.530817747116089,69990,"Q3","L"
"Gavia stellata","Red-throated Diver",0.526675939559937,69990,"Q3","L"
"Falco tinnunculus","Common Kestrel",0.522204697132111,69990,"Q3","L"
"Aegolius funereus","Tengmalm's Owl",0.519742727279663,69990,"Q3","L"
"Spatula querquedula","Garganey",0.519608020782471,69990,"Q3","L"
"Asio otus","Long-eared Owl",0.51930820941925,69990,"Q3","L"
"Gavia arctica","Black-throated Diver",0.519172072410583,69990,"Q3","L"
"Falco columbarius","Merlin",0.518847227096558,69990,"Q3","L"
"Pluvialis squatarola","Grey Plover",0.518603622913361,69990,"Q3","L"
"Scolopax rusticola","Eurasian Woodcock",0.518286347389221,69990,"Q3","L"
"Plectrophenax nivalis","Snow Bunting",0.515537679195404,69990,"Q3","L"
"Remiz pendulinus","Eurasian Penduline Tit",0.513285636901855,69990,"Q3","L"
"Glaucidium passerinum","Eurasian Pygmy-Owl",0.511286437511444,69990,"Q3","L"
"Anthus petrosus","Rock Pipit",0.508898854255676,69990,"Q3","L"
"Pandion haliaetus","Osprey",0.508576035499573,69990,"Q3","L"
"Falco subbuteo","Eurasian Hobby",0.503665208816528,69990,"Q3","L"
"Anser serrirostris","Tundra Bean Goose",0.494020998477936,69990,"Q3","L"
"Calcarius lapponicus","Lapland Bunting",0.493735015392303,69990,"Q3","L"
"Lymnocryptes minimus","Jack Snipe",0.490237891674042,69990,"Q3","L"
"Picus canus","Grey-headed Woodpecker",0.48876541852951,69990,"Q3","L"
"Strix aluco","Tawny Owl",0.488300681114197,69990,"Q3","L"
"Somateria mollissima","Common Eider",0.487644761800766,69990,"Q3","L"
"Ficedula parva","Red-breasted Flycatcher",0.486526638269424,69990,"Q3","L"
"Lyrurus tetrix","Black Grouse",0.486172437667847,69990,"Q3","L"
"Anser fabalis","Taiga Bean Goose",0.48582798242569,69990,"Q3","L"
"Loxia pytyopsittacus","Parrot Crossbill",0.485023647546768,69990,"Q3","L"
"Alca torda","Razorbill",0.477287888526917,69990,"Q3","L"
"Linaria flavirostris","Twite",0.476379632949829,69990,"Q3","L"
"Eremophila alpestris","Shore Lark",0.475658416748047,69990,"Q3","L"
"Pernis apivorus","European Honey-buzzard",0.472358047962189,69990,"Q3","L"
"Picoides tridactylus","Eurasian Three-toed Woodpecker",0.468187421560287,69990,"Q3","L"
"Curruca nisoria","Barred Warbler",0.467373877763748,69990,"Q3","L"
"Asio flammeus","Short-eared Owl",0.465125203132629,69990,"Q3","L"
"Tringa erythropus","Spotted Redshank",0.464065670967102,69990,"Q3","L"
"Tetrastes bonasia","Hazel Grouse",0.462981224060059,69990,"Q3","L"
"Falco peregrinus","Peregrine Falcon",0.457538902759552,69990,"Q3","L"
"Streptopelia decaocto","Collared Dove",0.456652015447617,69990,"Q3","L"
"Jynx torquilla","Eurasian Wryneck",0.452943325042725,69990,"Q3","L"
"Calidris alba","Sanderling",0.452412009239197,69990,"Q3","L"
"Limosa limosa","Black-tailed Godwit",0.448693841695786,69990,"Q3","L"
"Locustella luscinioides","Savi's Warbler",0.446721404790878,69990,"Q3","L"
"Hydroprogne caspia","Caspian Tern",0.445433884859085,69990,"Q3","L"
"Crex crex","Corncrake",0.444980293512344,69990,"Q3","L"
"Strix uralensis","Ural Owl",0.444131046533585,69990,"Q3","L"
"Calidris minuta","Little Stint",0.442597568035126,69990,"Q3","L"
"Calidris ferruginea","Curlew Sandpiper",0.437679141759872,69990,"Q3","L"
"Charadrius dubius","Little Ringed Plover",0.437564432621002,69990,"Q3","L"
"Pinicola enucleator","Pine Grosbeak",0.433340400457382,69990,"Q3","L"
"Upupa epops","Eurasian Hoopoe",0.430998295545578,69990,"Q3","L"
"Bubo bubo","Eurasian Eagle Owl",0.430469274520874,69990,"Q3","L"
"Podiceps auritus","Slavonian Grebe",0.42943400144577,69990,"Q3","L"
"Circus pygargus","Montagu's Harrier",0.423209816217422,69990,"Q3","L"
"Tetrao urogallus","Western Capercaillie",0.423075497150421,69990,"Q3","L"
"Dendrocopos leucotos","White-backed Woodpecker",0.419357985258102,69990,"Q3","L"
"Phalaropus lobatus","Red-necked Phalarope",0.410248339176178,69990,"Q3","L"
"Sternula albifrons","Little Tern",0.410033851861954,69990,"Q3","L"
"Picus viridis","Eurasian Green Woodpecker",0.409970253705978,69990,"Q3","L"
"Larus cachinnans","Caspian Gull",0.402062624692917,69990,"Q3","L"
"Sterna paradisaea","Arctic Tern",0.40188130736351,69990,"Q3","L"
"Clanga pomarina","Lesser Spotted Eagle",0.392180532217026,69990,"Q3","L"
"Chlidonias leucopterus","White-winged Black Tern",0.390239506959915,69990,"Q3","L"
"Galerida cristata","Crested Lark",0.388812303543091,69990,"Q3","L"
"Calidris temminckii","Temminck's Stint",0.378848791122437,69990,"Q3","L"
"Caprimulgus europaeus","Eurasian Nightjar",0.373858690261841,69990,"Q3","L"
"Locustella fluviatilis","River Warbler",0.372570216655731,69990,"Q3","L"
"Locustella naevia","Common Grasshopper Warbler",0.369457811117172,69990,"Q3","L"
"Calidris canutus","Red Knot",0.36613592505455,69990,"Q3","L"
"Ciconia nigra","Black Stork",0.366065829992294,69990,"Q3","L"
"Podiceps nigricollis","Black-necked Grebe",0.365783125162125,69990,"Q3","L"
"Strix nebulosa","Great Grey Owl",0.362723916769028,69990,"Q3","L"
"Serinus serinus","European Serin",0.362493515014648,69990,"Q3","L"
"Larus hyperboreus","Glaucous Gull",0.360583186149597,69990,"Q3","L"
"Anthus cervinus","Red-throated Pipit",0.358343541622162,69990,"Q3","L"
"Anthus campestris","Tawny Pipit",0.355891078710556,69990,"Q3","L"
"Zapornia parva","Little Crake",0.354657620191574,69990,"Q3","L"
"Gallinago media","Great Snipe",0.35351288318634,69990,"Q3","L"
"Phylloscopus trochiloides","Greenish Warbler",0.34847417473793,69990,"Q3","L"
"Thalasseus sandvicensis","Sandwich Tern",0.346821635961533,69990,"Q3","L"
"Porzana porzana","Spotted Crake",0.340573787689209,69990,"Q3","L"
"Branta canadensis","Canada Goose",0.339650064706802,69990,"Q3","L"
"Phasianus colchicus","Common Pheasant",0.33933362364769,69990,"Q3","L"
"Limosa lapponica","Bar-tailed Godwit",0.329600095748901,69990,"Q3","L"
"Stercorarius parasiticus","Arctic Skua",0.328869670629501,69990,"Q3","L"
"Calidris falcinellus","Broad-billed Sandpiper",0.328002542257309,69990,"Q3","L"
"Luscinia svecica","Bluethroat",0.326121151447296,69990,"Q3","L"
"Cinclus cinclus","White-throated Dipper",0.324671447277069,69990,"Q3","L"
"Arenaria interpres","Ruddy Turnstone",0.32399395108223,69990,"Q3","L"
"Coturnix coturnix","Common Quail",0.322415679693222,69990,"Q3","L"
"Regulus ignicapilla","Common Firecrest",0.318617910146713,69990,"Q3","L"
"Loxia leucoptera","Two-barred Crossbill",0.318587332963943,69990,"Q3","L"
"Milvus migrans","Black Kite",0.318342953920364,69990,"Q3","L"
"Motacilla cinerea","Grey Wagtail",0.31508269906044,69990,"Q3","L"
"Acrocephalus dumetorum","Blyth's Reed Warbler",0.314258873462677,69990,"Q3","L"
"Milvus milvus","Red Kite",0.306857287883759,69990,"Q3","L"
"Chlidonias hybrida","Whiskered Tern",0.306409984827042,69990,"Q3","L"
"Emberiza calandra","Corn Bunting",0.305510073900223,69990,"Q3","L"
"Emberiza hortulana","Ortolan Bunting",0.301692008972168,69990,"Q3","L"
"Streptopelia turtur","European Turtle Dove",0.301240026950836,69990,"Q3","L"
"Stercorarius longicaudus","Long-tailed Skua",0.299263209104538,69990,"Q3","L"
"Falco vespertinus","Red-footed Falcon",0.294641345739365,69990,"Q3","L"
"Surnia ulula","Northern Hawk Owl",0.287202477455139,69990,"Q3","L"
"Ichthyaetus melanocephalus","Mediterranean Gull",0.270439177751541,69990,"Q3","L"
"Acanthis hornemanni","Arctic Redpoll",0.263391733169556,69990,"Q3","L"
"Uria aalge","Common Guillemot",0.260038286447525,69990,"Q3","L"
"Acrocephalus paludicola","Aquatic Warbler",0.25641593337059,69990,"Q3","L"
"Stercorarius pomarinus","Pomarine Skua",0.246266171336174,69990,"Q3","L"
"Recurvirostra avosetta","Pied Avocet",0.234201937913895,69990,"Q3","L"
"Saxicola rubicola","European Stonechat",0.226979732513428,69990,"Q3","L"
"Lagopus muta","Rock Ptarmigan",0.225335389375687,69990,"Q3","L"
"Numenius phaeopus","Whimbrel",0.223434403538704,69990,"Q3","L"
"Tringa stagnatilis","Marsh Sandpiper",0.220025658607483,69990,"Q3","L"
"Calidris maritima","Purple Sandpiper",0.215456187725067,69990,"Q3","L"
"Coracias garrulus","European Roller",0.214652568101883,69990,"Q3","L"
"Lagopus lagopus","Red Grouse/Willow Grouse",0.214017152786255,69990,"Q3","L"
"Motacilla citreola","Citrine Wagtail",0.205123260617256,69990,"Q3","L"
"Phylloscopus inornatus","Yellow-browed Warbler",0.201439723372459,69990,"Q3","L"
"Athene noctua","Little Owl",0.2003034055233,69990,"Q3","L"
"Aquila chrysaetos","Golden Eagle",0.192587688565254,69990,"Q3","L"
"Ixobrychus minutus","Little Bittern",0.189178392291069,69990,"Q3","L"
"Cepphus grylle","Black Guillemot",0.170408695936203,69990,"Q3","L"
"Merops apiaster","European Bee-eater",0.155966579914093,69990,"Q3","L"
"Bubo scandiacus","Snowy Owl",0.152082324028015,69990,"Q3","L"
"Netta rufina","Red-crested Pochard",0.146266862750053,69990,"Q3","L"
"Certhia brachydactyla","Short-toed Treecreeper",0.136747717857361,69990,"Q3","L"
"Anser brachyrhynchus","Pink-footed Goose",0.136631846427917,69990,"Q3","L"
"Ficedula albicollis","Collared Flycatcher",0.131398126482964,69990,"Q3","L"
"Clanga clanga","Greater Spotted Eagle",0.119571276009083,69990,"Q3","L"
"Tyto alba","Barn Owl",0.117389440536499,69990,"Q3","L"
"Stercorarius skua","Great Skua",0.116319879889488,69990,"Q3","L"
"Charadrius morinellus","Eurasian Dotterel",0.115297056734562,69990,"Q3","L"
"Nycticorax nycticorax","Black-crowned Night Heron",0.108921930193901,69990,"Q3","L"
"Aythya nyroca","Ferruginous Duck",0.106737166643143,69990,"Q3","L"
"Gavia immer","Great Northern Diver",0.104791238903999,69990,"Q3","L"
"Turdus torquatus","Ring Ouzel",0.103176176548004,69990,"Q3","L"
"Luscinia megarhynchos","Common Nightingale",0.0997976660728455,69990,"Q3","L"
"Acanthis cabaret","Lesser Redpoll",0.0949103534221649,69990,"Q3","L"
"Phalaropus fulicarius","Grey Phalarope",0.0929037779569626,69990,"Q3","L"
"Circaetus gallicus","Short-toed Eagle",0.089072197675705,69990,"Q3","L"
"Falco rusticolus","Gyr Falcon",0.0878600403666496,69990,"Q3","L"
"Tadorna ferruginea","Ruddy Shelduck",0.0856902822852135,69990,"Q3","L"
"Perisoreus infaustus","Siberian Jay",0.0814146399497986,69990,"Q3","L"
"Phylloscopus proregulus","Pallas's Warbler",0.0807884857058525,69990,"Q3","L"
"Iduna caligata","Booted Warbler",0.0718159601092339,69990,"Q3","L"
"Anthus spinoletta","Water Pipit",0.0659080520272255,69990,"Q3","L"
"Egretta garzetta","Little Egret",0.0623905658721924,69990,"Q3","L"
"Hieraaetus pennatus","Booted Eagle",0.0620429068803787,69990,"Q3","L"
"Emberiza rustica","Rustic Bunting",0.0607161819934845,69990,"Q3","L"
"Dendrocopos syriacus","Syrian Woodpecker",0.0587892681360245,69990,"Q3","L"
"Gyps fulvus","Griffon Vulture",0.058753527700901,69990,"Q3","L"
"Anser erythropus","Lesser White-fronted Goose",0.0582265742123127,69990,"Q3","L"
"Platalea leucorodia","Eurasian Spoonbill",0.0577709004282951,69990,"Q3","L"
"Cyanistes cyanus","Azure Tit",0.0559953264892101,69990,"Q3","L"
"Xenus cinereus","Terek Sandpiper",0.0541963949799538,69990,"Q3","L"
"Fulmarus glacialis","Northern Fulmar",0.0528705343604088,69990,"Q3","L"
"Fratercula arctica","Atlantic Puffin",0.0470307543873787,69990,"Q3","L"
"Somateria spectabilis","King Eider",0.044745460152626,69990,"Q3","L"
"Rissa tridactyla","Black-legged Kittiwake",0.0421069152653217,69990,"Q3","L"
"Anthus richardi","Richard's Pipit",0.0419465191662312,69990,"Q3","L"
"Lanius minor","Lesser Grey Shrike",0.0406093001365662,69990,"Q3","L"
"Himantopus himantopus","Black-winged Stilt",0.0400943830609322,69990,"Q3","L"
"Cercotrichas galactotes","Rufous-tailed Scrub Robin",0.0396952256560326,69990,"Q3","L"
"Gavia adamsii","White-billed Diver",0.0390636548399925,69990,"Q3","L"
"Circus macrourus","Pallid Harrier",0.0388627648353577,69990,"Q3","L"
"Monticola saxatilis","Common Rock Thrush",0.0386489368975163,69990,"Q3","L"
"Bubulcus ibis","Western Cattle Egret",0.0383337140083313,69990,"Q3","L"
"Lanius senator","Woodchat Shrike",0.0371275432407856,69990,"Q3","L"
"Poecile cinctus","Siberian Tit",0.0358466729521751,69990,"Q3","L"
"Pyrrhocorax pyrrhocorax","Red-billed Chough",0.0357785224914551,69990,"Q3","L"
"Uria lomvia","Brünnich's Guillemot",0.0342528112232685,69990,"Q3","L"
"Prunella collaris","Alpine Accentor",0.0318467989563942,69990,"Q3","L"
"Aix galericulata","Mandarin Duck",0.0251052267849445,69990,"Q3","L"
"Anser caerulescens","Snow Goose",0.0248481687158346,69990,"Q3","L"
"Merops persicus","Blue-cheeked Bee-eater",0.0223716385662556,69990,"Q3","L"
"Emberiza pusilla","Little Bunting",0.0215214416384697,69990,"Q3","L"
"Ardea purpurea","Purple Heron",0.0212081894278526,69990,"Q3","L"
"Pyrrhocorax graculus","Alpine Chough",0.0205767247825861,69990,"Q3","L"
"Apus melba","Alpine Swift",0.0205458886921406,69990,"Q3","L"
"Emberiza cia","Rock Bunting",0.019476443529129,69990,"Q3","L"
"Lanius borealis","Northern Shrike",0.0190347749739885,69990,"Q3","L"
"Glareola pratincola","Collared Pratincole",0.0184060037136078,69990,"Q3","L"
"Ptyonoprogne rupestris","Eurasian Crag Martin",0.0182658787816763,69990,"Q3","L"
"Iduna pallida","Eastern Olivaceous Warbler",0.0156240640208125,69990,"Q3","L"
"Charadrius alexandrinus","Kentish Plover",0.015016202814877,69990,"Q3","L"
"Phoenicopterus roseus","Greater Flamingo",0.014812876470387,69990,"Q3","L"
"Falco naumanni","Lesser Kestrel",0.0147324483841658,69990,"Q3","L"
"Otus scops","Eurasian Scops Owl",0.0140043497085571,69990,"Q3","L"
"Cettia cetti","Cetti's Warbler",0.0135618690401316,69990,"Q3","L"
"Anser indicus","Bar-headed Goose",0.0131109384819865,69990,"Q3","L"
"Passer hispaniolensis","Spanish Sparrow",0.0125756850466132,69990,"Q3","L"
"Pterocles orientalis","Black-bellied Sandgrouse",0.0124744828790426,69990,"Q3","L"
"Burhinus oedicnemus","Stone-curlew",0.0121764903888106,69990,"Q3","L"
"Ardeola ralloides","Squacco Heron",0.0113752884790301,69990,"Q3","L"
"Corvus cornix","Hooded Crow",0.998566508293152,69992,"Q4","L"
"Parus major","Great Tit",0.995990633964539,69992,"Q4","L"
"Motacilla alba","Pied Wagtail/White Wagtail",0.982176721096039,69992,"Q4","L"
"Anas platyrhynchos","Mallard",0.981136500835419,69992,"Q4","L"
"Chroicocephalus ridibundus","Black-headed Gull",0.975928127765656,69992,"Q4","L"
"Fringilla coelebs","Common Chaffinch",0.963888823986053,69992,"Q4","L"
"Hirundo rustica","Barn Swallow",0.961904585361481,69992,"Q4","L"
"Sturnus vulgaris","Common Starling",0.959899961948395,69992,"Q4","L"
"Larus argentatus","Herring Gull",0.956129670143127,69992,"Q4","L"
"Cyanistes caeruleus","Eurasian Blue Tit",0.954958915710449,69992,"Q4","L"
"Apus apus","Common Swift",0.953650236129761,69992,"Q4","L"
"Erithacus rubecula","European Robin",0.952735483646393,69992,"Q4","L"
"Columba palumbus","Common Woodpigeon",0.943611025810242,69992,"Q4","L"
"Turdus merula","Eurasian Blackbird",0.943023681640625,69992,"Q4","L"
"Cygnus olor","Mute Swan",0.927139759063721,69992,"Q4","L"
"Corvus monedula","Eurasian Jackdaw",0.923734843730927,69992,"Q4","L"
"Turdus pilaris","Fieldfare",0.913159191608429,69992,"Q4","L"
"Garrulus glandarius","Eurasian Jay",0.897765278816223,69992,"Q4","L"
"Passer montanus","Eurasian Tree Sparrow",0.895674347877502,69992,"Q4","L"
"Bucephala clangula","Common Goldeneye",0.894942820072174,69992,"Q4","L"
"Ardea cinerea","Grey Heron",0.88712751865387,69992,"Q4","L"
"Pica pica","Common Magpie",0.88398939371109,69992,"Q4","L"
"Phylloscopus collybita","Common Chiffchaff",0.882179379463196,69992,"Q4","L"
"Corvus corax","Common Raven",0.875503540039062,69992,"Q4","L"
"Troglodytes troglodytes","Eurasian Wren",0.872008860111237,69992,"Q4","L"
"Larus canus","Common Gull",0.871996343135834,69992,"Q4","L"
"Alauda arvensis","Eurasian Skylark",0.865349590778351,69992,"Q4","L"
"Emberiza citrinella","Yellowhammer",0.865183532238007,69992,"Q4","L"
"Vanellus vanellus","Northern Lapwing",0.863335072994232,69992,"Q4","L"
"Phalacrocorax carbo","Great Cormorant",0.862572193145752,69992,"Q4","L"
"Phylloscopus trochilus","Willow Warbler",0.855053126811981,69992,"Q4","L"
"Delichon urbicum","Western House Martin",0.840437173843384,69992,"Q4","L"
"Mergus merganser","Goosander",0.83954507112503,69992,"Q4","L"
"Sterna hirundo","Common Tern",0.837250590324402,69992,"Q4","L"
"Curruca communis","Common Whitethroat",0.834714829921722,69992,"Q4","L"
"Turdus philomelos","Song Thrush",0.82976108789444,69992,"Q4","L"
"Sylvia atricapilla","Eurasian Blackcap",0.827096521854401,69992,"Q4","L"
"Regulus regulus","Goldcrest",0.824501037597656,69992,"Q4","L"
"Dendrocopos major","Great Spotted Woodpecker",0.822333693504333,69992,"Q4","L"
"Anthus pratensis","Meadow Pipit",0.820878386497498,69992,"Q4","L"
"Chloris chloris","European Greenfinch",0.820100545883179,69992,"Q4","L"
"Columba livia","Rock Dove",0.816328585147858,69992,"Q4","L"
"Buteo buteo","Common Buzzard",0.809055864810944,69992,"Q4","L"
"Carduelis carduelis","European Goldfinch",0.808663010597229,69992,"Q4","L"
"Pyrrhula pyrrhula","Eurasian Bullfinch",0.798480570316315,69992,"Q4","L"
"Podiceps cristatus","Great Crested Grebe",0.794719159603119,69992,"Q4","L"
"Larus marinus","Great Black-backed Gull",0.792882919311523,69992,"Q4","L"
"Cygnus cygnus","Whooper Swan",0.790484845638275,69992,"Q4","L"
"Fulica atra","Eurasian Coot",0.786567389965057,69992,"Q4","L"
"Corvus frugilegus","Rook",0.777539849281311,69992,"Q4","L"
"Spinus spinus","Eurasian Siskin",0.775316953659058,69992,"Q4","L"
"Passer domesticus","House Sparrow",0.772763669490814,69992,"Q4","L"
"Certhia familiaris","Eurasian Treecreeper",0.772552788257599,69992,"Q4","L"
"Linaria cannabina","Common Linnet",0.770956814289093,69992,"Q4","L"
"Cuculus canorus","Common Cuckoo",0.763258874416351,69992,"Q4","L"
"Grus grus","Common Crane",0.763216495513916,69992,"Q4","L"
"Emberiza schoeniclus","Common Reed Bunting",0.757172346115112,69992,"Q4","L"
"Accipiter nisus","Eurasian Sparrowhawk",0.753267407417297,69992,"Q4","L"
"Sitta europaea","Eurasian Nuthatch",0.750113248825073,69992,"Q4","L"
"Mareca penelope","Eurasian Wigeon",0.745318412780762,69992,"Q4","L"
"Bombycilla garrulus","Bohemian Waxwing",0.741213917732239,69992,"Q4","L"
"Fringilla montifringilla","Brambling",0.729242324829102,69992,"Q4","L"
"Ficedula hypoleuca","European Pied Flycatcher",0.720053553581238,69992,"Q4","L"
"Lophophanes cristatus","Crested Tit",0.717086017131805,69992,"Q4","L"
"Aythya fuligula","Tufted Duck",0.715933680534363,69992,"Q4","L"
"Gallinago gallinago","Common Snipe",0.709539949893951,69992,"Q4","L"
"Saxicola rubetra","Whinchat",0.708916485309601,69992,"Q4","L"
"Ardea alba","Great White Egret",0.707362651824951,69992,"Q4","L"
"Luscinia luscinia","Thrush Nightingale",0.706101655960083,69992,"Q4","L"
"Circus aeruginosus","Western Marsh Harrier",0.703826308250427,69992,"Q4","L"
"Calidris alpina","Dunlin",0.70015025138855,69992,"Q4","L"
"Haliaeetus albicilla","White-tailed Eagle",0.699612855911255,69992,"Q4","L"
"Phylloscopus sibilatrix","Wood Warbler",0.697046756744385,69992,"Q4","L"
"Coccothraustes coccothraustes","Hawfinch",0.696962058544159,69992,"Q4","L"
"Acrocephalus schoenobaenus","Sedge Warbler",0.695079147815704,69992,"Q4","L"
"Anas crecca","Eurasian/Green-winged Teal",0.694399952888489,69992,"Q4","L"
"Muscicapa striata","Spotted Flycatcher",0.692083716392517,69992,"Q4","L"
"Ciconia ciconia","White Stork",0.689157843589783,69992,"Q4","L"
"Turdus iliacus","Redwing",0.688722372055054,69992,"Q4","L"
"Anthus trivialis","Tree Pipit",0.687737584114075,69992,"Q4","L"
"Poecile palustris","Marsh Tit",0.687642276287079,69992,"Q4","L"
"Haematopus ostralegus","Eurasian Oystercatcher",0.685354113578796,69992,"Q4","L"
"Phoenicurus ochruros","Black Redstart",0.682881474494934,69992,"Q4","L"
"Lanius collurio","Red-backed Shrike",0.681362271308899,69992,"Q4","L"
"Curruca curruca","Lesser Whitethroat",0.678467154502869,69992,"Q4","L"
"Actitis hypoleucos","Common Sandpiper",0.677882671356201,69992,"Q4","L"
"Motacilla flava","Western Yellow Wagtail",0.677253842353821,69992,"Q4","L"
"Periparus ater","Coal Tit",0.676267623901367,69992,"Q4","L"
"Anser albifrons","Greater White-fronted Goose",0.672308027744293,69992,"Q4","L"
"Melanitta fusca","Velvet Scoter",0.670377254486084,69992,"Q4","L"
"Aegithalos caudatus","Long-tailed Tit",0.665836572647095,69992,"Q4","L"
"Circus cyaneus","Hen Harrier",0.66502857208252,69992,"Q4","L"
"Larus fuscus","Lesser Black-backed Gull",0.664618015289307,69992,"Q4","L"
"Phoenicurus phoenicurus","Common Redstart",0.662284970283508,69992,"Q4","L"
"Tringa totanus","Common Redshank",0.66087156534195,69992,"Q4","L"
"Dryocopus martius","Black Woodpecker",0.659854650497437,69992,"Q4","L"
"Clangula hyemalis","Long-tailed Duck",0.657807767391205,69992,"Q4","L"
"Branta leucopsis","Barnacle Goose",0.654451489448547,69992,"Q4","L"
"Sylvia borin","Garden Warbler",0.653943538665771,69992,"Q4","L"
"Oenanthe oenanthe","Northern Wheatear",0.653334736824036,69992,"Q4","L"
"Dryobates minor","Lesser Spotted Woodpecker",0.650652766227722,69992,"Q4","L"
"Tadorna tadorna","Common Shelduck",0.650061309337616,69992,"Q4","L"
"Carpodacus erythrinus","Common Rosefinch",0.643516182899475,69992,"Q4","L"
"Mergellus albellus","Smew",0.640317022800446,69992,"Q4","L"
"Lanius excubitor","Great Grey Shrike",0.639556109905243,69992,"Q4","L"
"Charadrius hiaticula","Common Ringed Plover",0.637450337409973,69992,"Q4","L"
"Loxia curvirostra","Common Crossbill",0.636278092861176,69992,"Q4","L"
"Prunella modularis","Dunnock",0.635991454124451,69992,"Q4","L"
"Dendrocoptes medius","Middle Spotted Woodpecker",0.63459312915802,69992,"Q4","L"
"Poecile montanus","Willow Tit",0.633110702037811,69992,"Q4","L"
"Accipiter gentilis","Eurasian Goshawk",0.633026003837585,69992,"Q4","L"
"Lullula arborea","Woodlark",0.631056427955627,69992,"Q4","L"
"Acrocephalus arundinaceus","Great Reed Warbler",0.629535675048828,69992,"Q4","L"
"Tringa nebularia","Common Greenshank",0.629406571388245,69992,"Q4","L"
"Turdus viscivorus","Mistle Thrush",0.628692626953125,69992,"Q4","L"
"Mareca strepera","Gadwall",0.62042248249054,69992,"Q4","L"
"Hydrocoloeus minutus","Little Gull",0.61792528629303,69992,"Q4","L"
"Aythya marila","Greater Scaup",0.61756432056427,69992,"Q4","L"
"Hippolais icterina","Icterine Warbler",0.612598359584808,69992,"Q4","L"
"Spatula clypeata","Northern Shoveler",0.609996557235718,69992,"Q4","L"
"Melanitta nigra","Common Scoter",0.604748010635376,69992,"Q4","L"
"Acrocephalus scirpaceus","Common Reed Warbler",0.60024493932724,69992,"Q4","L"
"Alcedo atthis","Common Kingfisher",0.598684072494507,69992,"Q4","L"
"Cygnus columbianus","Bewick's Swan",0.597072660923004,69992,"Q4","L"
"Panurus biarmicus","Bearded Tit",0.595444023609161,69992,"Q4","L"
"Calidris pugnax","Ruff",0.593389272689819,69992,"Q4","L"
"Gallinula chloropus","Common Moorhen",0.590073108673096,69992,"Q4","L"
"Chlidonias niger","Black Tern",0.589736342430115,69992,"Q4","L"
"Riparia riparia","Sand Martin",0.589051723480225,69992,"Q4","L"
"Acrocephalus palustris","Marsh Warbler",0.588929355144501,69992,"Q4","L"
"Tringa glareola","Wood Sandpiper",0.58695924282074,69992,"Q4","L"
"Pluvialis apricaria","European Golden Plover",0.585890054702759,69992,"Q4","L"
"Mergus serrator","Red-breasted Merganser",0.58516538143158,69992,"Q4","L"
"Botaurus stellaris","Great Bittern",0.578543424606323,69992,"Q4","L"
"Rallus aquaticus","Water Rail",0.578079640865326,69992,"Q4","L"
"Tringa ochropus","Green Sandpiper",0.577472746372223,69992,"Q4","L"
"Anser anser","Greylag Goose",0.577376484870911,69992,"Q4","L"
"Acanthis flammea","Common Redpoll",0.576821804046631,69992,"Q4","L"
"Buteo lagopus","Rough-legged Buzzard",0.576113939285278,69992,"Q4","L"
"Anas acuta","Northern Pintail",0.57598352432251,69992,"Q4","L"
"Oriolus oriolus","Eurasian Golden Oriole",0.57505214214325,69992,"Q4","L"
"Columba oenas","Stock Dove",0.572371244430542,69992,"Q4","L"
"Aythya ferina","Common Pochard",0.571863889694214,69992,"Q4","L"
"Numenius arquata","Eurasian Curlew",0.569767773151398,69992,"Q4","L"
"Nucifraga caryocatactes","Spotted Nutcracker",0.568470597267151,69992,"Q4","L"
"Perdix perdix","Grey Partridge",0.56793349981308,69992,"Q4","L"
"Branta bernicla","Brent Goose",0.564117968082428,69992,"Q4","L"
"Tachybaptus ruficollis","Little Grebe",0.557723164558411,69992,"Q4","L"
"Remiz pendulinus","Eurasian Penduline Tit",0.550921559333801,69992,"Q4","L"
"Spatula querquedula","Garganey",0.549222707748413,69992,"Q4","L"
"Asio otus","Long-eared Owl",0.548834562301636,69992,"Q4","L"
"Aegolius funereus","Tengmalm's Owl",0.547854781150818,69992,"Q4","L"
"Gavia stellata","Red-throated Diver",0.545781910419464,69992,"Q4","L"
"Podiceps grisegena","Red-necked Grebe",0.544644117355347,69992,"Q4","L"
"Scolopax rusticola","Eurasian Woodcock",0.539617598056793,69992,"Q4","L"
"Glaucidium passerinum","Eurasian Pygmy-Owl",0.538339197635651,69992,"Q4","L"
"Falco columbarius","Merlin",0.538037121295929,69992,"Q4","L"
"Plectrophenax nivalis","Snow Bunting",0.537374496459961,69992,"Q4","L"
"Gavia arctica","Black-throated Diver",0.535245776176453,69992,"Q4","L"
"Falco tinnunculus","Common Kestrel",0.534815669059753,69992,"Q4","L"
"Pluvialis squatarola","Grey Plover",0.529910445213318,69992,"Q4","L"
"Falco subbuteo","Eurasian Hobby",0.525250434875488,69992,"Q4","L"
"Pandion haliaetus","Osprey",0.523864030838013,69992,"Q4","L"
"Calcarius lapponicus","Lapland Bunting",0.520179927349091,69992,"Q4","L"
"Picus canus","Grey-headed Woodpecker",0.51924741268158,69992,"Q4","L"
"Strix aluco","Tawny Owl",0.5152268409729,69992,"Q4","L"
"Anser serrirostris","Tundra Bean Goose",0.514862418174744,69992,"Q4","L"
"Ficedula parva","Red-breasted Flycatcher",0.51457667350769,69992,"Q4","L"
"Anthus petrosus","Rock Pipit",0.507768154144287,69992,"Q4","L"
"Lyrurus tetrix","Black Grouse",0.506975412368774,69992,"Q4","L"
"Somateria mollissima","Common Eider",0.505766153335571,69992,"Q4","L"
"Eremophila alpestris","Shore Lark",0.504197597503662,69992,"Q4","L"
"Lymnocryptes minimus","Jack Snipe",0.504186749458313,69992,"Q4","L"
"Loxia pytyopsittacus","Parrot Crossbill",0.498293727636337,69992,"Q4","L"
"Pernis apivorus","European Honey-buzzard",0.497128874063492,69992,"Q4","L"
"Curruca nisoria","Barred Warbler",0.495529651641846,69992,"Q4","L"
"Anser fabalis","Taiga Bean Goose",0.494286239147186,69992,"Q4","L"
"Tetrastes bonasia","Hazel Grouse",0.493309646844864,69992,"Q4","L"
"Picoides tridactylus","Eurasian Three-toed Woodpecker",0.493183940649033,69992,"Q4","L"
"Alca torda","Razorbill",0.487577378749847,69992,"Q4","L"
"Linaria flavirostris","Twite",0.485317826271057,69992,"Q4","L"
"Asio flammeus","Short-eared Owl",0.48525282740593,69992,"Q4","L"
"Tringa erythropus","Spotted Redshank",0.482513010501862,69992,"Q4","L"
"Upupa epops","Eurasian Hoopoe",0.480314880609512,69992,"Q4","L"
"Locustella luscinioides","Savi's Warbler",0.479595750570297,69992,"Q4","L"
"Jynx torquilla","Eurasian Wryneck",0.476592242717743,69992,"Q4","L"
"Limosa limosa","Black-tailed Godwit",0.475861668586731,69992,"Q4","L"
"Strix uralensis","Ural Owl",0.475673019886017,69992,"Q4","L"
"Streptopelia decaocto","Collared Dove",0.474602401256561,69992,"Q4","L"
"Falco peregrinus","Peregrine Falcon",0.473745167255402,69992,"Q4","L"
"Crex crex","Corncrake",0.469042718410492,69992,"Q4","L"
"Bubo bubo","Eurasian Eagle Owl",0.46223983168602,69992,"Q4","L"
"Charadrius dubius","Little Ringed Plover",0.461494296789169,69992,"Q4","L"
"Dendrocopos leucotos","White-backed Woodpecker",0.460783272981644,69992,"Q4","L"
"Calidris minuta","Little Stint",0.460776805877686,69992,"Q4","L"
"Circus pygargus","Montagu's Harrier",0.459316223859787,69992,"Q4","L"
"Calidris alba","Sanderling",0.458180695772171,69992,"Q4","L"
"Calidris ferruginea","Curlew Sandpiper",0.455349564552307,69992,"Q4","L"
"Galerida cristata","Crested Lark",0.453762024641037,69992,"Q4","L"
"Clanga pomarina","Lesser Spotted Eagle",0.452827543020248,69992,"Q4","L"
"Pinicola enucleator","Pine Grosbeak",0.451474457979202,69992,"Q4","L"
"Podiceps auritus","Slavonian Grebe",0.448593258857727,69992,"Q4","L"
"Hydroprogne caspia","Caspian Tern",0.448358565568924,69992,"Q4","L"
"Tetrao urogallus","Western Capercaillie",0.446885973215103,69992,"Q4","L"
"Sternula albifrons","Little Tern",0.441412001848221,69992,"Q4","L"
"Larus cachinnans","Caspian Gull",0.440870136022568,69992,"Q4","L"
"Chlidonias leucopterus","White-winged Black Tern",0.440573424100876,69992,"Q4","L"
"Picus viridis","Eurasian Green Woodpecker",0.431169837713242,69992,"Q4","L"
"Phalaropus lobatus","Red-necked Phalarope",0.425494194030762,69992,"Q4","L"
"Podiceps nigricollis","Black-necked Grebe",0.420169204473495,69992,"Q4","L"
"Ciconia nigra","Black Stork",0.410898774862289,69992,"Q4","L"
"Zapornia parva","Little Crake",0.40751576423645,69992,"Q4","L"
"Anthus campestris","Tawny Pipit",0.406218677759171,69992,"Q4","L"
"Serinus serinus","European Serin",0.405564159154892,69992,"Q4","L"
"Calidris temminckii","Temminck's Stint",0.397001802921295,69992,"Q4","L"
"Locustella fluviatilis","River Warbler",0.394872546195984,69992,"Q4","L"
"Caprimulgus europaeus","Eurasian Nightjar",0.394755333662033,69992,"Q4","L"
"Sterna paradisaea","Arctic Tern",0.390736311674118,69992,"Q4","L"
"Locustella naevia","Common Grasshopper Warbler",0.389019012451172,69992,"Q4","L"
"Strix nebulosa","Great Grey Owl",0.3846415579319,69992,"Q4","L"
"Larus hyperboreus","Glaucous Gull",0.38103187084198,69992,"Q4","L"
"Phylloscopus trochiloides","Greenish Warbler",0.379075706005096,69992,"Q4","L"
"Gallinago media","Great Snipe",0.376867681741714,69992,"Q4","L"
"Anthus cervinus","Red-throated Pipit",0.375453501939774,69992,"Q4","L"
"Calidris canutus","Red Knot",0.368449300527573,69992,"Q4","L"
"Regulus ignicapilla","Common Firecrest",0.365984857082367,69992,"Q4","L"
"Chlidonias hybrida","Whiskered Tern",0.362385720014572,69992,"Q4","L"
"Porzana porzana","Spotted Crake",0.359873086214066,69992,"Q4","L"
"Emberiza calandra","Corn Bunting",0.35883304476738,69992,"Q4","L"
"Milvus migrans","Black Kite",0.356649786233902,69992,"Q4","L"
"Thalasseus sandvicensis","Sandwich Tern",0.356441736221313,69992,"Q4","L"
"Luscinia svecica","Bluethroat",0.351087987422943,69992,"Q4","L"
"Acrocephalus dumetorum","Blyth's Reed Warbler",0.347672462463379,69992,"Q4","L"
"Calidris falcinellus","Broad-billed Sandpiper",0.346448659896851,69992,"Q4","L"
"Coturnix coturnix","Common Quail",0.339590489864349,69992,"Q4","L"
"Limosa lapponica","Bar-tailed Godwit",0.338166207075119,69992,"Q4","L"
"Stercorarius parasiticus","Arctic Skua",0.336336225271225,69992,"Q4","L"
"Falco vespertinus","Red-footed Falcon",0.335084050893784,69992,"Q4","L"
"Phasianus colchicus","Common Pheasant",0.333761721849442,69992,"Q4","L"
"Streptopelia turtur","European Turtle Dove",0.330418288707733,69992,"Q4","L"
"Branta canadensis","Canada Goose",0.329745590686798,69992,"Q4","L"
"Loxia leucoptera","Two-barred Crossbill",0.328960001468658,69992,"Q4","L"
"Cinclus cinclus","White-throated Dipper",0.32890984416008,69992,"Q4","L"
"Milvus milvus","Red Kite",0.327397376298904,69992,"Q4","L"
"Arenaria interpres","Ruddy Turnstone",0.325926303863525,69992,"Q4","L"
"Emberiza hortulana","Ortolan Bunting",0.317869246006012,69992,"Q4","L"
"Motacilla cinerea","Grey Wagtail",0.314743161201477,69992,"Q4","L"
"Stercorarius longicaudus","Long-tailed Skua",0.3129703104496,69992,"Q4","L"
"Acrocephalus paludicola","Aquatic Warbler",0.311000436544418,69992,"Q4","L"
"Surnia ulula","Northern Hawk Owl",0.302382409572601,69992,"Q4","L"
"Ichthyaetus melanocephalus","Mediterranean Gull",0.300621271133423,69992,"Q4","L"
"Acanthis hornemanni","Arctic Redpoll",0.280954033136368,69992,"Q4","L"
"Uria aalge","Common Guillemot",0.271076530218124,69992,"Q4","L"
"Tringa stagnatilis","Marsh Sandpiper",0.262224704027176,69992,"Q4","L"
"Recurvirostra avosetta","Pied Avocet",0.261689275503159,69992,"Q4","L"
"Stercorarius pomarinus","Pomarine Skua",0.254398792982101,69992,"Q4","L"
"Coracias garrulus","European Roller",0.249824672937393,69992,"Q4","L"
"Motacilla citreola","Citrine Wagtail",0.247049868106842,69992,"Q4","L"
"Saxicola rubicola","European Stonechat",0.245584920048714,69992,"Q4","L"
"Lagopus muta","Rock Ptarmigan",0.244320333003998,69992,"Q4","L"
"Athene noctua","Little Owl",0.237666726112366,69992,"Q4","L"
"Lagopus lagopus","Red Grouse/Willow Grouse",0.227042123675346,69992,"Q4","L"
"Ixobrychus minutus","Little Bittern",0.220927447080612,69992,"Q4","L"
"Numenius phaeopus","Whimbrel",0.216725692152977,69992,"Q4","L"
"Calidris maritima","Purple Sandpiper",0.216146796941757,69992,"Q4","L"
"Phylloscopus inornatus","Yellow-browed Warbler",0.209747731685638,69992,"Q4","L"
"Merops apiaster","European Bee-eater",0.198350548744202,69992,"Q4","L"
"Aquila chrysaetos","Golden Eagle",0.198085874319077,69992,"Q4","L"
"Netta rufina","Red-crested Pochard",0.174886718392372,69992,"Q4","L"
"Cepphus grylle","Black Guillemot",0.174867540597916,69992,"Q4","L"
"Certhia brachydactyla","Short-toed Treecreeper",0.167618066072464,69992,"Q4","L"
"Bubo scandiacus","Snowy Owl",0.164317563176155,69992,"Q4","L"
"Ficedula albicollis","Collared Flycatcher",0.163739383220673,69992,"Q4","L"
"Clanga clanga","Greater Spotted Eagle",0.144505068659782,69992,"Q4","L"
"Aythya nyroca","Ferruginous Duck",0.134823054075241,69992,"Q4","L"
"Nycticorax nycticorax","Black-crowned Night Heron",0.133089855313301,69992,"Q4","L"
"Stercorarius skua","Great Skua",0.132091715931892,69992,"Q4","L"
"Tyto alba","Barn Owl",0.131670251488686,69992,"Q4","L"
"Circaetus gallicus","Short-toed Eagle",0.117682732641697,69992,"Q4","L"
"Luscinia megarhynchos","Common Nightingale",0.116795092821121,69992,"Q4","L"
"Anser brachyrhynchus","Pink-footed Goose",0.116732150316238,69992,"Q4","L"
"Charadrius morinellus","Eurasian Dotterel",0.11543295532465,69992,"Q4","L"
"Gavia immer","Great Northern Diver",0.115168064832687,69992,"Q4","L"
"Phalaropus fulicarius","Grey Phalarope",0.104254268109798,69992,"Q4","L"
"Tadorna ferruginea","Ruddy Shelduck",0.103001825511456,69992,"Q4","L"
"Turdus torquatus","Ring Ouzel",0.100831426680088,69992,"Q4","L"
"Falco rusticolus","Gyr Falcon",0.094197154045105,69992,"Q4","L"
"Phylloscopus proregulus","Pallas's Warbler",0.0912069901823997,69992,"Q4","L"
"Perisoreus infaustus","Siberian Jay",0.0882736220955849,69992,"Q4","L"
"Acanthis cabaret","Lesser Redpoll",0.0860784873366356,69992,"Q4","L"
"Iduna caligata","Booted Warbler",0.0856122523546219,69992,"Q4","L"
"Anthus spinoletta","Water Pipit",0.0799385756254196,69992,"Q4","L"
"Egretta garzetta","Little Egret",0.0794844552874565,69992,"Q4","L"
"Hieraaetus pennatus","Booted Eagle",0.0772254019975662,69992,"Q4","L"
"Dendrocopos syriacus","Syrian Woodpecker",0.0762342736124992,69992,"Q4","L"
"Cyanistes cyanus","Azure Tit",0.0755313709378242,69992,"Q4","L"
"Gyps fulvus","Griffon Vulture",0.0702172890305519,69992,"Q4","L"
"Platalea leucorodia","Eurasian Spoonbill",0.0690797716379166,69992,"Q4","L"
"Emberiza rustica","Rustic Bunting",0.065985694527626,69992,"Q4","L"
"Anser erythropus","Lesser White-fronted Goose",0.0644297301769257,69992,"Q4","L"
"Xenus cinereus","Terek Sandpiper",0.0619874931871891,69992,"Q4","L"
"Fulmarus glacialis","Northern Fulmar",0.0598386488854885,69992,"Q4","L"
"Lanius minor","Lesser Grey Shrike",0.0584951378405094,69992,"Q4","L"
"Cercotrichas galactotes","Rufous-tailed Scrub Robin",0.0578756891191006,69992,"Q4","L"
"Fratercula arctica","Atlantic Puffin",0.0524266511201859,69992,"Q4","L"
"Monticola saxatilis","Common Rock Thrush",0.0504232496023178,69992,"Q4","L"
"Somateria spectabilis","King Eider",0.0492234528064728,69992,"Q4","L"
"Himantopus himantopus","Black-winged Stilt",0.0486069321632385,69992,"Q4","L"
"Lanius senator","Woodchat Shrike",0.0481509305536747,69992,"Q4","L"
"Bubulcus ibis","Western Cattle Egret",0.0474199242889881,69992,"Q4","L"
"Anthus richardi","Richard's Pipit",0.0472488254308701,69992,"Q4","L"
"Rissa tridactyla","Black-legged Kittiwake",0.047226544469595,69992,"Q4","L"
"Pyrrhocorax pyrrhocorax","Red-billed Chough",0.0466646142303944,69992,"Q4","L"
"Circus macrourus","Pallid Harrier",0.0445192605257034,69992,"Q4","L"
"Gavia adamsii","White-billed Diver",0.0420417599380016,69992,"Q4","L"
"Prunella collaris","Alpine Accentor",0.0399321392178535,69992,"Q4","L"
"Uria lomvia","Brünnich's Guillemot",0.0381546579301357,69992,"Q4","L"
"Poecile cinctus","Siberian Tit",0.0373735465109348,69992,"Q4","L"
"Merops persicus","Blue-cheeked Bee-eater",0.0329499654471874,69992,"Q4","L"
"Ardea purpurea","Purple Heron",0.0285909324884415,69992,"Q4","L"
"Apus melba","Alpine Swift",0.0277285818010569,69992,"Q4","L"
"Aix galericulata","Mandarin Duck",0.0277168098837137,69992,"Q4","L"
"Pyrrhocorax graculus","Alpine Chough",0.0273240245878696,69992,"Q4","L"
"Glareola pratincola","Collared Pratincole",0.025275943800807,69992,"Q4","L"
"Emberiza cia","Rock Bunting",0.0247334893792868,69992,"Q4","L"
"Ptyonoprogne rupestris","Eurasian Crag Martin",0.0242474917322397,69992,"Q4","L"
"Emberiza pusilla","Little Bunting",0.0228078793734312,69992,"Q4","L"
"Iduna pallida","Eastern Olivaceous Warbler",0.0223774388432503,69992,"Q4","L"
"Anser caerulescens","Snow Goose",0.0220332983881235,69992,"Q4","L"
"Lanius borealis","Northern Shrike",0.0198485404253006,69992,"Q4","L"
"Charadrius alexandrinus","Kentish Plover",0.0196637827903032,69992,"Q4","L"
"Falco naumanni","Lesser Kestrel",0.0188723430037498,69992,"Q4","L"
"Cettia cetti","Cetti's Warbler",0.0184894278645515,69992,"Q4","L"
"Phoenicopterus roseus","Greater Flamingo",0.0182357244193554,69992,"Q4","L"
"Pterocles orientalis","Black-bellied Sandgrouse",0.0177198089659214,69992,"Q4","L"
"Otus scops","Eurasian Scops Owl",0.0174735076725483,69992,"Q4","L"
"Passer hispaniolensis","Spanish Sparrow",0.0171528030186892,69992,"Q4","L"
"Burhinus oedicnemus","Stone-curlew",0.0162382107228041,69992,"Q4","L"
"Ardeola ralloides","Squacco Heron",0.0148605015128851,69992,"Q4","L"
"Melanocorypha calandra","Calandra Lark",0.0136916609480977,69992,"Q4","L"
"Anser indicus","Bar-headed Goose",0.0123593742027879,69992,"Q4","L"
"Oenanthe melanoleuca","Eastern Black-eared Wheatear",0.0123340096324682,69992,"Q4","L"
"Tarsiger cyanurus","Red-flanked Bluetail",0.0108021879568696,69992,"Q4","L"
"Aegypius monachus","Black Vulture",0.0106765851378441,69992,"Q4","L"
"Plegadis falcinellus","Glossy Ibis",0.0105898166075349,69992,"Q4","L"
"Larus michahellis","Yellow-legged Gull",0.0105483988299966,69992,"Q4","L"
"Aquila heliaca","Imperial Eagle",0.0104160867631435,69992,"Q4","L"
"Calandrella brachydactyla","Greater Short-toed Lark",0.0103299226611853,69992,"Q4","L"
"Corvus cornix","Hooded Crow",0.998656332492828,69994,"Q2","M5"
"Parus major","Great Tit",0.996090471744537,69994,"Q2","M5"
"Motacilla alba","Pied Wagtail/White Wagtail",0.982712805271149,69994,"Q2","M5"
"Anas platyrhynchos","Mallard",0.981340527534485,69994,"Q2","M5"
"Chroicocephalus ridibundus","Black-headed Gull",0.975831151008606,69994,"Q2","M5"
"Fringilla coelebs","Common Chaffinch",0.964495360851288,69994,"Q2","M5"
"Hirundo rustica","Barn Swallow",0.962515711784363,69994,"Q2","M5"
"Sturnus vulgaris","Common Starling",0.95939713716507,69994,"Q2","M5"
"Cyanistes caeruleus","Eurasian Blue Tit",0.956774055957794,69994,"Q2","M5"
"Apus apus","Common Swift",0.956413328647614,69994,"Q2","M5"
"Larus argentatus","Herring Gull",0.955505430698395,69994,"Q2","M5"
"Erithacus rubecula","European Robin",0.954308450222015,69994,"Q2","M5"
"Columba palumbus","Common Woodpigeon",0.943516373634338,69994,"Q2","M5"
"Turdus merula","Eurasian Blackbird",0.943094849586487,69994,"Q2","M5"
"Corvus monedula","Eurasian Jackdaw",0.925814747810364,69994,"Q2","M5"
"Cygnus olor","Mute Swan",0.924450278282166,69994,"Q2","M5"
"Turdus pilaris","Fieldfare",0.914638102054596,69994,"Q2","M5"
"Passer montanus","Eurasian Tree Sparrow",0.900206327438354,69994,"Q2","M5"
"Garrulus glandarius","Eurasian Jay",0.899004697799683,69994,"Q2","M5"
"Bucephala clangula","Common Goldeneye",0.895988345146179,69994,"Q2","M5"
"Pica pica","Common Magpie",0.886949837207794,69994,"Q2","M5"
"Ardea cinerea","Grey Heron",0.886170208454132,69994,"Q2","M5"
"Phylloscopus collybita","Common Chiffchaff",0.886012196540833,69994,"Q2","M5"
"Corvus corax","Common Raven",0.879987061023712,69994,"Q2","M5"
"Troglodytes troglodytes","Eurasian Wren",0.873604357242584,69994,"Q2","M5"
"Larus canus","Common Gull",0.873506963253021,69994,"Q2","M5"
"Emberiza citrinella","Yellowhammer",0.866751670837402,69994,"Q2","M5"
"Alauda arvensis","Eurasian Skylark",0.866422772407532,69994,"Q2","M5"
"Vanellus vanellus","Northern Lapwing",0.863287925720215,69994,"Q2","M5"
"Phylloscopus trochilus","Willow Warbler",0.859068274497986,69994,"Q2","M5"
"Phalacrocorax carbo","Great Cormorant",0.857485175132751,69994,"Q2","M5"
"Delichon urbicum","Western House Martin",0.843523383140564,69994,"Q2","M5"
"Sterna hirundo","Common Tern",0.843423366546631,69994,"Q2","M5"
"Mergus merganser","Goosander",0.839305937290192,69994,"Q2","M5"
"Curruca communis","Common Whitethroat",0.837418675422668,69994,"Q2","M5"
"Turdus philomelos","Song Thrush",0.833521127700806,69994,"Q2","M5"
"Sylvia atricapilla","Eurasian Blackcap",0.830225229263306,69994,"Q2","M5"
"Regulus regulus","Goldcrest",0.829693019390106,69994,"Q2","M5"
"Dendrocopos major","Great Spotted Woodpecker",0.828911185264587,69994,"Q2","M5"
"Chloris chloris","European Greenfinch",0.826363444328308,69994,"Q2","M5"
"Columba livia","Rock Dove",0.825089573860168,69994,"Q2","M5"
"Anthus pratensis","Meadow Pipit",0.822694003582001,69994,"Q2","M5"
"Carduelis carduelis","European Goldfinch",0.813292384147644,69994,"Q2","M5"
"Buteo buteo","Common Buzzard",0.809328198432922,69994,"Q2","M5"
"Pyrrhula pyrrhula","Eurasian Bullfinch",0.806075096130371,69994,"Q2","M5"
"Podiceps cristatus","Great Crested Grebe",0.801837146282196,69994,"Q2","M5"
"Cygnus cygnus","Whooper Swan",0.795125424861908,69994,"Q2","M5"
"Fulica atra","Eurasian Coot",0.794947862625122,69994,"Q2","M5"
"Larus marinus","Great Black-backed Gull",0.791498005390167,69994,"Q2","M5"
"Certhia familiaris","Eurasian Treecreeper",0.784646332263947,69994,"Q2","M5"
"Spinus spinus","Eurasian Siskin",0.781038045883179,69994,"Q2","M5"
"Corvus frugilegus","Rook",0.77875941991806,69994,"Q2","M5"
"Passer domesticus","House Sparrow",0.773167073726654,69994,"Q2","M5"
"Linaria cannabina","Common Linnet",0.772253513336182,69994,"Q2","M5"
"Cuculus canorus","Common Cuckoo",0.771244764328003,69994,"Q2","M5"
"Grus grus","Common Crane",0.760390341281891,69994,"Q2","M5"
"Emberiza schoeniclus","Common Reed Bunting",0.760035037994385,69994,"Q2","M5"
"Sitta europaea","Eurasian Nuthatch",0.759371280670166,69994,"Q2","M5"
"Accipiter nisus","Eurasian Sparrowhawk",0.75826621055603,69994,"Q2","M5"
"Mareca penelope","Eurasian Wigeon",0.751776695251465,69994,"Q2","M5"
"Bombycilla garrulus","Bohemian Waxwing",0.748135328292847,69994,"Q2","M5"
"Fringilla montifringilla","Brambling",0.734488487243652,69994,"Q2","M5"
"Ficedula hypoleuca","European Pied Flycatcher",0.730289578437805,69994,"Q2","M5"
"Lophophanes cristatus","Crested Tit",0.728676915168762,69994,"Q2","M5"
"Aythya fuligula","Tufted Duck",0.728325724601746,69994,"Q2","M5"
"Luscinia luscinia","Thrush Nightingale",0.718398451805115,69994,"Q2","M5"
"Gallinago gallinago","Common Snipe",0.717139661312103,69994,"Q2","M5"
"Saxicola rubetra","Whinchat",0.716306686401367,69994,"Q2","M5"
"Ardea alba","Great White Egret",0.713000357151031,69994,"Q2","M5"
"Phylloscopus sibilatrix","Wood Warbler",0.707298159599304,69994,"Q2","M5"
"Coccothraustes coccothraustes","Hawfinch",0.705649614334106,69994,"Q2","M5"
"Circus aeruginosus","Western Marsh Harrier",0.704700469970703,69994,"Q2","M5"
"Calidris alpina","Dunlin",0.704599857330322,69994,"Q2","M5"
"Acrocephalus schoenobaenus","Sedge Warbler",0.703580737113953,69994,"Q2","M5"
"Muscicapa striata","Spotted Flycatcher",0.702563285827637,69994,"Q2","M5"
"Anas crecca","Eurasian/Green-winged Teal",0.702267408370972,69994,"Q2","M5"
"Haliaeetus albicilla","White-tailed Eagle",0.700461506843567,69994,"Q2","M5"
"Anthus trivialis","Tree Pipit",0.69741153717041,69994,"Q2","M5"
"Turdus iliacus","Redwing",0.695998430252075,69994,"Q2","M5"
"Haematopus ostralegus","Eurasian Oystercatcher",0.694226682186127,69994,"Q2","M5"
"Ciconia ciconia","White Stork",0.694079160690308,69994,"Q2","M5"
"Poecile palustris","Marsh Tit",0.693191409111023,69994,"Q2","M5"
"Phoenicurus ochruros","Black Redstart",0.690605521202087,69994,"Q2","M5"
"Periparus ater","Coal Tit",0.689742624759674,69994,"Q2","M5"
"Lanius collurio","Red-backed Shrike",0.686037123203278,69994,"Q2","M5"
"Actitis hypoleucos","Common Sandpiper",0.686034381389618,69994,"Q2","M5"
"Anser albifrons","Greater White-fronted Goose",0.683802664279938,69994,"Q2","M5"
"Motacilla flava","Western Yellow Wagtail",0.68327796459198,69994,"Q2","M5"
"Curruca curruca","Lesser Whitethroat",0.682567596435547,69994,"Q2","M5"
"Aegithalos caudatus","Long-tailed Tit",0.678093552589417,69994,"Q2","M5"
"Larus fuscus","Lesser Black-backed Gull",0.677527487277985,69994,"Q2","M5"
"Melanitta fusca","Velvet Scoter",0.676269948482513,69994,"Q2","M5"
"Circus cyaneus","Hen Harrier",0.675944209098816,69994,"Q2","M5"
"Dryocopus martius","Black Woodpecker",0.670750141143799,69994,"Q2","M5"
"Phoenicurus phoenicurus","Common Redstart",0.668948769569397,69994,"Q2","M5"
"Sylvia borin","Garden Warbler",0.667441129684448,69994,"Q2","M5"
"Tringa totanus","Common Redshank",0.664182126522064,69994,"Q2","M5"
"Oenanthe oenanthe","Northern Wheatear",0.660969853401184,69994,"Q2","M5"
"Branta leucopsis","Barnacle Goose",0.660609602928162,69994,"Q2","M5"
"Dryobates minor","Lesser Spotted Woodpecker",0.660291135311127,69994,"Q2","M5"
"Clangula hyemalis","Long-tailed Duck",0.658125400543213,69994,"Q2","M5"
"Carpodacus erythrinus","Common Rosefinch",0.65691077709198,69994,"Q2","M5"
"Tadorna tadorna","Common Shelduck",0.65357518196106,69994,"Q2","M5"
"Mergellus albellus","Smew",0.651846945285797,69994,"Q2","M5"
"Lanius excubitor","Great Grey Shrike",0.650337159633636,69994,"Q2","M5"
"Dendrocoptes medius","Middle Spotted Woodpecker",0.648651719093323,69994,"Q2","M5"
"Poecile montanus","Willow Tit",0.647847056388855,69994,"Q2","M5"
"Loxia curvirostra","Common Crossbill",0.645063698291779,69994,"Q2","M5"
"Lullula arborea","Woodlark",0.644985795021057,69994,"Q2","M5"
"Charadrius hiaticula","Common Ringed Plover",0.644982099533081,69994,"Q2","M5"
"Accipiter gentilis","Eurasian Goshawk",0.643157541751862,69994,"Q2","M5"
"Prunella modularis","Dunnock",0.642762959003448,69994,"Q2","M5"
"Turdus viscivorus","Mistle Thrush",0.637634098529816,69994,"Q2","M5"
"Tringa nebularia","Common Greenshank",0.636478304862976,69994,"Q2","M5"
"Acrocephalus arundinaceus","Great Reed Warbler",0.634616732597351,69994,"Q2","M5"
"Mareca strepera","Gadwall",0.631138741970062,69994,"Q2","M5"
"Aythya marila","Greater Scaup",0.629987478256226,69994,"Q2","M5"
"Hydrocoloeus minutus","Little Gull",0.625145971775055,69994,"Q2","M5"
"Spatula clypeata","Northern Shoveler",0.622734546661377,69994,"Q2","M5"
"Hippolais icterina","Icterine Warbler",0.618278503417969,69994,"Q2","M5"
"Alcedo atthis","Common Kingfisher",0.60955160856247,69994,"Q2","M5"
"Cygnus columbianus","Bewick's Swan",0.609399974346161,69994,"Q2","M5"
"Melanitta nigra","Common Scoter",0.608876585960388,69994,"Q2","M5"
"Panurus biarmicus","Bearded Tit",0.606913805007935,69994,"Q2","M5"
"Gallinula chloropus","Common Moorhen",0.606515884399414,69994,"Q2","M5"
"Acrocephalus scirpaceus","Common Reed Warbler",0.605777680873871,69994,"Q2","M5"
"Calidris pugnax","Ruff",0.600992202758789,69994,"Q2","M5"
"Riparia riparia","Sand Martin",0.600374221801758,69994,"Q2","M5"
"Tringa glareola","Wood Sandpiper",0.598897814750671,69994,"Q2","M5"
"Acrocephalus palustris","Marsh Warbler",0.598393380641937,69994,"Q2","M5"
"Mergus serrator","Red-breasted Merganser",0.596124231815338,69994,"Q2","M5"
"Chlidonias niger","Black Tern",0.595599412918091,69994,"Q2","M5"
"Tringa ochropus","Green Sandpiper",0.591570258140564,69994,"Q2","M5"
"Pluvialis apricaria","European Golden Plover",0.590956270694733,69994,"Q2","M5"
"Rallus aquaticus","Water Rail",0.589959383010864,69994,"Q2","M5"
"Botaurus stellaris","Great Bittern",0.588597059249878,69994,"Q2","M5"
"Anas acuta","Northern Pintail",0.588472425937653,69994,"Q2","M5"
"Aythya ferina","Common Pochard",0.586537182331085,69994,"Q2","M5"
"Acanthis flammea","Common Redpoll",0.586333692073822,69994,"Q2","M5"
"Buteo lagopus","Rough-legged Buzzard",0.585634827613831,69994,"Q2","M5"
"Columba oenas","Stock Dove",0.585420846939087,69994,"Q2","M5"
"Nucifraga caryocatactes","Spotted Nutcracker",0.583989858627319,69994,"Q2","M5"
"Oriolus oriolus","Eurasian Golden Oriole",0.582474052906036,69994,"Q2","M5"
"Perdix perdix","Grey Partridge",0.582106590270996,69994,"Q2","M5"
"Numenius arquata","Eurasian Curlew",0.57682478427887,69994,"Q2","M5"
"Anser anser","Greylag Goose",0.574898838996887,69994,"Q2","M5"
"Branta bernicla","Brent Goose",0.568992137908936,69994,"Q2","M5"
"Tachybaptus ruficollis","Little Grebe",0.568462669849396,69994,"Q2","M5"
"Asio otus","Long-eared Owl",0.563908576965332,69994,"Q2","M5"
"Remiz pendulinus","Eurasian Penduline Tit",0.560129284858704,69994,"Q2","M5"
"Spatula querquedula","Garganey",0.55832028388977,69994,"Q2","M5"
"Aegolius funereus","Tengmalm's Owl",0.557727873325348,69994,"Q2","M5"
"Podiceps grisegena","Red-necked Grebe",0.55647623538971,69994,"Q2","M5"
"Gavia stellata","Red-throated Diver",0.555151700973511,69994,"Q2","M5"
"Scolopax rusticola","Eurasian Woodcock",0.55220627784729,69994,"Q2","M5"
"Glaucidium passerinum","Eurasian Pygmy-Owl",0.549972534179688,69994,"Q2","M5"
"Falco columbarius","Merlin",0.548110723495483,69994,"Q2","M5"
"Gavia arctica","Black-throated Diver",0.546177506446838,69994,"Q2","M5"
"Plectrophenax nivalis","Snow Bunting",0.546152949333191,69994,"Q2","M5"
"Falco tinnunculus","Common Kestrel",0.541334629058838,69994,"Q2","M5"
"Falco subbuteo","Eurasian Hobby",0.540659666061401,69994,"Q2","M5"
"Pluvialis squatarola","Grey Plover",0.539148330688477,69994,"Q2","M5"
"Picus canus","Grey-headed Woodpecker",0.538866400718689,69994,"Q2","M5"
"Pandion haliaetus","Osprey",0.537779331207275,69994,"Q2","M5"
"Strix aluco","Tawny Owl",0.53168249130249,69994,"Q2","M5"
"Ficedula parva","Red-breasted Flycatcher",0.531597673892975,69994,"Q2","M5"
"Calcarius lapponicus","Lapland Bunting",0.529666900634766,69994,"Q2","M5"
"Anser serrirostris","Tundra Bean Goose",0.523939490318298,69994,"Q2","M5"
"Lyrurus tetrix","Black Grouse",0.522356629371643,69994,"Q2","M5"
"Eremophila alpestris","Shore Lark",0.514845490455627,69994,"Q2","M5"
"Pernis apivorus","European Honey-buzzard",0.512875080108643,69994,"Q2","M5"
"Curruca nisoria","Barred Warbler",0.512701213359833,69994,"Q2","M5"
"Tetrastes bonasia","Hazel Grouse",0.512080907821655,69994,"Q2","M5"
"Lymnocryptes minimus","Jack Snipe",0.512038469314575,69994,"Q2","M5"
"Somateria mollissima","Common Eider",0.512014985084534,69994,"Q2","M5"
"Picoides tridactylus","Eurasian Three-toed Woodpecker",0.507298231124878,69994,"Q2","M5"
"Anser fabalis","Taiga Bean Goose",0.506939172744751,69994,"Q2","M5"
"Loxia pytyopsittacus","Parrot Crossbill",0.500801086425781,69994,"Q2","M5"
"Asio flammeus","Short-eared Owl",0.499590307474136,69994,"Q2","M5"
"Jynx torquilla","Eurasian Wryneck",0.495627880096436,69994,"Q2","M5"
"Anthus petrosus","Rock Pipit",0.494171500205994,69994,"Q2","M5"
"Upupa epops","Eurasian Hoopoe",0.493417650461197,69994,"Q2","M5"
"Tringa erythropus","Spotted Redshank",0.493166476488113,69994,"Q2","M5"
"Locustella luscinioides","Savi's Warbler",0.492521464824677,69994,"Q2","M5"
"Strix uralensis","Ural Owl",0.491705298423767,69994,"Q2","M5"
"Limosa limosa","Black-tailed Godwit",0.489349722862244,69994,"Q2","M5"
"Alca torda","Razorbill",0.485487699508667,69994,"Q2","M5"
"Falco peregrinus","Peregrine Falcon",0.485321402549744,69994,"Q2","M5"
"Dendrocopos leucotos","White-backed Woodpecker",0.484580427408218,69994,"Q2","M5"
"Linaria flavirostris","Twite",0.483420312404633,69994,"Q2","M5"
"Bubo bubo","Eurasian Eagle Owl",0.482349187135696,69994,"Q2","M5"
"Crex crex","Corncrake",0.482287228107452,69994,"Q2","M5"
"Charadrius dubius","Little Ringed Plover",0.47430831193924,69994,"Q2","M5"
"Streptopelia decaocto","Collared Dove",0.472809731960297,69994,"Q2","M5"
"Calidris minuta","Little Stint",0.472143799066544,69994,"Q2","M5"
"Clanga pomarina","Lesser Spotted Eagle",0.471073299646378,69994,"Q2","M5"
"Circus pygargus","Montagu's Harrier",0.469458997249603,69994,"Q2","M5"
"Calidris alba","Sanderling",0.468857049942017,69994,"Q2","M5"
"Calidris ferruginea","Curlew Sandpiper",0.467143684625626,69994,"Q2","M5"
"Podiceps auritus","Slavonian Grebe",0.465413600206375,69994,"Q2","M5"
"Galerida cristata","Crested Lark",0.464380532503128,69994,"Q2","M5"
"Tetrao urogallus","Western Capercaillie",0.46045196056366,69994,"Q2","M5"
"Pinicola enucleator","Pine Grosbeak",0.459445118904114,69994,"Q2","M5"
"Chlidonias leucopterus","White-winged Black Tern",0.451758563518524,69994,"Q2","M5"
"Sternula albifrons","Little Tern",0.446583271026611,69994,"Q2","M5"
"Hydroprogne caspia","Caspian Tern",0.445590674877167,69994,"Q2","M5"
"Picus viridis","Eurasian Green Woodpecker",0.440797477960587,69994,"Q2","M5"
"Phalaropus lobatus","Red-necked Phalarope",0.435793608427048,69994,"Q2","M5"
"Larus cachinnans","Caspian Gull",0.433891952037811,69994,"Q2","M5"
"Podiceps nigricollis","Black-necked Grebe",0.432278335094452,69994,"Q2","M5"
"Zapornia parva","Little Crake",0.428239673376083,69994,"Q2","M5"
"Ciconia nigra","Black Stork",0.42589208483696,69994,"Q2","M5"
"Serinus serinus","European Serin",0.419859975576401,69994,"Q2","M5"
"Anthus campestris","Tawny Pipit",0.418520301580429,69994,"Q2","M5"
"Calidris temminckii","Temminck's Stint",0.410590618848801,69994,"Q2","M5"
"Caprimulgus europaeus","Eurasian Nightjar",0.409202933311462,69994,"Q2","M5"
"Locustella fluviatilis","River Warbler",0.403500765562057,69994,"Q2","M5"
"Phylloscopus trochiloides","Greenish Warbler",0.40151584148407,69994,"Q2","M5"
"Locustella naevia","Common Grasshopper Warbler",0.400963813066483,69994,"Q2","M5"
"Sterna paradisaea","Arctic Tern",0.39988249540329,69994,"Q2","M5"
"Strix nebulosa","Great Grey Owl",0.39553827047348,69994,"Q2","M5"
"Gallinago media","Great Snipe",0.392396360635757,69994,"Q2","M5"
"Anthus cervinus","Red-throated Pipit",0.391380786895752,69994,"Q2","M5"
"Larus hyperboreus","Glaucous Gull",0.390395134687424,69994,"Q2","M5"
"Regulus ignicapilla","Common Firecrest",0.377374321222305,69994,"Q2","M5"
"Acrocephalus dumetorum","Blyth's Reed Warbler",0.376792073249817,69994,"Q2","M5"
"Milvus migrans","Black Kite",0.374990880489349,69994,"Q2","M5"
"Porzana porzana","Spotted Crake",0.374369233846664,69994,"Q2","M5"
"Calidris canutus","Red Knot",0.373576611280441,69994,"Q2","M5"
"Chlidonias hybrida","Whiskered Tern",0.369840055704117,69994,"Q2","M5"
"Luscinia svecica","Bluethroat",0.366888880729675,69994,"Q2","M5"
"Calidris falcinellus","Broad-billed Sandpiper",0.363634616136551,69994,"Q2","M5"
"Emberiza calandra","Corn Bunting",0.362438678741455,69994,"Q2","M5"
"Coturnix coturnix","Common Quail",0.353815197944641,69994,"Q2","M5"
"Limosa lapponica","Bar-tailed Godwit",0.353724330663681,69994,"Q2","M5"
"Thalasseus sandvicensis","Sandwich Tern",0.353305459022522,69994,"Q2","M5"
"Stercorarius parasiticus","Arctic Skua",0.351681649684906,69994,"Q2","M5"
"Streptopelia turtur","European Turtle Dove",0.351440817117691,69994,"Q2","M5"
"Falco vespertinus","Red-footed Falcon",0.351289540529251,69994,"Q2","M5"
"Loxia leucoptera","Two-barred Crossbill",0.3396857380867,69994,"Q2","M5"
"Cinclus cinclus","White-throated Dipper",0.336326539516449,69994,"Q2","M5"
"Arenaria interpres","Ruddy Turnstone",0.335840076208115,69994,"Q2","M5"
"Branta canadensis","Canada Goose",0.329561948776245,69994,"Q2","M5"
"Emberiza hortulana","Ortolan Bunting",0.328083425760269,69994,"Q2","M5"
"Milvus milvus","Red Kite",0.327923983335495,69994,"Q2","M5"
"Phasianus colchicus","Common Pheasant",0.32559323310852,69994,"Q2","M5"
"Acrocephalus paludicola","Aquatic Warbler",0.323103070259094,69994,"Q2","M5"
"Stercorarius longicaudus","Long-tailed Skua",0.320803165435791,69994,"Q2","M5"
"Motacilla cinerea","Grey Wagtail",0.317724317312241,69994,"Q2","M5"
"Surnia ulula","Northern Hawk Owl",0.314782291650772,69994,"Q2","M5"
"Ichthyaetus melanocephalus","Mediterranean Gull",0.309303045272827,69994,"Q2","M5"
"Acanthis hornemanni","Arctic Redpoll",0.29292044043541,69994,"Q2","M5"
"Tringa stagnatilis","Marsh Sandpiper",0.278305619955063,69994,"Q2","M5"
"Uria aalge","Common Guillemot",0.26865816116333,69994,"Q2","M5"
"Recurvirostra avosetta","Pied Avocet",0.266994625329971,69994,"Q2","M5"
"Stercorarius pomarinus","Pomarine Skua",0.264402806758881,69994,"Q2","M5"
"Coracias garrulus","European Roller",0.264352798461914,69994,"Q2","M5"
"Motacilla citreola","Citrine Wagtail",0.260180532932281,69994,"Q2","M5"
"Athene noctua","Little Owl",0.252705752849579,69994,"Q2","M5"
"Lagopus muta","Rock Ptarmigan",0.251481145620346,69994,"Q2","M5"
"Saxicola rubicola","European Stonechat",0.247973993420601,69994,"Q2","M5"
"Lagopus lagopus","Red Grouse/Willow Grouse",0.239375486969948,69994,"Q2","M5"
"Ixobrychus minutus","Little Bittern",0.234234884381294,69994,"Q2","M5"
"Numenius phaeopus","Whimbrel",0.225494027137756,69994,"Q2","M5"
"Calidris maritima","Purple Sandpiper",0.223405331373215,69994,"Q2","M5"
"Phylloscopus inornatus","Yellow-browed Warbler",0.219871401786804,69994,"Q2","M5"
"Merops apiaster","European Bee-eater",0.210819035768509,69994,"Q2","M5"
"Aquila chrysaetos","Golden Eagle",0.209297433495522,69994,"Q2","M5"
"Netta rufina","Red-crested Pochard",0.181248068809509,69994,"Q2","M5"
"Cepphus grylle","Black Guillemot",0.181003287434578,69994,"Q2","M5"
"Ficedula albicollis","Collared Flycatcher",0.175086155533791,69994,"Q2","M5"
"Bubo scandiacus","Snowy Owl",0.16967785358429,69994,"Q2","M5"
"Certhia brachydactyla","Short-toed Treecreeper",0.167846098542213,69994,"Q2","M5"
"Clanga clanga","Greater Spotted Eagle",0.154024705290794,69994,"Q2","M5"
"Aythya nyroca","Ferruginous Duck",0.13880729675293,69994,"Q2","M5"
"Stercorarius skua","Great Skua",0.138643756508827,69994,"Q2","M5"
"Nycticorax nycticorax","Black-crowned Night Heron",0.137404501438141,69994,"Q2","M5"
"Tyto alba","Barn Owl",0.132166162133217,69994,"Q2","M5"
"Circaetus gallicus","Short-toed Eagle",0.128242090344429,69994,"Q2","M5"
"Charadrius morinellus","Eurasian Dotterel",0.118775449693203,69994,"Q2","M5"
"Gavia immer","Great Northern Diver",0.118573196232319,69994,"Q2","M5"
"Luscinia megarhynchos","Common Nightingale",0.113414503633976,69994,"Q2","M5"
"Phalaropus fulicarius","Grey Phalarope",0.110987327992916,69994,"Q2","M5"
"Tadorna ferruginea","Ruddy Shelduck",0.109856523573399,69994,"Q2","M5"
"Anser brachyrhynchus","Pink-footed Goose",0.107213079929352,69994,"Q2","M5"
"Turdus torquatus","Ring Ouzel",0.102509796619415,69994,"Q2","M5"
"Falco rusticolus","Gyr Falcon",0.100993536412716,69994,"Q2","M5"
"Perisoreus infaustus","Siberian Jay",0.0993203744292259,69994,"Q2","M5"
"Phylloscopus proregulus","Pallas's Warbler",0.0984618589282036,69994,"Q2","M5"
"Iduna caligata","Booted Warbler",0.0967067778110504,69994,"Q2","M5"
"Hieraaetus pennatus","Booted Eagle",0.0828738212585449,69994,"Q2","M5"
"Cyanistes cyanus","Azure Tit",0.082349494099617,69994,"Q2","M5"
"Egretta garzetta","Little Egret",0.0821153745055199,69994,"Q2","M5"
"Anthus spinoletta","Water Pipit",0.0795694068074226,69994,"Q2","M5"
"Dendrocopos syriacus","Syrian Woodpecker",0.0790787190198898,69994,"Q2","M5"
"Emberiza rustica","Rustic Bunting",0.0750816687941551,69994,"Q2","M5"
"Gyps fulvus","Griffon Vulture",0.0726521611213684,69994,"Q2","M5"
"Acanthis cabaret","Lesser Redpoll",0.0720962360501289,69994,"Q2","M5"
"Anser erythropus","Lesser White-fronted Goose",0.0703968480229378,69994,"Q2","M5"
"Platalea leucorodia","Eurasian Spoonbill",0.0700863748788834,69994,"Q2","M5"
"Xenus cinereus","Terek Sandpiper",0.0679391995072365,69994,"Q2","M5"
"Lanius minor","Lesser Grey Shrike",0.0642502009868622,69994,"Q2","M5"
"Fulmarus glacialis","Northern Fulmar",0.0640372410416603,69994,"Q2","M5"
"Cercotrichas galactotes","Rufous-tailed Scrub Robin",0.0623293854296207,69994,"Q2","M5"
"Fratercula arctica","Atlantic Puffin",0.0540465600788593,69994,"Q2","M5"
"Monticola saxatilis","Common Rock Thrush",0.052738681435585,69994,"Q2","M5"
"Himantopus himantopus","Black-winged Stilt",0.0515922717750072,69994,"Q2","M5"
"Somateria spectabilis","King Eider",0.0515142753720284,69994,"Q2","M5"
"Anthus richardi","Richard's Pipit",0.0514553003013134,69994,"Q2","M5"
"Rissa tridactyla","Black-legged Kittiwake",0.0504334196448326,69994,"Q2","M5"
"Lanius senator","Woodchat Shrike",0.0495183952152729,69994,"Q2","M5"
"Bubulcus ibis","Western Cattle Egret",0.0493777133524418,69994,"Q2","M5"
"Pyrrhocorax pyrrhocorax","Red-billed Chough",0.0486662648618221,69994,"Q2","M5"
"Circus macrourus","Pallid Harrier",0.048373881727457,69994,"Q2","M5"
"Gavia adamsii","White-billed Diver",0.046168863773346,69994,"Q2","M5"
"Poecile cinctus","Siberian Tit",0.0421298034489155,69994,"Q2","M5"
"Prunella collaris","Alpine Accentor",0.0414753928780556,69994,"Q2","M5"
"Uria lomvia","Brünnich's Guillemot",0.0399628430604935,69994,"Q2","M5"
"Merops persicus","Blue-cheeked Bee-eater",0.0359607376158237,69994,"Q2","M5"
"Apus melba","Alpine Swift",0.0297330673784018,69994,"Q2","M5"
"Ardea purpurea","Purple Heron",0.0296291075646877,69994,"Q2","M5"
"Pyrrhocorax graculus","Alpine Chough",0.0291597507894039,69994,"Q2","M5"
"Glareola pratincola","Collared Pratincole",0.0275144334882498,69994,"Q2","M5"
"Emberiza pusilla","Little Bunting",0.0262865424156189,69994,"Q2","M5"
"Emberiza cia","Rock Bunting",0.0261711459606886,69994,"Q2","M5"
"Ptyonoprogne rupestris","Eurasian Crag Martin",0.0257613118737936,69994,"Q2","M5"
"Aix galericulata","Mandarin Duck",0.0254165939986706,69994,"Q2","M5"
"Iduna pallida","Eastern Olivaceous Warbler",0.0239278562366962,69994,"Q2","M5"
"Anser caerulescens","Snow Goose",0.0212200302630663,69994,"Q2","M5"
"Charadrius alexandrinus","Kentish Plover",0.0205176882445812,69994,"Q2","M5"
"Cettia cetti","Cetti's Warbler",0.0200277473777533,69994,"Q2","M5"
"Falco naumanni","Lesser Kestrel",0.0200008768588305,69994,"Q2","M5"
"Lanius borealis","Northern Shrike",0.0197542030364275,69994,"Q2","M5"
"Pterocles orientalis","Black-bellied Sandgrouse",0.0195771940052509,69994,"Q2","M5"
"Otus scops","Eurasian Scops Owl",0.018688602373004,69994,"Q2","M5"
"Passer hispaniolensis","Spanish Sparrow",0.0184280257672071,69994,"Q2","M5"
"Phoenicopterus roseus","Greater Flamingo",0.017846966162324,69994,"Q2","M5"
"Burhinus oedicnemus","Stone-curlew",0.0173293519765139,69994,"Q2","M5"
"Ardeola ralloides","Squacco Heron",0.0156087959185243,69994,"Q2","M5"
"Melanocorypha calandra","Calandra Lark",0.0152511280030012,69994,"Q2","M5"
"Oenanthe melanoleuca","Eastern Black-eared Wheatear",0.0134542370215058,69994,"Q2","M5"
"Tarsiger cyanurus","Red-flanked Bluetail",0.0128571437671781,69994,"Q2","M5"
"Aegypius monachus","Black Vulture",0.0120790796354413,69994,"Q2","M5"
"Anser indicus","Bar-headed Goose",0.0118958037346601,69994,"Q2","M5"
"Aquila heliaca","Imperial Eagle",0.0113926995545626,69994,"Q2","M5"
"Plegadis falcinellus","Glossy Ibis",0.0112590594217181,69994,"Q2","M5"
"Calandrella brachydactyla","Greater Short-toed Lark",0.0112193273380399,69994,"Q2","M5"
"Larus michahellis","Yellow-legged Gull",0.0111029287800193,69994,"Q2","M5"
"Tetrax tetrax","Little Bustard",0.0104593392461538,69994,"Q2","M5"
"Corvus cornix","Hooded Crow",0.998666226863861,69995,"Q2","M4"
"Parus major","Great Tit",0.996076107025146,69995,"Q2","M4"
"Motacilla alba","Pied Wagtail/White Wagtail",0.982714116573334,69995,"Q2","M4"
"Anas platyrhynchos","Mallard",0.9813192486763,69995,"Q2","M4"
"Chroicocephalus ridibundus","Black-headed Gull",0.97578763961792,69995,"Q2","M4"
"Fringilla coelebs","Common Chaffinch",0.964564621448517,69995,"Q2","M4"
"Hirundo rustica","Barn Swallow",0.962511479854584,69995,"Q2","M4"
"Sturnus vulgaris","Common Starling",0.959253549575806,69995,"Q2","M4"
"Cyanistes caeruleus","Eurasian Blue Tit",0.956911027431488,69995,"Q2","M4"
"Apus apus","Common Swift",0.956429600715637,69995,"Q2","M4"
"Larus argentatus","Herring Gull",0.955479860305786,69995,"Q2","M4"
"Erithacus rubecula","European Robin",0.954344689846039,69995,"Q2","M4"
"Columba palumbus","Common Woodpigeon",0.943489193916321,69995,"Q2","M4"
"Turdus merula","Eurasian Blackbird",0.943140983581543,69995,"Q2","M4"
"Corvus monedula","Eurasian Jackdaw",0.925958335399628,69995,"Q2","M4"
"Cygnus olor","Mute Swan",0.92412656545639,69995,"Q2","M4"
"Turdus pilaris","Fieldfare",0.914882183074951,69995,"Q2","M4"
"Passer montanus","Eurasian Tree Sparrow",0.900355696678162,69995,"Q2","M4"
"Garrulus glandarius","Eurasian Jay",0.898807525634766,69995,"Q2","M4"
"Bucephala clangula","Common Goldeneye",0.896198630332947,69995,"Q2","M4"
"Pica pica","Common Magpie",0.886757493019104,69995,"Q2","M4"
"Ardea cinerea","Grey Heron",0.886000752449036,69995,"Q2","M4"
"Phylloscopus collybita","Common Chiffchaff",0.885899305343628,69995,"Q2","M4"
"Corvus corax","Common Raven",0.87997967004776,69995,"Q2","M4"
"Larus canus","Common Gull",0.873763561248779,69995,"Q2","M4"
"Troglodytes troglodytes","Eurasian Wren",0.873442828655243,69995,"Q2","M4"
"Emberiza citrinella","Yellowhammer",0.866638004779816,69995,"Q2","M4"
"Alauda arvensis","Eurasian Skylark",0.866428077220917,69995,"Q2","M4"
"Vanellus vanellus","Northern Lapwing",0.863417029380798,69995,"Q2","M4"
"Phylloscopus trochilus","Willow Warbler",0.859277248382568,69995,"Q2","M4"
"Phalacrocorax carbo","Great Cormorant",0.857042849063873,69995,"Q2","M4"
"Sterna hirundo","Common Tern",0.843835592269897,69995,"Q2","M4"
"Delichon urbicum","Western House Martin",0.84335333108902,69995,"Q2","M4"
"Mergus merganser","Goosander",0.839442193508148,69995,"Q2","M4"
"Curruca communis","Common Whitethroat",0.8372483253479,69995,"Q2","M4"
"Turdus philomelos","Song Thrush",0.83362740278244,69995,"Q2","M4"
"Sylvia atricapilla","Eurasian Blackcap",0.830027878284454,69995,"Q2","M4"
"Regulus regulus","Goldcrest",0.829938232898712,69995,"Q2","M4"
"Dendrocopos major","Great Spotted Woodpecker",0.829286634922028,69995,"Q2","M4"
"Chloris chloris","European Greenfinch",0.826470613479614,69995,"Q2","M4"
"Columba livia","Rock Dove",0.825226783752441,69995,"Q2","M4"
"Anthus pratensis","Meadow Pipit",0.822420835494995,69995,"Q2","M4"
"Carduelis carduelis","European Goldfinch",0.813307881355286,69995,"Q2","M4"
"Buteo buteo","Common Buzzard",0.808848798274994,69995,"Q2","M4"
"Pyrrhula pyrrhula","Eurasian Bullfinch",0.80645477771759,69995,"Q2","M4"
"Podiceps cristatus","Great Crested Grebe",0.802187621593475,69995,"Q2","M4"
"Cygnus cygnus","Whooper Swan",0.795882642269135,69995,"Q2","M4"
"Fulica atra","Eurasian Coot",0.795212030410767,69995,"Q2","M4"
"Larus marinus","Great Black-backed Gull",0.791208922863007,69995,"Q2","M4"
"Certhia familiaris","Eurasian Treecreeper",0.785122394561768,69995,"Q2","M4"
"Spinus spinus","Eurasian Siskin",0.781529545783997,69995,"Q2","M4"
"Corvus frugilegus","Rook",0.778283715248108,69995,"Q2","M4"
"Passer domesticus","House Sparrow",0.772674679756165,69995,"Q2","M4"
"Linaria cannabina","Common Linnet",0.771799981594086,69995,"Q2","M4"
"Cuculus canorus","Common Cuckoo",0.771625399589539,69995,"Q2","M4"
"Grus grus","Common Crane",0.759864449501038,69995,"Q2","M4"
"Emberiza schoeniclus","Common Reed Bunting",0.759829878807068,69995,"Q2","M4"
"Sitta europaea","Eurasian Nuthatch",0.759533941745758,69995,"Q2","M4"
"Accipiter nisus","Eurasian Sparrowhawk",0.758213698863983,69995,"Q2","M4"
"Mareca penelope","Eurasian Wigeon",0.752083778381348,69995,"Q2","M4"
"Bombycilla garrulus","Bohemian Waxwing",0.7484450340271,69995,"Q2","M4"
"Fringilla montifringilla","Brambling",0.734572231769562,69995,"Q2","M4"
"Ficedula hypoleuca","European Pied Flycatcher",0.731041669845581,69995,"Q2","M4"
"Aythya fuligula","Tufted Duck",0.729259014129639,69995,"Q2","M4"
"Lophophanes cristatus","Crested Tit",0.72872531414032,69995,"Q2","M4"
"Luscinia luscinia","Thrush Nightingale",0.718836009502411,69995,"Q2","M4"
"Gallinago gallinago","Common Snipe",0.717536866664886,69995,"Q2","M4"
"Saxicola rubetra","Whinchat",0.7163405418396,69995,"Q2","M4"
"Ardea alba","Great White Egret",0.712964713573456,69995,"Q2","M4"
"Phylloscopus sibilatrix","Wood Warbler",0.70758056640625,69995,"Q2","M4"
"Coccothraustes coccothraustes","Hawfinch",0.705528974533081,69995,"Q2","M4"
"Calidris alpina","Dunlin",0.704649090766907,69995,"Q2","M4"
"Circus aeruginosus","Western Marsh Harrier",0.704220533370972,69995,"Q2","M4"
"Acrocephalus schoenobaenus","Sedge Warbler",0.703727006912231,69995,"Q2","M4"
"Muscicapa striata","Spotted Flycatcher",0.702985286712646,69995,"Q2","M4"
"Anas crecca","Eurasian/Green-winged Teal",0.702967464923859,69995,"Q2","M4"
"Haliaeetus albicilla","White-tailed Eagle",0.700530290603638,69995,"Q2","M4"
"Anthus trivialis","Tree Pipit",0.6980299949646,69995,"Q2","M4"
"Turdus iliacus","Redwing",0.696694374084473,69995,"Q2","M4"
"Haematopus ostralegus","Eurasian Oystercatcher",0.694862961769104,69995,"Q2","M4"
"Ciconia ciconia","White Stork",0.693903923034668,69995,"Q2","M4"
"Poecile palustris","Marsh Tit",0.692923188209534,69995,"Q2","M4"
"Periparus ater","Coal Tit",0.690570414066315,69995,"Q2","M4"
"Phoenicurus ochruros","Black Redstart",0.690373778343201,69995,"Q2","M4"
"Actitis hypoleucos","Common Sandpiper",0.686517596244812,69995,"Q2","M4"
"Lanius collurio","Red-backed Shrike",0.685710787773132,69995,"Q2","M4"
"Anser albifrons","Greater White-fronted Goose",0.68444812297821,69995,"Q2","M4"
"Motacilla flava","Western Yellow Wagtail",0.682976603507996,69995,"Q2","M4"
"Curruca curruca","Lesser Whitethroat",0.682784140110016,69995,"Q2","M4"
"Aegithalos caudatus","Long-tailed Tit",0.678350567817688,69995,"Q2","M4"
"Larus fuscus","Lesser Black-backed Gull",0.67832362651825,69995,"Q2","M4"
"Circus cyaneus","Hen Harrier",0.676210999488831,69995,"Q2","M4"
"Melanitta fusca","Velvet Scoter",0.67603075504303,69995,"Q2","M4"
"Dryocopus martius","Black Woodpecker",0.6712965965271,69995,"Q2","M4"
"Phoenicurus phoenicurus","Common Redstart",0.669103860855103,69995,"Q2","M4"
"Sylvia borin","Garden Warbler",0.668364465236664,69995,"Q2","M4"
"Tringa totanus","Common Redshank",0.663954496383667,69995,"Q2","M4"
"Branta leucopsis","Barnacle Goose",0.661586284637451,69995,"Q2","M4"
"Oenanthe oenanthe","Northern Wheatear",0.661391258239746,69995,"Q2","M4"
"Dryobates minor","Lesser Spotted Woodpecker",0.660466194152832,69995,"Q2","M4"
"Clangula hyemalis","Long-tailed Duck",0.657848238945007,69995,"Q2","M4"
"Carpodacus erythrinus","Common Rosefinch",0.657776236534119,69995,"Q2","M4"
"Tadorna tadorna","Common Shelduck",0.653415083885193,69995,"Q2","M4"
"Mergellus albellus","Smew",0.652112483978271,69995,"Q2","M4"
"Lanius excubitor","Great Grey Shrike",0.650686860084534,69995,"Q2","M4"
"Dendrocoptes medius","Middle Spotted Woodpecker",0.649135529994965,69995,"Q2","M4"
"Poecile montanus","Willow Tit",0.64825838804245,69995,"Q2","M4"
"Loxia curvirostra","Common Crossbill",0.645450592041016,69995,"Q2","M4"
"Charadrius hiaticula","Common Ringed Plover",0.645378470420837,69995,"Q2","M4"
"Lullula arborea","Woodlark",0.645302414894104,69995,"Q2","M4"
"Accipiter gentilis","Eurasian Goshawk",0.643595457077026,69995,"Q2","M4"
"Prunella modularis","Dunnock",0.642916083335876,69995,"Q2","M4"
"Turdus viscivorus","Mistle Thrush",0.637966692447662,69995,"Q2","M4"
"Tringa nebularia","Common Greenshank",0.637093544006348,69995,"Q2","M4"
"Acrocephalus arundinaceus","Great Reed Warbler",0.634334683418274,69995,"Q2","M4"
"Mareca strepera","Gadwall",0.631935119628906,69995,"Q2","M4"
"Aythya marila","Greater Scaup",0.630492806434631,69995,"Q2","M4"
"Hydrocoloeus minutus","Little Gull",0.625551640987396,69995,"Q2","M4"
"Spatula clypeata","Northern Shoveler",0.623399615287781,69995,"Q2","M4"
"Hippolais icterina","Icterine Warbler",0.618263185024261,69995,"Q2","M4"
"Cygnus columbianus","Bewick's Swan",0.609992682933807,69995,"Q2","M4"
"Alcedo atthis","Common Kingfisher",0.609839975833893,69995,"Q2","M4"
"Melanitta nigra","Common Scoter",0.60852587223053,69995,"Q2","M4"
"Panurus biarmicus","Bearded Tit",0.607527077198029,69995,"Q2","M4"
"Gallinula chloropus","Common Moorhen",0.606915473937988,69995,"Q2","M4"
"Acrocephalus scirpaceus","Common Reed Warbler",0.605593085289001,69995,"Q2","M4"
"Calidris pugnax","Ruff",0.6014124751091,69995,"Q2","M4"
"Riparia riparia","Sand Martin",0.600706934928894,69995,"Q2","M4"
"Tringa glareola","Wood Sandpiper",0.599666833877563,69995,"Q2","M4"
"Acrocephalus palustris","Marsh Warbler",0.59844708442688,69995,"Q2","M4"
"Mergus serrator","Red-breasted Merganser",0.596711337566376,69995,"Q2","M4"
"Chlidonias niger","Black Tern",0.595137715339661,69995,"Q2","M4"
"Tringa ochropus","Green Sandpiper",0.592134952545166,69995,"Q2","M4"
"Pluvialis apricaria","European Golden Plover",0.590766608715057,69995,"Q2","M4"
"Rallus aquaticus","Water Rail",0.590337336063385,69995,"Q2","M4"
"Botaurus stellaris","Great Bittern",0.588837385177612,69995,"Q2","M4"
"Anas acuta","Northern Pintail",0.58871865272522,69995,"Q2","M4"
"Aythya ferina","Common Pochard",0.587178647518158,69995,"Q2","M4"
"Acanthis flammea","Common Redpoll",0.586594939231873,69995,"Q2","M4"
"Buteo lagopus","Rough-legged Buzzard",0.585783839225769,69995,"Q2","M4"
"Columba oenas","Stock Dove",0.585627019405365,69995,"Q2","M4"
"Nucifraga caryocatactes","Spotted Nutcracker",0.584479093551636,69995,"Q2","M4"
"Oriolus oriolus","Eurasian Golden Oriole",0.582598686218262,69995,"Q2","M4"
"Perdix perdix","Grey Partridge",0.582216620445251,69995,"Q2","M4"
"Numenius arquata","Eurasian Curlew",0.577755451202393,69995,"Q2","M4"
"Anser anser","Greylag Goose",0.574770569801331,69995,"Q2","M4"
"Branta bernicla","Brent Goose",0.568909347057343,69995,"Q2","M4"
"Tachybaptus ruficollis","Little Grebe",0.568598508834839,69995,"Q2","M4"
"Asio otus","Long-eared Owl",0.564453125,69995,"Q2","M4"
"Remiz pendulinus","Eurasian Penduline Tit",0.560228705406189,69995,"Q2","M4"
"Spatula querquedula","Garganey",0.557919383049011,69995,"Q2","M4"
"Aegolius funereus","Tengmalm's Owl",0.55761182308197,69995,"Q2","M4"
"Podiceps grisegena","Red-necked Grebe",0.557347774505615,69995,"Q2","M4"
"Gavia stellata","Red-throated Diver",0.555324673652649,69995,"Q2","M4"
"Scolopax rusticola","Eurasian Woodcock",0.552816033363342,69995,"Q2","M4"
"Glaucidium passerinum","Eurasian Pygmy-Owl",0.550076842308044,69995,"Q2","M4"
"Falco columbarius","Merlin",0.548475503921509,69995,"Q2","M4"
"Gavia arctica","Black-throated Diver",0.54675018787384,69995,"Q2","M4"
"Plectrophenax nivalis","Snow Bunting",0.546504020690918,69995,"Q2","M4"
"Falco tinnunculus","Common Kestrel",0.541611194610596,69995,"Q2","M4"
"Falco subbuteo","Eurasian Hobby",0.541499495506287,69995,"Q2","M4"
"Pluvialis squatarola","Grey Plover",0.539616465568542,69995,"Q2","M4"
"Picus canus","Grey-headed Woodpecker",0.539615631103516,69995,"Q2","M4"
"Pandion haliaetus","Osprey",0.53881561756134,69995,"Q2","M4"
"Ficedula parva","Red-breasted Flycatcher",0.532553553581238,69995,"Q2","M4"
"Strix aluco","Tawny Owl",0.532279253005981,69995,"Q2","M4"
"Calcarius lapponicus","Lapland Bunting",0.529426336288452,69995,"Q2","M4"
"Anser serrirostris","Tundra Bean Goose",0.524137139320374,69995,"Q2","M4"
"Lyrurus tetrix","Black Grouse",0.523197710514069,69995,"Q2","M4"
"Eremophila alpestris","Shore Lark",0.51484876871109,69995,"Q2","M4"
"Curruca nisoria","Barred Warbler",0.513735294342041,69995,"Q2","M4"
"Pernis apivorus","European Honey-buzzard",0.513585567474365,69995,"Q2","M4"
"Tetrastes bonasia","Hazel Grouse",0.512884497642517,69995,"Q2","M4"
"Lymnocryptes minimus","Jack Snipe",0.512378454208374,69995,"Q2","M4"
"Somateria mollissima","Common Eider",0.512168407440186,69995,"Q2","M4"
"Anser fabalis","Taiga Bean Goose",0.50803005695343,69995,"Q2","M4"
"Picoides tridactylus","Eurasian Three-toed Woodpecker",0.5076904296875,69995,"Q2","M4"
"Loxia pytyopsittacus","Parrot Crossbill",0.500560998916626,69995,"Q2","M4"
"Asio flammeus","Short-eared Owl",0.500387012958527,69995,"Q2","M4"
"Jynx torquilla","Eurasian Wryneck",0.496712952852249,69995,"Q2","M4"
"Upupa epops","Eurasian Hoopoe",0.493815660476685,69995,"Q2","M4"
"Tringa erythropus","Spotted Redshank",0.493463456630707,69995,"Q2","M4"
"Locustella luscinioides","Savi's Warbler",0.4931381046772,69995,"Q2","M4"
"Anthus petrosus","Rock Pipit",0.492584615945816,69995,"Q2","M4"
"Strix uralensis","Ural Owl",0.492069453001022,69995,"Q2","M4"
"Limosa limosa","Black-tailed Godwit",0.489687561988831,69995,"Q2","M4"
"Falco peregrinus","Peregrine Falcon",0.486051619052887,69995,"Q2","M4"
"Dendrocopos leucotos","White-backed Woodpecker",0.485816180706024,69995,"Q2","M4"
"Alca torda","Razorbill",0.484927147626877,69995,"Q2","M4"
"Bubo bubo","Eurasian Eagle Owl",0.483230620622635,69995,"Q2","M4"
"Linaria flavirostris","Twite",0.482834607362747,69995,"Q2","M4"
"Crex crex","Corncrake",0.482803106307983,69995,"Q2","M4"
"Charadrius dubius","Little Ringed Plover",0.474746763706207,69995,"Q2","M4"
"Calidris minuta","Little Stint",0.472551196813583,69995,"Q2","M4"
"Clanga pomarina","Lesser Spotted Eagle",0.47207048535347,69995,"Q2","M4"
"Streptopelia decaocto","Collared Dove",0.471834629774094,69995,"Q2","M4"
"Calidris alba","Sanderling",0.469710409641266,69995,"Q2","M4"
"Circus pygargus","Montagu's Harrier",0.469432383775711,69995,"Q2","M4"
"Calidris ferruginea","Curlew Sandpiper",0.46768194437027,69995,"Q2","M4"
"Podiceps auritus","Slavonian Grebe",0.466463983058929,69995,"Q2","M4"
"Galerida cristata","Crested Lark",0.464432299137115,69995,"Q2","M4"
"Tetrao urogallus","Western Capercaillie",0.460977643728256,69995,"Q2","M4"
"Pinicola enucleator","Pine Grosbeak",0.459444284439087,69995,"Q2","M4"
"Chlidonias leucopterus","White-winged Black Tern",0.452088832855225,69995,"Q2","M4"
"Sternula albifrons","Little Tern",0.446275115013123,69995,"Q2","M4"
"Hydroprogne caspia","Caspian Tern",0.445306777954102,69995,"Q2","M4"
"Picus viridis","Eurasian Green Woodpecker",0.440557539463043,69995,"Q2","M4"
"Phalaropus lobatus","Red-necked Phalarope",0.435980796813965,69995,"Q2","M4"
"Larus cachinnans","Caspian Gull",0.432764232158661,69995,"Q2","M4"
"Podiceps nigricollis","Black-necked Grebe",0.432043045759201,69995,"Q2","M4"
"Zapornia parva","Little Crake",0.429380893707275,69995,"Q2","M4"
"Ciconia nigra","Black Stork",0.42669466137886,69995,"Q2","M4"
"Serinus serinus","European Serin",0.420506656169891,69995,"Q2","M4"
"Anthus campestris","Tawny Pipit",0.419388502836227,69995,"Q2","M4"
"Calidris temminckii","Temminck's Stint",0.411311656236649,69995,"Q2","M4"
"Caprimulgus europaeus","Eurasian Nightjar",0.40977954864502,69995,"Q2","M4"
"Locustella fluviatilis","River Warbler",0.403426289558411,69995,"Q2","M4"
"Phylloscopus trochiloides","Greenish Warbler",0.403070360422134,69995,"Q2","M4"
"Locustella naevia","Common Grasshopper Warbler",0.401427924633026,69995,"Q2","M4"
"Sterna paradisaea","Arctic Tern",0.401216357946396,69995,"Q2","M4"
"Strix nebulosa","Great Grey Owl",0.39554101228714,69995,"Q2","M4"
"Gallinago media","Great Snipe",0.393035292625427,69995,"Q2","M4"
"Anthus cervinus","Red-throated Pipit",0.392514556646347,69995,"Q2","M4"
"Larus hyperboreus","Glaucous Gull",0.390903741121292,69995,"Q2","M4"
"Acrocephalus dumetorum","Blyth's Reed Warbler",0.379016250371933,69995,"Q2","M4"
"Regulus ignicapilla","Common Firecrest",0.377315104007721,69995,"Q2","M4"
"Milvus migrans","Black Kite",0.375973403453827,69995,"Q2","M4"
"Porzana porzana","Spotted Crake",0.37507888674736,69995,"Q2","M4"
"Calidris canutus","Red Knot",0.373981267213821,69995,"Q2","M4"
"Chlidonias hybrida","Whiskered Tern",0.369947910308838,69995,"Q2","M4"
"Luscinia svecica","Bluethroat",0.367534041404724,69995,"Q2","M4"
"Calidris falcinellus","Broad-billed Sandpiper",0.364727079868317,69995,"Q2","M4"
"Emberiza calandra","Corn Bunting",0.361966580152512,69995,"Q2","M4"
"Limosa lapponica","Bar-tailed Godwit",0.35513436794281,69995,"Q2","M4"
"Coturnix coturnix","Common Quail",0.354552209377289,69995,"Q2","M4"
"Stercorarius parasiticus","Arctic Skua",0.35293447971344,69995,"Q2","M4"
"Streptopelia turtur","European Turtle Dove",0.352868884801865,69995,"Q2","M4"
"Thalasseus sandvicensis","Sandwich Tern",0.35282689332962,69995,"Q2","M4"
"Falco vespertinus","Red-footed Falcon",0.35181000828743,69995,"Q2","M4"
"Loxia leucoptera","Two-barred Crossbill",0.340581476688385,69995,"Q2","M4"
"Cinclus cinclus","White-throated Dipper",0.336870729923248,69995,"Q2","M4"
"Arenaria interpres","Ruddy Turnstone",0.33686301112175,69995,"Q2","M4"
"Branta canadensis","Canada Goose",0.329674392938614,69995,"Q2","M4"
"Emberiza hortulana","Ortolan Bunting",0.328417539596558,69995,"Q2","M4"
"Milvus milvus","Red Kite",0.328164845705032,69995,"Q2","M4"
"Phasianus colchicus","Common Pheasant",0.324785560369492,69995,"Q2","M4"
"Acrocephalus paludicola","Aquatic Warbler",0.322623908519745,69995,"Q2","M4"
"Stercorarius longicaudus","Long-tailed Skua",0.321094930171967,69995,"Q2","M4"
"Motacilla cinerea","Grey Wagtail",0.317998558282852,69995,"Q2","M4"
"Surnia ulula","Northern Hawk Owl",0.315384387969971,69995,"Q2","M4"
"Ichthyaetus melanocephalus","Mediterranean Gull",0.31019926071167,69995,"Q2","M4"
"Acanthis hornemanni","Arctic Redpoll",0.293348103761673,69995,"Q2","M4"
"Tringa stagnatilis","Marsh Sandpiper",0.27882531285286,69995,"Q2","M4"
"Uria aalge","Common Guillemot",0.268008142709732,69995,"Q2","M4"
"Recurvirostra avosetta","Pied Avocet",0.266939669847488,69995,"Q2","M4"
"Coracias garrulus","European Roller",0.265685617923737,69995,"Q2","M4"
"Stercorarius pomarinus","Pomarine Skua",0.265364974737167,69995,"Q2","M4"
"Motacilla citreola","Citrine Wagtail",0.260320335626602,69995,"Q2","M4"
"Athene noctua","Little Owl",0.253369748592377,69995,"Q2","M4"
"Lagopus muta","Rock Ptarmigan",0.251385092735291,69995,"Q2","M4"
"Saxicola rubicola","European Stonechat",0.247506603598595,69995,"Q2","M4"
"Lagopus lagopus","Red Grouse/Willow Grouse",0.24022188782692,69995,"Q2","M4"
"Ixobrychus minutus","Little Bittern",0.234999909996986,69995,"Q2","M4"
"Numenius phaeopus","Whimbrel",0.226604521274567,69995,"Q2","M4"
"Calidris maritima","Purple Sandpiper",0.224228143692017,69995,"Q2","M4"
"Phylloscopus inornatus","Yellow-browed Warbler",0.220484688878059,69995,"Q2","M4"
"Merops apiaster","European Bee-eater",0.210861518979073,69995,"Q2","M4"
"Aquila chrysaetos","Golden Eagle",0.210264846682549,69995,"Q2","M4"
"Cepphus grylle","Black Guillemot",0.181544840335846,69995,"Q2","M4"
"Netta rufina","Red-crested Pochard",0.181061133742332,69995,"Q2","M4"
"Ficedula albicollis","Collared Flycatcher",0.175378262996674,69995,"Q2","M4"
"Bubo scandiacus","Snowy Owl",0.169765278697014,69995,"Q2","M4"
"Certhia brachydactyla","Short-toed Treecreeper",0.167284652590752,69995,"Q2","M4"
"Clanga clanga","Greater Spotted Eagle",0.154360890388489,69995,"Q2","M4"
"Aythya nyroca","Ferruginous Duck",0.138671547174454,69995,"Q2","M4"
"Stercorarius skua","Great Skua",0.138624772429466,69995,"Q2","M4"
"Nycticorax nycticorax","Black-crowned Night Heron",0.137697085738182,69995,"Q2","M4"
"Tyto alba","Barn Owl",0.132205173373222,69995,"Q2","M4"
"Circaetus gallicus","Short-toed Eagle",0.128804549574852,69995,"Q2","M4"
"Charadrius morinellus","Eurasian Dotterel",0.119073525071144,69995,"Q2","M4"
"Gavia immer","Great Northern Diver",0.118456564843655,69995,"Q2","M4"
"Luscinia megarhynchos","Common Nightingale",0.113040342926979,69995,"Q2","M4"
"Phalaropus fulicarius","Grey Phalarope",0.111186772584915,69995,"Q2","M4"
"Tadorna ferruginea","Ruddy Shelduck",0.109981648623943,69995,"Q2","M4"
"Anser brachyrhynchus","Pink-footed Goose",0.106906875967979,69995,"Q2","M4"
"Turdus torquatus","Ring Ouzel",0.10270132869482,69995,"Q2","M4"
"Falco rusticolus","Gyr Falcon",0.101518966257572,69995,"Q2","M4"
"Perisoreus infaustus","Siberian Jay",0.100261569023132,69995,"Q2","M4"
"Phylloscopus proregulus","Pallas's Warbler",0.0989194586873055,69995,"Q2","M4"
"Iduna caligata","Booted Warbler",0.097617469727993,69995,"Q2","M4"
"Hieraaetus pennatus","Booted Eagle",0.0833266228437424,69995,"Q2","M4"
"Cyanistes cyanus","Azure Tit",0.0823289826512337,69995,"Q2","M4"
"Egretta garzetta","Little Egret",0.0820980072021484,69995,"Q2","M4"
"Anthus spinoletta","Water Pipit",0.0791128799319267,69995,"Q2","M4"
"Dendrocopos syriacus","Syrian Woodpecker",0.0787862837314606,69995,"Q2","M4"
"Emberiza rustica","Rustic Bunting",0.0758817344903946,69995,"Q2","M4"
"Gyps fulvus","Griffon Vulture",0.0726881325244904,69995,"Q2","M4"
"Acanthis cabaret","Lesser Redpoll",0.0709712952375412,69995,"Q2","M4"
"Anser erythropus","Lesser White-fronted Goose",0.0708023980259895,69995,"Q2","M4"
"Platalea leucorodia","Eurasian Spoonbill",0.0700093656778336,69995,"Q2","M4"
"Xenus cinereus","Terek Sandpiper",0.0682906284928322,69995,"Q2","M4"
"Lanius minor","Lesser Grey Shrike",0.064412072300911,69995,"Q2","M4"
"Fulmarus glacialis","Northern Fulmar",0.0641828402876854,69995,"Q2","M4"
"Cercotrichas galactotes","Rufous-tailed Scrub Robin",0.0623461715877056,69995,"Q2","M4"
"Fratercula arctica","Atlantic Puffin",0.0539674796164036,69995,"Q2","M4"
"Monticola saxatilis","Common Rock Thrush",0.05277518928051,69995,"Q2","M4"
"Anthus richardi","Richard's Pipit",0.0516777895390987,69995,"Q2","M4"
"Somateria spectabilis","King Eider",0.0515998415648937,69995,"Q2","M4"
"Himantopus himantopus","Black-winged Stilt",0.0515977963805199,69995,"Q2","M4"
"Rissa tridactyla","Black-legged Kittiwake",0.0505625195801258,69995,"Q2","M4"
"Lanius senator","Woodchat Shrike",0.0494338683784008,69995,"Q2","M4"
"Bubulcus ibis","Western Cattle Egret",0.0494267493486404,69995,"Q2","M4"
"Pyrrhocorax pyrrhocorax","Red-billed Chough",0.0486612506210804,69995,"Q2","M4"
"Circus macrourus","Pallid Harrier",0.048526618629694,69995,"Q2","M4"
"Gavia adamsii","White-billed Diver",0.0465435534715652,69995,"Q2","M4"
"Poecile cinctus","Siberian Tit",0.042591281235218,69995,"Q2","M4"
"Prunella collaris","Alpine Accentor",0.0414409264922142,69995,"Q2","M4"
"Uria lomvia","Brünnich's Guillemot",0.04001609608531,69995,"Q2","M4"
"Merops persicus","Blue-cheeked Bee-eater",0.0359919741749763,69995,"Q2","M4"
"Apus melba","Alpine Swift",0.0297980960458517,69995,"Q2","M4"
"Ardea purpurea","Purple Heron",0.0295994803309441,69995,"Q2","M4"
"Pyrrhocorax graculus","Alpine Chough",0.029200192540884,69995,"Q2","M4"
"Glareola pratincola","Collared Pratincole",0.0276092104613781,69995,"Q2","M4"
"Emberiza pusilla","Little Bunting",0.0266475901007652,69995,"Q2","M4"
"Emberiza cia","Rock Bunting",0.0262157339602709,69995,"Q2","M4"
"Ptyonoprogne rupestris","Eurasian Crag Martin",0.0257998183369637,69995,"Q2","M4"
"Aix galericulata","Mandarin Duck",0.0250631105154753,69995,"Q2","M4"
"Iduna pallida","Eastern Olivaceous Warbler",0.0239341780543327,69995,"Q2","M4"
"Anser caerulescens","Snow Goose",0.0213178526610136,69995,"Q2","M4"
"Charadrius alexandrinus","Kentish Plover",0.0205304138362408,69995,"Q2","M4"
"Cettia cetti","Cetti's Warbler",0.0200702901929617,69995,"Q2","M4"
"Falco naumanni","Lesser Kestrel",0.0200666766613722,69995,"Q2","M4"
"Lanius borealis","Northern Shrike",0.0197395142167807,69995,"Q2","M4"
"Pterocles orientalis","Black-bellied Sandgrouse",0.0196310579776764,69995,"Q2","M4"
"Otus scops","Eurasian Scops Owl",0.0187537558376789,69995,"Q2","M4"
"Passer hispaniolensis","Spanish Sparrow",0.0184624865651131,69995,"Q2","M4"
"Phoenicopterus roseus","Greater Flamingo",0.0177640859037638,69995,"Q2","M4"
"Burhinus oedicnemus","Stone-curlew",0.0173685345798731,69995,"Q2","M4"
"Ardeola ralloides","Squacco Heron",0.0156326703727245,69995,"Q2","M4"
"Melanocorypha calandra","Calandra Lark",0.0153200374916196,69995,"Q2","M4"
"Oenanthe melanoleuca","Eastern Black-eared Wheatear",0.0134744998067617,69995,"Q2","M4"
"Tarsiger cyanurus","Red-flanked Bluetail",0.0130576901137829,69995,"Q2","M4"
"Aegypius monachus","Black Vulture",0.0121567863970995,69995,"Q2","M4"
"Anser indicus","Bar-headed Goose",0.0118690934032202,69995,"Q2","M4"
"Aquila heliaca","Imperial Eagle",0.0114401429891586,69995,"Q2","M4"
"Plegadis falcinellus","Glossy Ibis",0.0112971356138587,69995,"Q2","M4"
"Calandrella brachydactyla","Greater Short-toed Lark",0.0112508134916425,69995,"Q2","M4"
"Larus michahellis","Yellow-legged Gull",0.0110888173803687,69995,"Q2","M4"
"Tetrax tetrax","Little Bustard",0.0105027398094535,69995,"Q2","M4"
"Corvus cornix","Hooded Crow",0.9986931681633,69996,"Q2","M3"
"Parus major","Great Tit",0.995892405509949,69996,"Q2","M3"
"Motacilla alba","Pied Wagtail/White Wagtail",0.982400596141815,69996,"Q2","M3"
"Anas platyrhynchos","Mallard",0.981004536151886,69996,"Q2","M3"
"Chroicocephalus ridibundus","Black-headed Gull",0.975453197956085,69996,"Q2","M3"
"Fringilla coelebs","Common Chaffinch",0.964727163314819,69996,"Q2","M3"
"Hirundo rustica","Barn Swallow",0.962098181247711,69996,"Q2","M3"
"Sturnus vulgaris","Common Starling",0.958385527133942,69996,"Q2","M3"
"Cyanistes caeruleus","Eurasian Blue Tit",0.95686811208725,69996,"Q2","M3"
"Larus argentatus","Herring Gull",0.955596148967743,69996,"Q2","M3"
"Apus apus","Common Swift",0.954808175563812,69996,"Q2","M3"
"Erithacus rubecula","European Robin",0.953644394874573,69996,"Q2","M3"
"Turdus merula","Eurasian Blackbird",0.943432927131653,69996,"Q2","M3"
"Columba palumbus","Common Woodpigeon",0.94329023361206,69996,"Q2","M3"
"Corvus monedula","Eurasian Jackdaw",0.925750911235809,69996,"Q2","M3"
"Cygnus olor","Mute Swan",0.923188209533691,69996,"Q2","M3"
"Turdus pilaris","Fieldfare",0.915951132774353,69996,"Q2","M3"
"Passer montanus","Eurasian Tree Sparrow",0.898733556270599,69996,"Q2","M3"
"Bucephala clangula","Common Goldeneye",0.897190868854523,69996,"Q2","M3"
"Garrulus glandarius","Eurasian Jay",0.896467089653015,69996,"Q2","M3"
"Ardea cinerea","Grey Heron",0.885201513767242,69996,"Q2","M3"
"Pica pica","Common Magpie",0.883443713188171,69996,"Q2","M3"
"Phylloscopus collybita","Common Chiffchaff",0.882663369178772,69996,"Q2","M3"
"Corvus corax","Common Raven",0.87707507610321,69996,"Q2","M3"
"Larus canus","Common Gull",0.874765813350677,69996,"Q2","M3"
"Troglodytes troglodytes","Eurasian Wren",0.87101399898529,69996,"Q2","M3"
"Alauda arvensis","Eurasian Skylark",0.865670204162598,69996,"Q2","M3"
"Emberiza citrinella","Yellowhammer",0.864795684814453,69996,"Q2","M3"
"Vanellus vanellus","Northern Lapwing",0.864355504512787,69996,"Q2","M3"
"Phylloscopus trochilus","Willow Warbler",0.858418047428131,69996,"Q2","M3"
"Phalacrocorax carbo","Great Cormorant",0.856602907180786,69996,"Q2","M3"
"Sterna hirundo","Common Tern",0.843238294124603,69996,"Q2","M3"
"Mergus merganser","Goosander",0.840595722198486,69996,"Q2","M3"
"Delichon urbicum","Western House Martin",0.839884579181671,69996,"Q2","M3"
"Curruca communis","Common Whitethroat",0.834049880504608,69996,"Q2","M3"
"Turdus philomelos","Song Thrush",0.832104921340942,69996,"Q2","M3"
"Regulus regulus","Goldcrest",0.828581273555756,69996,"Q2","M3"
"Dendrocopos major","Great Spotted Woodpecker",0.828298509120941,69996,"Q2","M3"
"Sylvia atricapilla","Eurasian Blackcap",0.826401114463806,69996,"Q2","M3"
"Chloris chloris","European Greenfinch",0.823506116867065,69996,"Q2","M3"
"Columba livia","Rock Dove",0.820866584777832,69996,"Q2","M3"
"Anthus pratensis","Meadow Pipit",0.819227159023285,69996,"Q2","M3"
"Carduelis carduelis","European Goldfinch",0.810479462146759,69996,"Q2","M3"
"Pyrrhula pyrrhula","Eurasian Bullfinch",0.804761528968811,69996,"Q2","M3"
"Buteo buteo","Common Buzzard",0.804642796516418,69996,"Q2","M3"
"Podiceps cristatus","Great Crested Grebe",0.800509452819824,69996,"Q2","M3"
"Cygnus cygnus","Whooper Swan",0.798892498016357,69996,"Q2","M3"
"Fulica atra","Eurasian Coot",0.79193389415741,69996,"Q2","M3"
"Larus marinus","Great Black-backed Gull",0.78964376449585,69996,"Q2","M3"
"Spinus spinus","Eurasian Siskin",0.781943678855896,69996,"Q2","M3"
"Certhia familiaris","Eurasian Treecreeper",0.781415581703186,69996,"Q2","M3"
"Corvus frugilegus","Rook",0.773387968540192,69996,"Q2","M3"
"Cuculus canorus","Common Cuckoo",0.769580006599426,69996,"Q2","M3"
"Passer domesticus","House Sparrow",0.768489480018616,69996,"Q2","M3"
"Linaria cannabina","Common Linnet",0.767217755317688,69996,"Q2","M3"
"Grus grus","Common Crane",0.757588505744934,69996,"Q2","M3"
"Emberiza schoeniclus","Common Reed Bunting",0.756419837474823,69996,"Q2","M3"
"Sitta europaea","Eurasian Nuthatch",0.755151033401489,69996,"Q2","M3"
"Accipiter nisus","Eurasian Sparrowhawk",0.754594922065735,69996,"Q2","M3"
"Mareca penelope","Eurasian Wigeon",0.750437140464783,69996,"Q2","M3"
"Bombycilla garrulus","Bohemian Waxwing",0.746643900871277,69996,"Q2","M3"
"Fringilla montifringilla","Brambling",0.732008635997772,69996,"Q2","M3"
"Ficedula hypoleuca","European Pied Flycatcher",0.730562567710876,69996,"Q2","M3"
"Aythya fuligula","Tufted Duck",0.72895073890686,69996,"Q2","M3"
"Lophophanes cristatus","Crested Tit",0.722010254859924,69996,"Q2","M3"
"Gallinago gallinago","Common Snipe",0.715916454792023,69996,"Q2","M3"
"Luscinia luscinia","Thrush Nightingale",0.714585363864899,69996,"Q2","M3"
"Saxicola rubetra","Whinchat",0.711984753608704,69996,"Q2","M3"
"Ardea alba","Great White Egret",0.708702564239502,69996,"Q2","M3"
"Anas crecca","Eurasian/Green-winged Teal",0.703604221343994,69996,"Q2","M3"
"Phylloscopus sibilatrix","Wood Warbler",0.703370332717896,69996,"Q2","M3"
"Calidris alpina","Dunlin",0.702341079711914,69996,"Q2","M3"
"Haliaeetus albicilla","White-tailed Eagle",0.700508117675781,69996,"Q2","M3"
"Muscicapa striata","Spotted Flycatcher",0.699807286262512,69996,"Q2","M3"
"Circus aeruginosus","Western Marsh Harrier",0.699803233146667,69996,"Q2","M3"
"Acrocephalus schoenobaenus","Sedge Warbler",0.699606359004974,69996,"Q2","M3"
"Coccothraustes coccothraustes","Hawfinch",0.699172854423523,69996,"Q2","M3"
"Turdus iliacus","Redwing",0.697747349739075,69996,"Q2","M3"
"Anthus trivialis","Tree Pipit",0.696875989437103,69996,"Q2","M3"
"Haematopus ostralegus","Eurasian Oystercatcher",0.694195508956909,69996,"Q2","M3"
"Periparus ater","Coal Tit",0.688618421554565,69996,"Q2","M3"
"Ciconia ciconia","White Stork",0.687948346138,69996,"Q2","M3"
"Poecile palustris","Marsh Tit",0.687088251113892,69996,"Q2","M3"
"Actitis hypoleucos","Common Sandpiper",0.685316801071167,69996,"Q2","M3"
"Phoenicurus ochruros","Black Redstart",0.683745503425598,69996,"Q2","M3"
"Anser albifrons","Greater White-fronted Goose",0.682233035564423,69996,"Q2","M3"
"Curruca curruca","Lesser Whitethroat",0.681828022003174,69996,"Q2","M3"
"Lanius collurio","Red-backed Shrike",0.680149435997009,69996,"Q2","M3"
"Motacilla flava","Western Yellow Wagtail",0.676882266998291,69996,"Q2","M3"
"Larus fuscus","Lesser Black-backed Gull",0.676654398441315,69996,"Q2","M3"
"Aegithalos caudatus","Long-tailed Tit",0.67267918586731,69996,"Q2","M3"
"Circus cyaneus","Hen Harrier",0.67146772146225,69996,"Q2","M3"
"Melanitta fusca","Velvet Scoter",0.670399308204651,69996,"Q2","M3"
"Dryocopus martius","Black Woodpecker",0.668827533721924,69996,"Q2","M3"
"Sylvia borin","Garden Warbler",0.667252540588379,69996,"Q2","M3"
"Phoenicurus phoenicurus","Common Redstart",0.665972113609314,69996,"Q2","M3"
"Branta leucopsis","Barnacle Goose",0.665350437164307,69996,"Q2","M3"
"Tringa totanus","Common Redshank",0.659975171089172,69996,"Q2","M3"
"Oenanthe oenanthe","Northern Wheatear",0.65988439321518,69996,"Q2","M3"
"Carpodacus erythrinus","Common Rosefinch",0.65628182888031,69996,"Q2","M3"
"Dryobates minor","Lesser Spotted Woodpecker",0.655721604824066,69996,"Q2","M3"
"Clangula hyemalis","Long-tailed Duck",0.655228972434998,69996,"Q2","M3"
"Tadorna tadorna","Common Shelduck",0.649587035179138,69996,"Q2","M3"
"Mergellus albellus","Smew",0.647059321403503,69996,"Q2","M3"
"Lanius excubitor","Great Grey Shrike",0.646696925163269,69996,"Q2","M3"
"Charadrius hiaticula","Common Ringed Plover",0.643875002861023,69996,"Q2","M3"
"Dendrocoptes medius","Middle Spotted Woodpecker",0.643117606639862,69996,"Q2","M3"
"Loxia curvirostra","Common Crossbill",0.64298802614212,69996,"Q2","M3"
"Poecile montanus","Willow Tit",0.642378747463226,69996,"Q2","M3"
"Accipiter gentilis","Eurasian Goshawk",0.640642046928406,69996,"Q2","M3"
"Prunella modularis","Dunnock",0.639922142028809,69996,"Q2","M3"
"Lullula arborea","Woodlark",0.63922381401062,69996,"Q2","M3"
"Tringa nebularia","Common Greenshank",0.637491226196289,69996,"Q2","M3"
"Turdus viscivorus","Mistle Thrush",0.634894371032715,69996,"Q2","M3"
"Mareca strepera","Gadwall",0.631374597549438,69996,"Q2","M3"
"Acrocephalus arundinaceus","Great Reed Warbler",0.628679990768433,69996,"Q2","M3"
"Aythya marila","Greater Scaup",0.626751661300659,69996,"Q2","M3"
"Hydrocoloeus minutus","Little Gull",0.624161005020142,69996,"Q2","M3"
"Spatula clypeata","Northern Shoveler",0.620710611343384,69996,"Q2","M3"
"Hippolais icterina","Icterine Warbler",0.614518880844116,69996,"Q2","M3"
"Cygnus columbianus","Bewick's Swan",0.606871247291565,69996,"Q2","M3"
"Alcedo atthis","Common Kingfisher",0.6052086353302,69996,"Q2","M3"
"Panurus biarmicus","Bearded Tit",0.604583263397217,69996,"Q2","M3"
"Melanitta nigra","Common Scoter",0.603149592876434,69996,"Q2","M3"
"Acrocephalus scirpaceus","Common Reed Warbler",0.600547790527344,69996,"Q2","M3"
"Calidris pugnax","Ruff",0.59991729259491,69996,"Q2","M3"
"Gallinula chloropus","Common Moorhen",0.59973806142807,69996,"Q2","M3"
"Tringa glareola","Wood Sandpiper",0.598335981369019,69996,"Q2","M3"
"Riparia riparia","Sand Martin",0.596193432807922,69996,"Q2","M3"
"Mergus serrator","Red-breasted Merganser",0.594355642795563,69996,"Q2","M3"
"Acrocephalus palustris","Marsh Warbler",0.593130052089691,69996,"Q2","M3"
"Chlidonias niger","Black Tern",0.587928652763367,69996,"Q2","M3"
"Tringa ochropus","Green Sandpiper",0.587794899940491,69996,"Q2","M3"
"Pluvialis apricaria","European Golden Plover",0.586115598678589,69996,"Q2","M3"
"Rallus aquaticus","Water Rail",0.585871815681458,69996,"Q2","M3"
"Botaurus stellaris","Great Bittern",0.584417223930359,69996,"Q2","M3"
"Aythya ferina","Common Pochard",0.582923710346222,69996,"Q2","M3"
"Anas acuta","Northern Pintail",0.582914233207703,69996,"Q2","M3"
"Acanthis flammea","Common Redpoll",0.582857370376587,69996,"Q2","M3"
"Buteo lagopus","Rough-legged Buzzard",0.580977559089661,69996,"Q2","M3"
"Numenius arquata","Eurasian Curlew",0.580617904663086,69996,"Q2","M3"
"Columba oenas","Stock Dove",0.579320549964905,69996,"Q2","M3"
"Nucifraga caryocatactes","Spotted Nutcracker",0.578667879104614,69996,"Q2","M3"
"Oriolus oriolus","Eurasian Golden Oriole",0.578220009803772,69996,"Q2","M3"
"Anser anser","Greylag Goose",0.575268149375916,69996,"Q2","M3"
"Perdix perdix","Grey Partridge",0.574308514595032,69996,"Q2","M3"
"Branta bernicla","Brent Goose",0.565071105957031,69996,"Q2","M3"
"Tachybaptus ruficollis","Little Grebe",0.562906563282013,69996,"Q2","M3"
"Asio otus","Long-eared Owl",0.559248983860016,69996,"Q2","M3"
"Podiceps grisegena","Red-necked Grebe",0.556731104850769,69996,"Q2","M3"
"Remiz pendulinus","Eurasian Penduline Tit",0.554522275924683,69996,"Q2","M3"
"Gavia stellata","Red-throated Diver",0.550906419754028,69996,"Q2","M3"
"Aegolius funereus","Tengmalm's Owl",0.550530552864075,69996,"Q2","M3"
"Scolopax rusticola","Eurasian Woodcock",0.549677729606628,69996,"Q2","M3"
"Spatula querquedula","Garganey",0.549206078052521,69996,"Q2","M3"
"Falco columbarius","Merlin",0.545016646385193,69996,"Q2","M3"
"Gavia arctica","Black-throated Diver",0.544428825378418,69996,"Q2","M3"
"Glaucidium passerinum","Eurasian Pygmy-Owl",0.543675422668457,69996,"Q2","M3"
"Plectrophenax nivalis","Snow Bunting",0.543475687503815,69996,"Q2","M3"
"Falco tinnunculus","Common Kestrel",0.539639592170715,69996,"Q2","M3"
"Falco subbuteo","Eurasian Hobby",0.538508653640747,69996,"Q2","M3"
"Pandion haliaetus","Osprey",0.538216710090637,69996,"Q2","M3"
"Pluvialis squatarola","Grey Plover",0.537653088569641,69996,"Q2","M3"
"Picus canus","Grey-headed Woodpecker",0.533470690250397,69996,"Q2","M3"
"Ficedula parva","Red-breasted Flycatcher",0.529230952262878,69996,"Q2","M3"
"Strix aluco","Tawny Owl",0.526839077472687,69996,"Q2","M3"
"Calcarius lapponicus","Lapland Bunting",0.52176022529602,69996,"Q2","M3"
"Lyrurus tetrix","Black Grouse",0.520248651504517,69996,"Q2","M3"
"Anser serrirostris","Tundra Bean Goose",0.519950091838837,69996,"Q2","M3"
"Curruca nisoria","Barred Warbler",0.510850489139557,69996,"Q2","M3"
"Lymnocryptes minimus","Jack Snipe",0.510106682777405,69996,"Q2","M3"
"Pernis apivorus","European Honey-buzzard",0.509366631507874,69996,"Q2","M3"
"Somateria mollissima","Common Eider",0.50921642780304,69996,"Q2","M3"
"Anser fabalis","Taiga Bean Goose",0.50874650478363,69996,"Q2","M3"
"Eremophila alpestris","Shore Lark",0.508165001869202,69996,"Q2","M3"
"Tetrastes bonasia","Hazel Grouse",0.507514595985413,69996,"Q2","M3"
"Picoides tridactylus","Eurasian Three-toed Woodpecker",0.502090811729431,69996,"Q2","M3"
"Asio flammeus","Short-eared Owl",0.497674912214279,69996,"Q2","M3"
"Loxia pytyopsittacus","Parrot Crossbill",0.497026026248932,69996,"Q2","M3"
"Jynx torquilla","Eurasian Wryneck",0.493446290493011,69996,"Q2","M3"
"Locustella luscinioides","Savi's Warbler",0.489296168088913,69996,"Q2","M3"
"Tringa erythropus","Spotted Redshank",0.489266902208328,69996,"Q2","M3"
"Anthus petrosus","Rock Pipit",0.488604813814163,69996,"Q2","M3"
"Upupa epops","Eurasian Hoopoe",0.487594932317734,69996,"Q2","M3"
"Strix uralensis","Ural Owl",0.484996140003204,69996,"Q2","M3"
"Falco peregrinus","Peregrine Falcon",0.484461307525635,69996,"Q2","M3"
"Limosa limosa","Black-tailed Godwit",0.483925729990005,69996,"Q2","M3"
"Alca torda","Razorbill",0.481647044420242,69996,"Q2","M3"
"Dendrocopos leucotos","White-backed Woodpecker",0.480300754308701,69996,"Q2","M3"
"Linaria flavirostris","Twite",0.479355007410049,69996,"Q2","M3"
"Crex crex","Corncrake",0.478522181510925,69996,"Q2","M3"
"Bubo bubo","Eurasian Eagle Owl",0.47762069106102,69996,"Q2","M3"
"Charadrius dubius","Little Ringed Plover",0.470161557197571,69996,"Q2","M3"
"Calidris alba","Sanderling",0.469904452562332,69996,"Q2","M3"
"Calidris minuta","Little Stint",0.46875610947609,69996,"Q2","M3"
"Clanga pomarina","Lesser Spotted Eagle",0.466769397258759,69996,"Q2","M3"
"Streptopelia decaocto","Collared Dove",0.465210765600204,69996,"Q2","M3"
"Calidris ferruginea","Curlew Sandpiper",0.464588463306427,69996,"Q2","M3"
"Podiceps auritus","Slavonian Grebe",0.464261204004288,69996,"Q2","M3"
"Circus pygargus","Montagu's Harrier",0.462425589561462,69996,"Q2","M3"
"Tetrao urogallus","Western Capercaillie",0.456601619720459,69996,"Q2","M3"
"Galerida cristata","Crested Lark",0.456303298473358,69996,"Q2","M3"
"Pinicola enucleator","Pine Grosbeak",0.454558581113815,69996,"Q2","M3"
"Chlidonias leucopterus","White-winged Black Tern",0.446290105581284,69996,"Q2","M3"
"Hydroprogne caspia","Caspian Tern",0.444617658853531,69996,"Q2","M3"
"Sternula albifrons","Little Tern",0.440071612596512,69996,"Q2","M3"
"Picus viridis","Eurasian Green Woodpecker",0.433064848184586,69996,"Q2","M3"
"Phalaropus lobatus","Red-necked Phalarope",0.431345641613007,69996,"Q2","M3"
"Larus cachinnans","Caspian Gull",0.426701068878174,69996,"Q2","M3"
"Zapornia parva","Little Crake",0.424113184213638,69996,"Q2","M3"
"Ciconia nigra","Black Stork",0.422434359788895,69996,"Q2","M3"
"Podiceps nigricollis","Black-necked Grebe",0.421702772378922,69996,"Q2","M3"
"Anthus campestris","Tawny Pipit",0.416661500930786,69996,"Q2","M3"
"Serinus serinus","European Serin",0.415616512298584,69996,"Q2","M3"
"Calidris temminckii","Temminck's Stint",0.408508688211441,69996,"Q2","M3"
"Sterna paradisaea","Arctic Tern",0.406272768974304,69996,"Q2","M3"
"Caprimulgus europaeus","Eurasian Nightjar",0.405418872833252,69996,"Q2","M3"
"Phylloscopus trochiloides","Greenish Warbler",0.400806307792664,69996,"Q2","M3"
"Locustella naevia","Common Grasshopper Warbler",0.397632002830505,69996,"Q2","M3"
"Locustella fluviatilis","River Warbler",0.397503405809402,69996,"Q2","M3"
"Anthus cervinus","Red-throated Pipit",0.391380488872528,69996,"Q2","M3"
"Strix nebulosa","Great Grey Owl",0.389006495475769,69996,"Q2","M3"
"Larus hyperboreus","Glaucous Gull",0.388676762580872,69996,"Q2","M3"
"Gallinago media","Great Snipe",0.388414800167084,69996,"Q2","M3"
"Acrocephalus dumetorum","Blyth's Reed Warbler",0.377658128738403,69996,"Q2","M3"
"Calidris canutus","Red Knot",0.374052196741104,69996,"Q2","M3"
"Porzana porzana","Spotted Crake",0.371655523777008,69996,"Q2","M3"
"Milvus migrans","Black Kite",0.371490001678467,69996,"Q2","M3"
"Regulus ignicapilla","Common Firecrest",0.368846297264099,69996,"Q2","M3"
"Chlidonias hybrida","Whiskered Tern",0.364160597324371,69996,"Q2","M3"
"Luscinia svecica","Bluethroat",0.362718015909195,69996,"Q2","M3"
"Calidris falcinellus","Broad-billed Sandpiper",0.362562209367752,69996,"Q2","M3"
"Limosa lapponica","Bar-tailed Godwit",0.356463611125946,69996,"Q2","M3"
"Emberiza calandra","Corn Bunting",0.354318022727966,69996,"Q2","M3"
"Stercorarius parasiticus","Arctic Skua",0.353347837924957,69996,"Q2","M3"
"Coturnix coturnix","Common Quail",0.35154578089714,69996,"Q2","M3"
"Thalasseus sandvicensis","Sandwich Tern",0.350669592618942,69996,"Q2","M3"
"Streptopelia turtur","European Turtle Dove",0.350457310676575,69996,"Q2","M3"
"Falco vespertinus","Red-footed Falcon",0.345136642456055,69996,"Q2","M3"
"Loxia leucoptera","Two-barred Crossbill",0.340773731470108,69996,"Q2","M3"
"Arenaria interpres","Ruddy Turnstone",0.338754743337631,69996,"Q2","M3"
"Cinclus cinclus","White-throated Dipper",0.336646378040314,69996,"Q2","M3"
"Branta canadensis","Canada Goose",0.331012278795242,69996,"Q2","M3"
"Milvus milvus","Red Kite",0.32856473326683,69996,"Q2","M3"
"Emberiza hortulana","Ortolan Bunting",0.32474547624588,69996,"Q2","M3"
"Phasianus colchicus","Common Pheasant",0.32359454035759,69996,"Q2","M3"
"Stercorarius longicaudus","Long-tailed Skua",0.318462312221527,69996,"Q2","M3"
"Motacilla cinerea","Grey Wagtail",0.318392276763916,69996,"Q2","M3"
"Surnia ulula","Northern Hawk Owl",0.312458842992783,69996,"Q2","M3"
"Acrocephalus paludicola","Aquatic Warbler",0.310536831617355,69996,"Q2","M3"
"Ichthyaetus melanocephalus","Mediterranean Gull",0.310436069965363,69996,"Q2","M3"
"Acanthis hornemanni","Arctic Redpoll",0.289323598146439,69996,"Q2","M3"
"Tringa stagnatilis","Marsh Sandpiper",0.271997451782227,69996,"Q2","M3"
"Stercorarius pomarinus","Pomarine Skua",0.266456097364426,69996,"Q2","M3"
"Coracias garrulus","European Roller",0.265540271997452,69996,"Q2","M3"
"Uria aalge","Common Guillemot",0.264257699251175,69996,"Q2","M3"
"Recurvirostra avosetta","Pied Avocet",0.262536376714706,69996,"Q2","M3"
"Motacilla citreola","Citrine Wagtail",0.252452164888382,69996,"Q2","M3"
"Athene noctua","Little Owl",0.248266726732254,69996,"Q2","M3"
"Lagopus muta","Rock Ptarmigan",0.246187031269073,69996,"Q2","M3"
"Saxicola rubicola","European Stonechat",0.242235019803047,69996,"Q2","M3"
"Lagopus lagopus","Red Grouse/Willow Grouse",0.239040970802307,69996,"Q2","M3"
"Ixobrychus minutus","Little Bittern",0.23176047205925,69996,"Q2","M3"
"Numenius phaeopus","Whimbrel",0.230081155896187,69996,"Q2","M3"
"Calidris maritima","Purple Sandpiper",0.226140514016151,69996,"Q2","M3"
"Phylloscopus inornatus","Yellow-browed Warbler",0.219088807702065,69996,"Q2","M3"
"Aquila chrysaetos","Golden Eagle",0.210858717560768,69996,"Q2","M3"
"Merops apiaster","European Bee-eater",0.202562659978867,69996,"Q2","M3"
"Cepphus grylle","Black Guillemot",0.181901454925537,69996,"Q2","M3"
"Netta rufina","Red-crested Pochard",0.175125896930695,69996,"Q2","M3"
"Ficedula albicollis","Collared Flycatcher",0.169821366667747,69996,"Q2","M3"
"Bubo scandiacus","Snowy Owl",0.167036175727844,69996,"Q2","M3"
"Certhia brachydactyla","Short-toed Treecreeper",0.161821722984314,69996,"Q2","M3"
"Clanga clanga","Greater Spotted Eagle",0.150439381599426,69996,"Q2","M3"
"Nycticorax nycticorax","Black-crowned Night Heron",0.136225506663322,69996,"Q2","M3"
"Stercorarius skua","Great Skua",0.134366065263748,69996,"Q2","M3"
"Aythya nyroca","Ferruginous Duck",0.134275868535042,69996,"Q2","M3"
"Tyto alba","Barn Owl",0.13151016831398,69996,"Q2","M3"
"Circaetus gallicus","Short-toed Eagle",0.12552373111248,69996,"Q2","M3"
"Charadrius morinellus","Eurasian Dotterel",0.119410030543804,69996,"Q2","M3"
"Gavia immer","Great Northern Diver",0.115433596074581,69996,"Q2","M3"
"Luscinia megarhynchos","Common Nightingale",0.111327603459358,69996,"Q2","M3"
"Anser brachyrhynchus","Pink-footed Goose",0.110275223851204,69996,"Q2","M3"
"Phalaropus fulicarius","Grey Phalarope",0.108495928347111,69996,"Q2","M3"
"Tadorna ferruginea","Ruddy Shelduck",0.10640049725771,69996,"Q2","M3"
"Turdus torquatus","Ring Ouzel",0.103276111185551,69996,"Q2","M3"
"Falco rusticolus","Gyr Falcon",0.101252764463425,69996,"Q2","M3"
"Perisoreus infaustus","Siberian Jay",0.100454568862915,69996,"Q2","M3"
"Phylloscopus proregulus","Pallas's Warbler",0.0977188721299171,69996,"Q2","M3"
"Iduna caligata","Booted Warbler",0.0971472412347794,69996,"Q2","M3"
"Hieraaetus pennatus","Booted Eagle",0.0826412290334702,69996,"Q2","M3"
"Egretta garzetta","Little Egret",0.0797388255596161,69996,"Q2","M3"
"Cyanistes cyanus","Azure Tit",0.0776058360934258,69996,"Q2","M3"
"Emberiza rustica","Rustic Bunting",0.0761929452419281,69996,"Q2","M3"
"Anthus spinoletta","Water Pipit",0.0755388513207436,69996,"Q2","M3"
"Dendrocopos syriacus","Syrian Woodpecker",0.0744902044534683,69996,"Q2","M3"
"Gyps fulvus","Griffon Vulture",0.0710972473025322,69996,"Q2","M3"
"Anser erythropus","Lesser White-fronted Goose",0.0701119676232338,69996,"Q2","M3"
"Acanthis cabaret","Lesser Redpoll",0.0700438246130943,69996,"Q2","M3"
"Platalea leucorodia","Eurasian Spoonbill",0.0684031248092651,69996,"Q2","M3"
"Xenus cinereus","Terek Sandpiper",0.0671452581882477,69996,"Q2","M3"
"Fulmarus glacialis","Northern Fulmar",0.0626405030488968,69996,"Q2","M3"
"Lanius minor","Lesser Grey Shrike",0.061463575810194,69996,"Q2","M3"
"Cercotrichas galactotes","Rufous-tailed Scrub Robin",0.0591270104050636,69996,"Q2","M3"
"Fratercula arctica","Atlantic Puffin",0.0523468554019928,69996,"Q2","M3"
"Monticola saxatilis","Common Rock Thrush",0.0512012727558613,69996,"Q2","M3"
"Somateria spectabilis","King Eider",0.0507798194885254,69996,"Q2","M3"
"Anthus richardi","Richard's Pipit",0.0507131926715374,69996,"Q2","M3"
"Himantopus himantopus","Black-winged Stilt",0.0496606975793839,69996,"Q2","M3"
"Rissa tridactyla","Black-legged Kittiwake",0.0495162755250931,69996,"Q2","M3"
"Bubulcus ibis","Western Cattle Egret",0.0482775606215,69996,"Q2","M3"
"Lanius senator","Woodchat Shrike",0.0475885681807995,69996,"Q2","M3"
"Circus macrourus","Pallid Harrier",0.0472598969936371,69996,"Q2","M3"
"Pyrrhocorax pyrrhocorax","Red-billed Chough",0.0470197647809982,69996,"Q2","M3"
"Gavia adamsii","White-billed Diver",0.0467736758291721,69996,"Q2","M3"
"Poecile cinctus","Siberian Tit",0.0431288480758667,69996,"Q2","M3"
"Prunella collaris","Alpine Accentor",0.0399986952543259,69996,"Q2","M3"
"Uria lomvia","Brünnich's Guillemot",0.0392529182136059,69996,"Q2","M3"
"Merops persicus","Blue-cheeked Bee-eater",0.0340261533856392,69996,"Q2","M3"
"Apus melba","Alpine Swift",0.028796112164855,69996,"Q2","M3"
"Ardea purpurea","Purple Heron",0.0284710433334112,69996,"Q2","M3"
"Pyrrhocorax graculus","Alpine Chough",0.0281522311270237,69996,"Q2","M3"
"Emberiza pusilla","Little Bunting",0.0271703042089939,69996,"Q2","M3"
"Glareola pratincola","Collared Pratincole",0.0266864653676748,69996,"Q2","M3"
"Emberiza cia","Rock Bunting",0.0254923216998577,69996,"Q2","M3"
"Ptyonoprogne rupestris","Eurasian Crag Martin",0.0249485410749912,69996,"Q2","M3"
"Aix galericulata","Mandarin Duck",0.0236737448722124,69996,"Q2","M3"
"Iduna pallida","Eastern Olivaceous Warbler",0.0227939561009407,69996,"Q2","M3"
"Anser caerulescens","Snow Goose",0.0225484929978848,69996,"Q2","M3"
"Charadrius alexandrinus","Kentish Plover",0.0199266839772463,69996,"Q2","M3"
"Falco naumanni","Lesser Kestrel",0.0197019744664431,69996,"Q2","M3"
"Lanius borealis","Northern Shrike",0.0196467898786068,69996,"Q2","M3"
"Cettia cetti","Cetti's Warbler",0.0192791111767292,69996,"Q2","M3"
"Pterocles orientalis","Black-bellied Sandgrouse",0.018714303150773,69996,"Q2","M3"
"Otus scops","Eurasian Scops Owl",0.0183760821819305,69996,"Q2","M3"
"Passer hispaniolensis","Spanish Sparrow",0.0177759379148483,69996,"Q2","M3"
"Phoenicopterus roseus","Greater Flamingo",0.0172239858657122,69996,"Q2","M3"
"Burhinus oedicnemus","Stone-curlew",0.0168419778347015,69996,"Q2","M3"
"Ardeola ralloides","Squacco Heron",0.0152187058702111,69996,"Q2","M3"
"Melanocorypha calandra","Calandra Lark",0.0147451069205999,69996,"Q2","M3"
"Tarsiger cyanurus","Red-flanked Bluetail",0.0132406400516629,69996,"Q2","M3"
"Oenanthe melanoleuca","Eastern Black-eared Wheatear",0.0128142945468426,69996,"Q2","M3"
"Anser indicus","Bar-headed Goose",0.0119486665353179,69996,"Q2","M3"
"Aegypius monachus","Black Vulture",0.0117878364399076,69996,"Q2","M3"
"Aquila heliaca","Imperial Eagle",0.0111300656571984,69996,"Q2","M3"
"Plegadis falcinellus","Glossy Ibis",0.0110872695222497,69996,"Q2","M3"
"Calandrella brachydactyla","Greater Short-toed Lark",0.0108466064557433,69996,"Q2","M3"
"Larus michahellis","Yellow-legged Gull",0.010656819678843,69996,"Q2","M3"
"Tetrax tetrax","Little Bustard",0.0100819263607264,69996,"Q2","M3"
"Corvus cornix","Hooded Crow",0.998820602893829,70853,"Q1","M1"
"Parus major","Great Tit",0.995506882667542,70853,"Q1","M1"
"Motacilla alba","Pied Wagtail/White Wagtail",0.982038378715515,70853,"Q1","M1"
"Anas platyrhynchos","Mallard",0.980100035667419,70853,"Q1","M1"
"Chroicocephalus ridibundus","Black-headed Gull",0.97399765253067,70853,"Q1","M1"
"Fringilla coelebs","Common Chaffinch",0.96503484249115,70853,"Q1","M1"
"Hirundo rustica","Barn Swallow",0.961291968822479,70853,"Q1","M1"
"Cyanistes caeruleus","Eurasian Blue Tit",0.956847250461578,70853,"Q1","M1"
"Sturnus vulgaris","Common Starling",0.9559246301651,70853,"Q1","M1"
"Larus argentatus","Herring Gull",0.954552292823792,70853,"Q1","M1"
"Erithacus rubecula","European Robin",0.952241837978363,70853,"Q1","M1"
"Apus apus","Common Swift",0.951533794403076,70853,"Q1","M1"
"Turdus merula","Eurasian Blackbird",0.943509519100189,70853,"Q1","M1"
"Columba palumbus","Common Woodpigeon",0.942014932632446,70853,"Q1","M1"
"Corvus monedula","Eurasian Jackdaw",0.924823701381683,70853,"Q1","M1"
"Turdus pilaris","Fieldfare",0.919446706771851,70853,"Q1","M1"
"Cygnus olor","Mute Swan",0.918679773807526,70853,"Q1","M1"
"Bucephala clangula","Common Goldeneye",0.89889270067215,70853,"Q1","M1"
"Passer montanus","Eurasian Tree Sparrow",0.896629810333252,70853,"Q1","M1"
"Garrulus glandarius","Eurasian Jay",0.891879498958588,70853,"Q1","M1"
"Ardea cinerea","Grey Heron",0.88149082660675,70853,"Q1","M1"
"Pica pica","Common Magpie",0.879641652107239,70853,"Q1","M1"
"Phylloscopus collybita","Common Chiffchaff",0.878100216388702,70853,"Q1","M1"
"Larus canus","Common Gull",0.876056671142578,70853,"Q1","M1"
"Corvus corax","Common Raven",0.871355056762695,70853,"Q1","M1"
"Vanellus vanellus","Northern Lapwing",0.864315867424011,70853,"Q1","M1"
"Troglodytes troglodytes","Eurasian Wren",0.864055693149567,70853,"Q1","M1"
"Alauda arvensis","Eurasian Skylark",0.862259149551392,70853,"Q1","M1"
"Emberiza citrinella","Yellowhammer",0.862212538719177,70853,"Q1","M1"
"Phylloscopus trochilus","Willow Warbler",0.857680082321167,70853,"Q1","M1"
"Phalacrocorax carbo","Great Cormorant",0.850510358810425,70853,"Q1","M1"
"Sterna hirundo","Common Tern",0.842541575431824,70853,"Q1","M1"
"Mergus merganser","Goosander",0.841166257858276,70853,"Q1","M1"
"Delichon urbicum","Western House Martin",0.831103205680847,70853,"Q1","M1"
"Turdus philomelos","Song Thrush",0.829226970672607,70853,"Q1","M1"
"Dendrocopos major","Great Spotted Woodpecker",0.829189240932465,70853,"Q1","M1"
"Curruca communis","Common Whitethroat",0.82614678144455,70853,"Q1","M1"
"Regulus regulus","Goldcrest",0.825356602668762,70853,"Q1","M1"
"Chloris chloris","European Greenfinch",0.820325970649719,70853,"Q1","M1"
"Sylvia atricapilla","Eurasian Blackcap",0.817906141281128,70853,"Q1","M1"
"Anthus pratensis","Meadow Pipit",0.815165042877197,70853,"Q1","M1"
"Columba livia","Rock Dove",0.814863920211792,70853,"Q1","M1"
"Cygnus cygnus","Whooper Swan",0.80472207069397,70853,"Q1","M1"
"Carduelis carduelis","European Goldfinch",0.804105162620544,70853,"Q1","M1"
"Pyrrhula pyrrhula","Eurasian Bullfinch",0.802671313285828,70853,"Q1","M1"
"Podiceps cristatus","Great Crested Grebe",0.798156976699829,70853,"Q1","M1"
"Buteo buteo","Common Buzzard",0.79277640581131,70853,"Q1","M1"
"Spinus spinus","Eurasian Siskin",0.784891128540039,70853,"Q1","M1"
"Fulica atra","Eurasian Coot",0.784633636474609,70853,"Q1","M1"
"Larus marinus","Great Black-backed Gull",0.78367668390274,70853,"Q1","M1"
"Certhia familiaris","Eurasian Treecreeper",0.775506913661957,70853,"Q1","M1"
"Cuculus canorus","Common Cuckoo",0.766411542892456,70853,"Q1","M1"
"Passer domesticus","House Sparrow",0.760426104068756,70853,"Q1","M1"
"Corvus frugilegus","Rook",0.758117258548737,70853,"Q1","M1"
"Linaria cannabina","Common Linnet",0.755782127380371,70853,"Q1","M1"
"Grus grus","Common Crane",0.753847002983093,70853,"Q1","M1"
"Emberiza schoeniclus","Common Reed Bunting",0.75079208612442,70853,"Q1","M1"
"Mareca penelope","Eurasian Wigeon",0.74853503704071,70853,"Q1","M1"
"Sitta europaea","Eurasian Nuthatch",0.748132884502411,70853,"Q1","M1"
"Accipiter nisus","Eurasian Sparrowhawk",0.747692465782166,70853,"Q1","M1"
"Bombycilla garrulus","Bohemian Waxwing",0.746352076530457,70853,"Q1","M1"
"Ficedula hypoleuca","European Pied Flycatcher",0.731380701065063,70853,"Q1","M1"
"Aythya fuligula","Tufted Duck",0.731051921844482,70853,"Q1","M1"
"Fringilla montifringilla","Brambling",0.729939818382263,70853,"Q1","M1"
"Gallinago gallinago","Common Snipe",0.714043736457825,70853,"Q1","M1"
"Lophophanes cristatus","Crested Tit",0.713244318962097,70853,"Q1","M1"
"Luscinia luscinia","Thrush Nightingale",0.708232283592224,70853,"Q1","M1"
"Anas crecca","Eurasian/Green-winged Teal",0.706847429275513,70853,"Q1","M1"
"Saxicola rubetra","Whinchat",0.7049959897995,70853,"Q1","M1"
"Turdus iliacus","Redwing",0.703661680221558,70853,"Q1","M1"
"Calidris alpina","Dunlin",0.700090169906616,70853,"Q1","M1"
"Haliaeetus albicilla","White-tailed Eagle",0.699223279953003,70853,"Q1","M1"
"Anthus trivialis","Tree Pipit",0.696606397628784,70853,"Q1","M1"
"Phylloscopus sibilatrix","Wood Warbler",0.696473002433777,70853,"Q1","M1"
"Muscicapa striata","Spotted Flycatcher",0.695994436740875,70853,"Q1","M1"
"Ardea alba","Great White Egret",0.695075035095215,70853,"Q1","M1"
"Acrocephalus schoenobaenus","Sedge Warbler",0.694213211536407,70853,"Q1","M1"
"Haematopus ostralegus","Eurasian Oystercatcher",0.691998481750488,70853,"Q1","M1"
"Circus aeruginosus","Western Marsh Harrier",0.690610766410828,70853,"Q1","M1"
"Coccothraustes coccothraustes","Hawfinch",0.68870747089386,70853,"Q1","M1"
"Actitis hypoleucos","Common Sandpiper",0.685215592384338,70853,"Q1","M1"
"Periparus ater","Coal Tit",0.684384822845459,70853,"Q1","M1"
"Curruca curruca","Lesser Whitethroat",0.67905580997467,70853,"Q1","M1"
"Anser albifrons","Greater White-fronted Goose",0.678340554237366,70853,"Q1","M1"
"Larus fuscus","Lesser Black-backed Gull",0.677339553833008,70853,"Q1","M1"
"Phoenicurus ochruros","Black Redstart",0.672785818576813,70853,"Q1","M1"
"Poecile palustris","Marsh Tit",0.672392070293427,70853,"Q1","M1"
"Branta leucopsis","Barnacle Goose",0.671956360340118,70853,"Q1","M1"
"Lanius collurio","Red-backed Shrike",0.669530153274536,70853,"Q1","M1"
"Motacilla flava","Western Yellow Wagtail",0.668622493743896,70853,"Q1","M1"
"Sylvia borin","Garden Warbler",0.667846262454987,70853,"Q1","M1"
"Dryocopus martius","Black Woodpecker",0.665244519710541,70853,"Q1","M1"
"Circus cyaneus","Hen Harrier",0.664241790771484,70853,"Q1","M1"
"Aegithalos caudatus","Long-tailed Tit",0.662471175193787,70853,"Q1","M1"
"Melanitta fusca","Velvet Scoter",0.660489797592163,70853,"Q1","M1"
"Phoenicurus phoenicurus","Common Redstart",0.65867006778717,70853,"Q1","M1"
"Oenanthe oenanthe","Northern Wheatear",0.657452821731567,70853,"Q1","M1"
"Carpodacus erythrinus","Common Rosefinch",0.656168282032013,70853,"Q1","M1"
"Ciconia ciconia","White Stork",0.654060542583466,70853,"Q1","M1"
"Tringa totanus","Common Redshank",0.651402711868286,70853,"Q1","M1"
"Dryobates minor","Lesser Spotted Woodpecker",0.647107243537903,70853,"Q1","M1"
"Clangula hyemalis","Long-tailed Duck",0.647081136703491,70853,"Q1","M1"
"Charadrius hiaticula","Common Ringed Plover",0.642897367477417,70853,"Q1","M1"
"Lanius excubitor","Great Grey Shrike",0.6409991979599,70853,"Q1","M1"
"Mergellus albellus","Smew",0.640736877918243,70853,"Q1","M1"
"Loxia curvirostra","Common Crossbill",0.640112996101379,70853,"Q1","M1"
"Tringa nebularia","Common Greenshank",0.638670146465302,70853,"Q1","M1"
"Tadorna tadorna","Common Shelduck",0.63762229681015,70853,"Q1","M1"
"Poecile montanus","Willow Tit",0.635744154453278,70853,"Q1","M1"
"Prunella modularis","Dunnock",0.635596811771393,70853,"Q1","M1"
"Accipiter gentilis","Eurasian Goshawk",0.635250985622406,70853,"Q1","M1"
"Lullula arborea","Woodlark",0.631510972976685,70853,"Q1","M1"
"Mareca strepera","Gadwall",0.630250453948975,70853,"Q1","M1"
"Turdus viscivorus","Mistle Thrush",0.629138231277466,70853,"Q1","M1"
"Aythya marila","Greater Scaup",0.622739553451538,70853,"Q1","M1"
"Hydrocoloeus minutus","Little Gull",0.621846139431,70853,"Q1","M1"
"Spatula clypeata","Northern Shoveler",0.6185063123703,70853,"Q1","M1"
"Dendrocoptes medius","Middle Spotted Woodpecker",0.616913199424744,70853,"Q1","M1"
"Acrocephalus arundinaceus","Great Reed Warbler",0.615199208259583,70853,"Q1","M1"
"Hippolais icterina","Icterine Warbler",0.607558190822601,70853,"Q1","M1"
"Cygnus columbianus","Bewick's Swan",0.601550459861755,70853,"Q1","M1"
"Tringa glareola","Wood Sandpiper",0.599112153053284,70853,"Q1","M1"
"Calidris pugnax","Ruff",0.5972740650177,70853,"Q1","M1"
"Alcedo atthis","Common Kingfisher",0.595333218574524,70853,"Q1","M1"
"Melanitta nigra","Common Scoter",0.594191789627075,70853,"Q1","M1"
"Panurus biarmicus","Bearded Tit",0.592779040336609,70853,"Q1","M1"
"Mergus serrator","Red-breasted Merganser",0.590939104557037,70853,"Q1","M1"
"Riparia riparia","Sand Martin",0.589924216270447,70853,"Q1","M1"
"Acrocephalus scirpaceus","Common Reed Warbler",0.589341700077057,70853,"Q1","M1"
"Acrocephalus palustris","Marsh Warbler",0.587281048297882,70853,"Q1","M1"
"Gallinula chloropus","Common Moorhen",0.587181448936462,70853,"Q1","M1"
"Numenius arquata","Eurasian Curlew",0.586865484714508,70853,"Q1","M1"
"Tringa ochropus","Green Sandpiper",0.582930088043213,70853,"Q1","M1"
"Acanthis flammea","Common Redpoll",0.580946922302246,70853,"Q1","M1"
"Rallus aquaticus","Water Rail",0.579813599586487,70853,"Q1","M1"
"Pluvialis apricaria","European Golden Plover",0.579152584075928,70853,"Q1","M1"
"Botaurus stellaris","Great Bittern",0.577461004257202,70853,"Q1","M1"
"Chlidonias niger","Black Tern",0.577403903007507,70853,"Q1","M1"
"Anas acuta","Northern Pintail",0.576799392700195,70853,"Q1","M1"
"Aythya ferina","Common Pochard",0.576463103294373,70853,"Q1","M1"
"Buteo lagopus","Rough-legged Buzzard",0.574309408664703,70853,"Q1","M1"
"Anser anser","Greylag Goose",0.574200689792633,70853,"Q1","M1"
"Columba oenas","Stock Dove",0.573514401912689,70853,"Q1","M1"
"Nucifraga caryocatactes","Spotted Nutcracker",0.571974992752075,70853,"Q1","M1"
"Perdix perdix","Grey Partridge",0.564104080200195,70853,"Q1","M1"
"Oriolus oriolus","Eurasian Golden Oriole",0.560574054718018,70853,"Q1","M1"
"Podiceps grisegena","Red-necked Grebe",0.556849718093872,70853,"Q1","M1"
"Branta bernicla","Brent Goose",0.556607127189636,70853,"Q1","M1"
"Tachybaptus ruficollis","Little Grebe",0.553998947143555,70853,"Q1","M1"
"Asio otus","Long-eared Owl",0.552173733711243,70853,"Q1","M1"
"Gavia stellata","Red-throated Diver",0.546108424663544,70853,"Q1","M1"
"Scolopax rusticola","Eurasian Woodcock",0.54548990726471,70853,"Q1","M1"
"Gavia arctica","Black-throated Diver",0.542470932006836,70853,"Q1","M1"
"Falco columbarius","Merlin",0.541537940502167,70853,"Q1","M1"
"Aegolius funereus","Tengmalm's Owl",0.541066110134125,70853,"Q1","M1"
"Pandion haliaetus","Osprey",0.53992223739624,70853,"Q1","M1"
"Pluvialis squatarola","Grey Plover",0.537354648113251,70853,"Q1","M1"
"Spatula querquedula","Garganey",0.537215530872345,70853,"Q1","M1"
"Falco tinnunculus","Common Kestrel",0.536886930465698,70853,"Q1","M1"
"Falco subbuteo","Eurasian Hobby",0.536616027355194,70853,"Q1","M1"
"Plectrophenax nivalis","Snow Bunting",0.536468863487244,70853,"Q1","M1"
"Glaucidium passerinum","Eurasian Pygmy-Owl",0.534919738769531,70853,"Q1","M1"
"Remiz pendulinus","Eurasian Penduline Tit",0.534108519554138,70853,"Q1","M1"
"Picus canus","Grey-headed Woodpecker",0.529918432235718,70853,"Q1","M1"
"Ficedula parva","Red-breasted Flycatcher",0.52404522895813,70853,"Q1","M1"
"Strix aluco","Tawny Owl",0.52272355556488,70853,"Q1","M1"
"Lyrurus tetrix","Black Grouse",0.519096493721008,70853,"Q1","M1"
"Anser serrirostris","Tundra Bean Goose",0.513857901096344,70853,"Q1","M1"
"Anser fabalis","Taiga Bean Goose",0.513716161251068,70853,"Q1","M1"
"Calcarius lapponicus","Lapland Bunting",0.512805163860321,70853,"Q1","M1"
"Lymnocryptes minimus","Jack Snipe",0.506905436515808,70853,"Q1","M1"
"Pernis apivorus","European Honey-buzzard",0.506062388420105,70853,"Q1","M1"
"Curruca nisoria","Barred Warbler",0.504719257354736,70853,"Q1","M1"
"Tetrastes bonasia","Hazel Grouse",0.502817988395691,70853,"Q1","M1"
"Somateria mollissima","Common Eider",0.501897811889648,70853,"Q1","M1"
"Eremophila alpestris","Shore Lark",0.498279601335526,70853,"Q1","M1"
"Picoides tridactylus","Eurasian Three-toed Woodpecker",0.496614038944244,70853,"Q1","M1"
"Asio flammeus","Short-eared Owl",0.49603208899498,70853,"Q1","M1"
"Jynx torquilla","Eurasian Wryneck",0.493277221918106,70853,"Q1","M1"
"Loxia pytyopsittacus","Parrot Crossbill",0.489641815423965,70853,"Q1","M1"
"Tringa erythropus","Spotted Redshank",0.485895574092865,70853,"Q1","M1"
"Falco peregrinus","Peregrine Falcon",0.482805788516998,70853,"Q1","M1"
"Strix uralensis","Ural Owl",0.477355390787125,70853,"Q1","M1"
"Limosa limosa","Black-tailed Godwit",0.477132886648178,70853,"Q1","M1"
"Anthus petrosus","Rock Pipit",0.476897120475769,70853,"Q1","M1"
"Locustella luscinioides","Savi's Warbler",0.47545325756073,70853,"Q1","M1"
"Calidris alba","Sanderling",0.474176228046417,70853,"Q1","M1"
"Bubo bubo","Eurasian Eagle Owl",0.47374016046524,70853,"Q1","M1"
"Crex crex","Corncrake",0.473410308361053,70853,"Q1","M1"
"Alca torda","Razorbill",0.472201287746429,70853,"Q1","M1"
"Linaria flavirostris","Twite",0.471080422401428,70853,"Q1","M1"
"Dendrocopos leucotos","White-backed Woodpecker",0.469804644584656,70853,"Q1","M1"
"Calidris minuta","Little Stint",0.465726286172867,70853,"Q1","M1"
"Podiceps auritus","Slavonian Grebe",0.465510845184326,70853,"Q1","M1"
"Charadrius dubius","Little Ringed Plover",0.464468091726303,70853,"Q1","M1"
"Calidris ferruginea","Curlew Sandpiper",0.461806565523148,70853,"Q1","M1"
"Upupa epops","Eurasian Hoopoe",0.461443901062012,70853,"Q1","M1"
"Streptopelia decaocto","Collared Dove",0.452454686164856,70853,"Q1","M1"
"Tetrao urogallus","Western Capercaillie",0.45163157582283,70853,"Q1","M1"
"Pinicola enucleator","Pine Grosbeak",0.450187832117081,70853,"Q1","M1"
"Circus pygargus","Montagu's Harrier",0.44492644071579,70853,"Q1","M1"
"Hydroprogne caspia","Caspian Tern",0.439315646886826,70853,"Q1","M1"
"Clanga pomarina","Lesser Spotted Eagle",0.436336547136307,70853,"Q1","M1"
"Phalaropus lobatus","Red-necked Phalarope",0.430690854787827,70853,"Q1","M1"
"Picus viridis","Eurasian Green Woodpecker",0.426517814397812,70853,"Q1","M1"
"Sterna paradisaea","Arctic Tern",0.421623051166534,70853,"Q1","M1"
"Sternula albifrons","Little Tern",0.421479433774948,70853,"Q1","M1"
"Chlidonias leucopterus","White-winged Black Tern",0.416913866996765,70853,"Q1","M1"
"Galerida cristata","Crested Lark",0.415787309408188,70853,"Q1","M1"
"Calidris temminckii","Temminck's Stint",0.407980382442474,70853,"Q1","M1"
"Caprimulgus europaeus","Eurasian Nightjar",0.403964221477509,70853,"Q1","M1"
"Zapornia parva","Little Crake",0.401426017284393,70853,"Q1","M1"
"Ciconia nigra","Black Stork",0.40034431219101,70853,"Q1","M1"
"Phylloscopus trochiloides","Greenish Warbler",0.397574871778488,70853,"Q1","M1"
"Serinus serinus","European Serin",0.394844889640808,70853,"Q1","M1"
"Locustella naevia","Common Grasshopper Warbler",0.39467778801918,70853,"Q1","M1"
"Anthus cervinus","Red-throated Pipit",0.392790377140045,70853,"Q1","M1"
"Podiceps nigricollis","Black-necked Grebe",0.392053335905075,70853,"Q1","M1"
"Locustella fluviatilis","River Warbler",0.389922559261322,70853,"Q1","M1"
"Larus cachinnans","Caspian Gull",0.388421326875687,70853,"Q1","M1"
"Anthus campestris","Tawny Pipit",0.386941641569138,70853,"Q1","M1"
"Gallinago media","Great Snipe",0.3853560090065,70853,"Q1","M1"
"Strix nebulosa","Great Grey Owl",0.383801490068436,70853,"Q1","M1"
"Larus hyperboreus","Glaucous Gull",0.382070928812027,70853,"Q1","M1"
"Acrocephalus dumetorum","Blyth's Reed Warbler",0.378010183572769,70853,"Q1","M1"
"Calidris canutus","Red Knot",0.375892639160156,70853,"Q1","M1"
"Porzana porzana","Spotted Crake",0.370953887701035,70853,"Q1","M1"
"Calidris falcinellus","Broad-billed Sandpiper",0.363853991031647,70853,"Q1","M1"
"Limosa lapponica","Bar-tailed Godwit",0.362840622663498,70853,"Q1","M1"
"Stercorarius parasiticus","Arctic Skua",0.361359179019928,70853,"Q1","M1"
"Luscinia svecica","Bluethroat",0.35922247171402,70853,"Q1","M1"
"Milvus migrans","Black Kite",0.358516216278076,70853,"Q1","M1"
"Coturnix coturnix","Common Quail",0.351423382759094,70853,"Q1","M1"
"Streptopelia turtur","European Turtle Dove",0.346469610929489,70853,"Q1","M1"
"Arenaria interpres","Ruddy Turnstone",0.344835728406906,70853,"Q1","M1"
"Regulus ignicapilla","Common Firecrest",0.343138813972473,70853,"Q1","M1"
"Loxia leucoptera","Two-barred Crossbill",0.342774599790573,70853,"Q1","M1"
"Cinclus cinclus","White-throated Dipper",0.339954972267151,70853,"Q1","M1"
"Thalasseus sandvicensis","Sandwich Tern",0.339388608932495,70853,"Q1","M1"
"Branta canadensis","Canada Goose",0.336888432502747,70853,"Q1","M1"
"Falco vespertinus","Red-footed Falcon",0.328989952802658,70853,"Q1","M1"
"Chlidonias hybrida","Whiskered Tern",0.326718032360077,70853,"Q1","M1"
"Emberiza hortulana","Ortolan Bunting",0.321917206048965,70853,"Q1","M1"
"Motacilla cinerea","Grey Wagtail",0.321437358856201,70853,"Q1","M1"
"Phasianus colchicus","Common Pheasant",0.320992887020111,70853,"Q1","M1"
"Emberiza calandra","Corn Bunting",0.316581577062607,70853,"Q1","M1"
"Stercorarius longicaudus","Long-tailed Skua",0.315361082553864,70853,"Q1","M1"
"Surnia ulula","Northern Hawk Owl",0.312818050384521,70853,"Q1","M1"
"Milvus milvus","Red Kite",0.310574531555176,70853,"Q1","M1"
"Ichthyaetus melanocephalus","Mediterranean Gull",0.293329745531082,70853,"Q1","M1"
"Acanthis hornemanni","Arctic Redpoll",0.288350641727448,70853,"Q1","M1"
"Acrocephalus paludicola","Aquatic Warbler",0.281167358160019,70853,"Q1","M1"
"Stercorarius pomarinus","Pomarine Skua",0.267999351024628,70853,"Q1","M1"
"Uria aalge","Common Guillemot",0.254605859518051,70853,"Q1","M1"
"Tringa stagnatilis","Marsh Sandpiper",0.252879351377487,70853,"Q1","M1"
"Coracias garrulus","European Roller",0.248282179236412,70853,"Q1","M1"
"Recurvirostra avosetta","Pied Avocet",0.245800495147705,70853,"Q1","M1"
"Numenius phaeopus","Whimbrel",0.243154734373093,70853,"Q1","M1"
"Lagopus lagopus","Red Grouse/Willow Grouse",0.240502282977104,70853,"Q1","M1"
"Lagopus muta","Rock Ptarmigan",0.239202931523323,70853,"Q1","M1"
"Motacilla citreola","Citrine Wagtail",0.232032760977745,70853,"Q1","M1"
"Athene noctua","Little Owl",0.231723710894585,70853,"Q1","M1"
"Calidris maritima","Purple Sandpiper",0.231667175889015,70853,"Q1","M1"
"Saxicola rubicola","European Stonechat",0.22718770802021,70853,"Q1","M1"
"Phylloscopus inornatus","Yellow-browed Warbler",0.22299587726593,70853,"Q1","M1"
"Ixobrychus minutus","Little Bittern",0.217478930950165,70853,"Q1","M1"
"Aquila chrysaetos","Golden Eagle",0.217214822769165,70853,"Q1","M1"
"Cepphus grylle","Black Guillemot",0.183938190340996,70853,"Q1","M1"
"Merops apiaster","European Bee-eater",0.179476350545883,70853,"Q1","M1"
"Bubo scandiacus","Snowy Owl",0.163218379020691,70853,"Q1","M1"
"Netta rufina","Red-crested Pochard",0.15918056666851,70853,"Q1","M1"
"Ficedula albicollis","Collared Flycatcher",0.153448566794395,70853,"Q1","M1"
"Certhia brachydactyla","Short-toed Treecreeper",0.13909800350666,70853,"Q1","M1"
"Clanga clanga","Greater Spotted Eagle",0.138887837529182,70853,"Q1","M1"
"Stercorarius skua","Great Skua",0.128414705395699,70853,"Q1","M1"
"Charadrius morinellus","Eurasian Dotterel",0.122648797929287,70853,"Q1","M1"
"Tyto alba","Barn Owl",0.120716333389282,70853,"Q1","M1"
"Nycticorax nycticorax","Black-crowned Night Heron",0.119944699108601,70853,"Q1","M1"
"Aythya nyroca","Ferruginous Duck",0.116130068898201,70853,"Q1","M1"
"Anser brachyrhynchus","Pink-footed Goose",0.114095397293568,70853,"Q1","M1"
"Gavia immer","Great Northern Diver",0.111256569623947,70853,"Q1","M1"
"Circaetus gallicus","Short-toed Eagle",0.110252156853676,70853,"Q1","M1"
"Turdus torquatus","Ring Ouzel",0.106380276381969,70853,"Q1","M1"
"Phalaropus fulicarius","Grey Phalarope",0.106072559952736,70853,"Q1","M1"
"Perisoreus infaustus","Siberian Jay",0.105405740439892,70853,"Q1","M1"
"Falco rusticolus","Gyr Falcon",0.102670796215534,70853,"Q1","M1"
"Tadorna ferruginea","Ruddy Shelduck",0.0984963551163673,70853,"Q1","M1"
"Phylloscopus proregulus","Pallas's Warbler",0.0958360582590103,70853,"Q1","M1"
"Luscinia megarhynchos","Common Nightingale",0.0958046615123749,70853,"Q1","M1"
"Iduna caligata","Booted Warbler",0.0951438695192337,70853,"Q1","M1"
"Emberiza rustica","Rustic Bunting",0.0805239900946617,70853,"Q1","M1"
"Hieraaetus pennatus","Booted Eagle",0.0742076113820076,70853,"Q1","M1"
"Anser erythropus","Lesser White-fronted Goose",0.0707761198282242,70853,"Q1","M1"
"Egretta garzetta","Little Egret",0.068336196243763,70853,"Q1","M1"
"Cyanistes cyanus","Azure Tit",0.067905455827713,70853,"Q1","M1"
"Xenus cinereus","Terek Sandpiper",0.0661171153187752,70853,"Q1","M1"
"Anthus spinoletta","Water Pipit",0.0649552494287491,70853,"Q1","M1"
"Gyps fulvus","Griffon Vulture",0.064312644302845,70853,"Q1","M1"
"Acanthis cabaret","Lesser Redpoll",0.0640964061021805,70853,"Q1","M1"
"Dendrocopos syriacus","Syrian Woodpecker",0.0617921464145184,70853,"Q1","M1"
"Fulmarus glacialis","Northern Fulmar",0.0609396770596504,70853,"Q1","M1"
"Platalea leucorodia","Eurasian Spoonbill",0.0607334040105343,70853,"Q1","M1"
"Lanius minor","Lesser Grey Shrike",0.0509545244276524,70853,"Q1","M1"
"Anthus richardi","Richard's Pipit",0.0500941909849644,70853,"Q1","M1"
"Fratercula arctica","Atlantic Puffin",0.0498031005263329,70853,"Q1","M1"
"Somateria spectabilis","King Eider",0.049522090703249,70853,"Q1","M1"
"Rissa tridactyla","Black-legged Kittiwake",0.0483461394906044,70853,"Q1","M1"
"Gavia adamsii","White-billed Diver",0.0483024083077908,70853,"Q1","M1"
"Cercotrichas galactotes","Rufous-tailed Scrub Robin",0.047854520380497,70853,"Q1","M1"
"Poecile cinctus","Siberian Tit",0.0466340333223343,70853,"Q1","M1"
"Circus macrourus","Pallid Harrier",0.0465322323143482,70853,"Q1","M1"
"Himantopus himantopus","Black-winged Stilt",0.0456460639834404,70853,"Q1","M1"
"Monticola saxatilis","Common Rock Thrush",0.0437194891273975,70853,"Q1","M1"
"Bubulcus ibis","Western Cattle Egret",0.0425712130963802,70853,"Q1","M1"
"Lanius senator","Woodchat Shrike",0.0403013192117214,70853,"Q1","M1"
"Pyrrhocorax pyrrhocorax","Red-billed Chough",0.0399302206933498,70853,"Q1","M1"
"Uria lomvia","Brünnich's Guillemot",0.0378263257443905,70853,"Q1","M1"
"Prunella collaris","Alpine Accentor",0.0349561087787151,70853,"Q1","M1"
"Emberiza pusilla","Little Bunting",0.0295351762324572,70853,"Q1","M1"
"Merops persicus","Blue-cheeked Bee-eater",0.0276985857635736,70853,"Q1","M1"
"Apus melba","Alpine Swift",0.0244116019457579,70853,"Q1","M1"
"Pyrrhocorax graculus","Alpine Chough",0.0241160932928324,70853,"Q1","M1"
"Anser caerulescens","Snow Goose",0.0234726201742887,70853,"Q1","M1"
"Ardea purpurea","Purple Heron",0.0234520975500345,70853,"Q1","M1"
"Glareola pratincola","Collared Pratincole",0.0227114818990231,70853,"Q1","M1"
"Emberiza cia","Rock Bunting",0.0224313903599977,70853,"Q1","M1"
"Ptyonoprogne rupestris","Eurasian Crag Martin",0.0212739463895559,70853,"Q1","M1"
"Aix galericulata","Mandarin Duck",0.0205477084964514,70853,"Q1","M1"
"Lanius borealis","Northern Shrike",0.0190064925700426,70853,"Q1","M1"
"Iduna pallida","Eastern Olivaceous Warbler",0.0185547843575478,70853,"Q1","M1"
"Falco naumanni","Lesser Kestrel",0.0171817727386951,70853,"Q1","M1"
"Charadrius alexandrinus","Kentish Plover",0.0169680807739496,70853,"Q1","M1"
"Otus scops","Eurasian Scops Owl",0.0164994671940804,70853,"Q1","M1"
"Cettia cetti","Cetti's Warbler",0.0164752602577209,70853,"Q1","M1"
"Pterocles orientalis","Black-bellied Sandgrouse",0.0158341154456139,70853,"Q1","M1"
"Passer hispaniolensis","Spanish Sparrow",0.0151331014931202,70853,"Q1","M1"
"Tarsiger cyanurus","Red-flanked Bluetail",0.0144075369462371,70853,"Q1","M1"
"Burhinus oedicnemus","Stone-curlew",0.0143828364089131,70853,"Q1","M1"
"Phoenicopterus roseus","Greater Flamingo",0.0140898488461971,70853,"Q1","M1"
"Ardeola ralloides","Squacco Heron",0.0129929566755891,70853,"Q1","M1"
"Melanocorypha calandra","Calandra Lark",0.0128385480493307,70853,"Q1","M1"
"Anser indicus","Bar-headed Goose",0.0120227476581931,70853,"Q1","M1"
"Aegypius monachus","Black Vulture",0.0108284186571836,70853,"Q1","M1"
"Oenanthe melanoleuca","Eastern Black-eared Wheatear",0.0106454873457551,70853,"Q1","M1"
"Aquila heliaca","Imperial Eagle",0.0101618077605963,70853,"Q1","M1"
"Anthus rubescens","Buff-bellied Pipit",0.0101424874737859,70853,"Q1","M1"
"Larus michahellis","Yellow-legged Gull",0.0100863305851817,70853,"Q1","M1"
"Corvus cornix","Hooded Crow",0.99878317117691,70854,"Q1","M2"
"Parus major","Great Tit",0.995536684989929,70854,"Q1","M2"
"Motacilla alba","Pied Wagtail/White Wagtail",0.982049286365509,70854,"Q1","M2"
"Anas platyrhynchos","Mallard",0.980258941650391,70854,"Q1","M2"
"Chroicocephalus ridibundus","Black-headed Gull",0.974215567111969,70854,"Q1","M2"
"Fringilla coelebs","Common Chaffinch",0.964937388896942,70854,"Q1","M2"
"Hirundo rustica","Barn Swallow",0.961498379707336,70854,"Q1","M2"
"Cyanistes caeruleus","Eurasian Blue Tit",0.956745564937592,70854,"Q1","M2"
"Sturnus vulgaris","Common Starling",0.956331372261047,70854,"Q1","M2"
"Larus argentatus","Herring Gull",0.954748690128326,70854,"Q1","M2"
"Erithacus rubecula","European Robin",0.952400505542755,70854,"Q1","M2"
"Apus apus","Common Swift",0.951632142066956,70854,"Q1","M2"
"Turdus merula","Eurasian Blackbird",0.943536877632141,70854,"Q1","M2"
"Columba palumbus","Common Woodpigeon",0.942348897457123,70854,"Q1","M2"
"Corvus monedula","Eurasian Jackdaw",0.924769759178162,70854,"Q1","M2"
"Cygnus olor","Mute Swan",0.920108079910278,70854,"Q1","M2"
"Turdus pilaris","Fieldfare",0.918631136417389,70854,"Q1","M2"
"Bucephala clangula","Common Goldeneye",0.898669302463531,70854,"Q1","M2"
"Passer montanus","Eurasian Tree Sparrow",0.896244168281555,70854,"Q1","M2"
"Garrulus glandarius","Eurasian Jay",0.892794013023376,70854,"Q1","M2"
"Ardea cinerea","Grey Heron",0.882901787757874,70854,"Q1","M2"
"Pica pica","Common Magpie",0.879324436187744,70854,"Q1","M2"
"Phylloscopus collybita","Common Chiffchaff",0.878402650356293,70854,"Q1","M2"
"Larus canus","Common Gull",0.875479817390442,70854,"Q1","M2"
"Corvus corax","Common Raven",0.871825516223907,70854,"Q1","M2"
"Troglodytes troglodytes","Eurasian Wren",0.865105271339417,70854,"Q1","M2"
"Vanellus vanellus","Northern Lapwing",0.864424228668213,70854,"Q1","M2"
"Alauda arvensis","Eurasian Skylark",0.862760365009308,70854,"Q1","M2"
"Emberiza citrinella","Yellowhammer",0.862461447715759,70854,"Q1","M2"
"Phylloscopus trochilus","Willow Warbler",0.857030034065247,70854,"Q1","M2"
"Phalacrocorax carbo","Great Cormorant",0.852894127368927,70854,"Q1","M2"
"Sterna hirundo","Common Tern",0.842013835906982,70854,"Q1","M2"
"Mergus merganser","Goosander",0.841464936733246,70854,"Q1","M2"
"Delichon urbicum","Western House Martin",0.831926763057709,70854,"Q1","M2"
"Turdus philomelos","Song Thrush",0.829511106014252,70854,"Q1","M2"
"Dendrocopos major","Great Spotted Woodpecker",0.828495562076569,70854,"Q1","M2"
"Curruca communis","Common Whitethroat",0.82694411277771,70854,"Q1","M2"
"Regulus regulus","Goldcrest",0.825585722923279,70854,"Q1","M2"
"Chloris chloris","European Greenfinch",0.820077061653137,70854,"Q1","M2"
"Sylvia atricapilla","Eurasian Blackcap",0.819245636463165,70854,"Q1","M2"
"Anthus pratensis","Meadow Pipit",0.815724313259125,70854,"Q1","M2"
"Columba livia","Rock Dove",0.814052164554596,70854,"Q1","M2"
"Carduelis carduelis","European Goldfinch",0.805178642272949,70854,"Q1","M2"
"Cygnus cygnus","Whooper Swan",0.803128600120544,70854,"Q1","M2"
"Pyrrhula pyrrhula","Eurasian Bullfinch",0.80240124464035,70854,"Q1","M2"
"Podiceps cristatus","Great Crested Grebe",0.797647058963776,70854,"Q1","M2"
"Buteo buteo","Common Buzzard",0.794666230678558,70854,"Q1","M2"
"Larus marinus","Great Black-backed Gull",0.784979343414307,70854,"Q1","M2"
"Fulica atra","Eurasian Coot",0.784683287143707,70854,"Q1","M2"
"Spinus spinus","Eurasian Siskin",0.784024596214294,70854,"Q1","M2"
"Certhia familiaris","Eurasian Treecreeper",0.775707960128784,70854,"Q1","M2"
"Cuculus canorus","Common Cuckoo",0.76545000076294,70854,"Q1","M2"
"Passer domesticus","House Sparrow",0.761512756347656,70854,"Q1","M2"
"Corvus frugilegus","Rook",0.760632574558258,70854,"Q1","M2"
"Linaria cannabina","Common Linnet",0.757567822933197,70854,"Q1","M2"
"Grus grus","Common Crane",0.755042493343353,70854,"Q1","M2"
"Emberiza schoeniclus","Common Reed Bunting",0.751188695430756,70854,"Q1","M2"
"Sitta europaea","Eurasian Nuthatch",0.74948638677597,70854,"Q1","M2"
"Accipiter nisus","Eurasian Sparrowhawk",0.747961401939392,70854,"Q1","M2"
"Mareca penelope","Eurasian Wigeon",0.747455775737762,70854,"Q1","M2"
"Bombycilla garrulus","Bohemian Waxwing",0.744916915893555,70854,"Q1","M2"
"Ficedula hypoleuca","European Pied Flycatcher",0.729451775550842,70854,"Q1","M2"
"Aythya fuligula","Tufted Duck",0.728919506072998,70854,"Q1","M2"
"Fringilla montifringilla","Brambling",0.728885471820831,70854,"Q1","M2"
"Lophophanes cristatus","Crested Tit",0.713370561599731,70854,"Q1","M2"
"Gallinago gallinago","Common Snipe",0.713332891464233,70854,"Q1","M2"
"Luscinia luscinia","Thrush Nightingale",0.707379281520844,70854,"Q1","M2"
"Saxicola rubetra","Whinchat",0.705206453800201,70854,"Q1","M2"
"Anas crecca","Eurasian/Green-winged Teal",0.705143213272095,70854,"Q1","M2"
"Turdus iliacus","Redwing",0.70115065574646,70854,"Q1","M2"
"Haliaeetus albicilla","White-tailed Eagle",0.700002789497375,70854,"Q1","M2"
"Calidris alpina","Dunlin",0.699994921684265,70854,"Q1","M2"
"Phylloscopus sibilatrix","Wood Warbler",0.696276426315308,70854,"Q1","M2"
"Ardea alba","Great White Egret",0.69599187374115,70854,"Q1","M2"
"Muscicapa striata","Spotted Flycatcher",0.695259809494019,70854,"Q1","M2"
"Anthus trivialis","Tree Pipit",0.695212483406067,70854,"Q1","M2"
"Acrocephalus schoenobaenus","Sedge Warbler",0.693778038024902,70854,"Q1","M2"
"Circus aeruginosus","Western Marsh Harrier",0.691825151443481,70854,"Q1","M2"
"Haematopus ostralegus","Eurasian Oystercatcher",0.691317856311798,70854,"Q1","M2"
"Coccothraustes coccothraustes","Hawfinch",0.68970251083374,70854,"Q1","M2"
"Actitis hypoleucos","Common Sandpiper",0.684577226638794,70854,"Q1","M2"
"Periparus ater","Coal Tit",0.684240102767944,70854,"Q1","M2"
"Curruca curruca","Lesser Whitethroat",0.679116129875183,70854,"Q1","M2"
"Anser albifrons","Greater White-fronted Goose",0.677003622055054,70854,"Q1","M2"
"Larus fuscus","Lesser Black-backed Gull",0.675455331802368,70854,"Q1","M2"
"Poecile palustris","Marsh Tit",0.674647092819214,70854,"Q1","M2"
"Phoenicurus ochruros","Black Redstart",0.673931837081909,70854,"Q1","M2"
"Lanius collurio","Red-backed Shrike",0.670823037624359,70854,"Q1","M2"
"Branta leucopsis","Barnacle Goose",0.670473694801331,70854,"Q1","M2"
"Motacilla flava","Western Yellow Wagtail",0.668382465839386,70854,"Q1","M2"
"Sylvia borin","Garden Warbler",0.665905594825745,70854,"Q1","M2"
"Dryocopus martius","Black Woodpecker",0.665260195732117,70854,"Q1","M2"
"Circus cyaneus","Hen Harrier",0.663715124130249,70854,"Q1","M2"
"Aegithalos caudatus","Long-tailed Tit",0.663120687007904,70854,"Q1","M2"
"Melanitta fusca","Velvet Scoter",0.661032199859619,70854,"Q1","M2"
"Phoenicurus phoenicurus","Common Redstart",0.658690750598907,70854,"Q1","M2"
"Ciconia ciconia","White Stork",0.658209502696991,70854,"Q1","M2"
"Oenanthe oenanthe","Northern Wheatear",0.656935095787048,70854,"Q1","M2"
"Carpodacus erythrinus","Common Rosefinch",0.654578566551208,70854,"Q1","M2"
"Tringa totanus","Common Redshank",0.65230268239975,70854,"Q1","M2"
"Clangula hyemalis","Long-tailed Duck",0.647998332977295,70854,"Q1","M2"
"Dryobates minor","Lesser Spotted Woodpecker",0.647061944007874,70854,"Q1","M2"
"Charadrius hiaticula","Common Ringed Plover",0.642695009708405,70854,"Q1","M2"
"Lanius excubitor","Great Grey Shrike",0.640444874763489,70854,"Q1","M2"
"Mergellus albellus","Smew",0.64007306098938,70854,"Q1","M2"
"Loxia curvirostra","Common Crossbill",0.639066994190216,70854,"Q1","M2"
"Tadorna tadorna","Common Shelduck",0.63873702287674,70854,"Q1","M2"
"Tringa nebularia","Common Greenshank",0.637891173362732,70854,"Q1","M2"
"Prunella modularis","Dunnock",0.635796904563904,70854,"Q1","M2"
"Accipiter gentilis","Eurasian Goshawk",0.635158061981201,70854,"Q1","M2"
"Poecile montanus","Willow Tit",0.634368896484375,70854,"Q1","M2"
"Lullula arborea","Woodlark",0.631473660469055,70854,"Q1","M2"
"Turdus viscivorus","Mistle Thrush",0.628852248191833,70854,"Q1","M2"
"Mareca strepera","Gadwall",0.628846883773804,70854,"Q1","M2"
"Aythya marila","Greater Scaup",0.621622920036316,70854,"Q1","M2"
"Hydrocoloeus minutus","Little Gull",0.621217608451843,70854,"Q1","M2"
"Dendrocoptes medius","Middle Spotted Woodpecker",0.619319021701813,70854,"Q1","M2"
"Spatula clypeata","Northern Shoveler",0.617035031318665,70854,"Q1","M2"
"Acrocephalus arundinaceus","Great Reed Warbler",0.616585373878479,70854,"Q1","M2"
"Hippolais icterina","Icterine Warbler",0.607893586158752,70854,"Q1","M2"
"Cygnus columbianus","Bewick's Swan",0.601001977920532,70854,"Q1","M2"
"Tringa glareola","Wood Sandpiper",0.597491323947906,70854,"Q1","M2"
"Calidris pugnax","Ruff",0.597043633460999,70854,"Q1","M2"
"Alcedo atthis","Common Kingfisher",0.596584498882294,70854,"Q1","M2"
"Melanitta nigra","Common Scoter",0.594560027122498,70854,"Q1","M2"
"Panurus biarmicus","Bearded Tit",0.592161536216736,70854,"Q1","M2"
"Acrocephalus scirpaceus","Common Reed Warbler",0.590986728668213,70854,"Q1","M2"
"Mergus serrator","Red-breasted Merganser",0.589318990707397,70854,"Q1","M2"
"Riparia riparia","Sand Martin",0.588729023933411,70854,"Q1","M2"
"Gallinula chloropus","Common Moorhen",0.587890207767487,70854,"Q1","M2"
"Acrocephalus palustris","Marsh Warbler",0.587482571601868,70854,"Q1","M2"
"Numenius arquata","Eurasian Curlew",0.584791541099548,70854,"Q1","M2"
"Tringa ochropus","Green Sandpiper",0.581611633300781,70854,"Q1","M2"
"Acanthis flammea","Common Redpoll",0.579447567462921,70854,"Q1","M2"
"Pluvialis apricaria","European Golden Plover",0.579216122627258,70854,"Q1","M2"
"Rallus aquaticus","Water Rail",0.57895565032959,70854,"Q1","M2"
"Chlidonias niger","Black Tern",0.578211963176727,70854,"Q1","M2"
"Botaurus stellaris","Great Bittern",0.577375411987305,70854,"Q1","M2"
"Anser anser","Greylag Goose",0.57519519329071,70854,"Q1","M2"
"Anas acuta","Northern Pintail",0.575103938579559,70854,"Q1","M2"
"Aythya ferina","Common Pochard",0.574810862541199,70854,"Q1","M2"
"Buteo lagopus","Rough-legged Buzzard",0.573490262031555,70854,"Q1","M2"
"Columba oenas","Stock Dove",0.572854995727539,70854,"Q1","M2"
"Nucifraga caryocatactes","Spotted Nutcracker",0.570445716381073,70854,"Q1","M2"
"Perdix perdix","Grey Partridge",0.563520967960358,70854,"Q1","M2"
"Oriolus oriolus","Eurasian Golden Oriole",0.562038421630859,70854,"Q1","M2"
"Branta bernicla","Brent Goose",0.557402491569519,70854,"Q1","M2"
"Podiceps grisegena","Red-necked Grebe",0.555201530456543,70854,"Q1","M2"
"Tachybaptus ruficollis","Little Grebe",0.553742408752441,70854,"Q1","M2"
"Asio otus","Long-eared Owl",0.550660848617554,70854,"Q1","M2"
"Gavia stellata","Red-throated Diver",0.545451641082764,70854,"Q1","M2"
"Scolopax rusticola","Eurasian Woodcock",0.544317960739136,70854,"Q1","M2"
"Gavia arctica","Black-throated Diver",0.541334629058838,70854,"Q1","M2"
"Aegolius funereus","Tengmalm's Owl",0.540119707584381,70854,"Q1","M2"
"Falco columbarius","Merlin",0.539694547653198,70854,"Q1","M2"
"Spatula querquedula","Garganey",0.537736773490906,70854,"Q1","M2"
"Pandion haliaetus","Osprey",0.537154257297516,70854,"Q1","M2"
"Pluvialis squatarola","Grey Plover",0.536645770072937,70854,"Q1","M2"
"Remiz pendulinus","Eurasian Penduline Tit",0.53606128692627,70854,"Q1","M2"
"Falco tinnunculus","Common Kestrel",0.535912156105042,70854,"Q1","M2"
"Plectrophenax nivalis","Snow Bunting",0.535166084766388,70854,"Q1","M2"
"Falco subbuteo","Eurasian Hobby",0.534837543964386,70854,"Q1","M2"
"Glaucidium passerinum","Eurasian Pygmy-Owl",0.534815311431885,70854,"Q1","M2"
"Picus canus","Grey-headed Woodpecker",0.527592062950134,70854,"Q1","M2"
"Ficedula parva","Red-breasted Flycatcher",0.522133827209473,70854,"Q1","M2"
"Strix aluco","Tawny Owl",0.521028518676758,70854,"Q1","M2"
"Lyrurus tetrix","Black Grouse",0.517057240009308,70854,"Q1","M2"
"Anser serrirostris","Tundra Bean Goose",0.512960255146027,70854,"Q1","M2"
"Calcarius lapponicus","Lapland Bunting",0.512414395809174,70854,"Q1","M2"
"Anser fabalis","Taiga Bean Goose",0.511122286319733,70854,"Q1","M2"
"Lymnocryptes minimus","Jack Snipe",0.506370782852173,70854,"Q1","M2"
"Pernis apivorus","European Honey-buzzard",0.504087209701538,70854,"Q1","M2"
"Curruca nisoria","Barred Warbler",0.503445208072662,70854,"Q1","M2"
"Somateria mollissima","Common Eider",0.501660704612732,70854,"Q1","M2"
"Tetrastes bonasia","Hazel Grouse",0.500715613365173,70854,"Q1","M2"
"Eremophila alpestris","Shore Lark",0.497658967971802,70854,"Q1","M2"
"Picoides tridactylus","Eurasian Three-toed Woodpecker",0.495951980352402,70854,"Q1","M2"
"Asio flammeus","Short-eared Owl",0.494109392166138,70854,"Q1","M2"
"Jynx torquilla","Eurasian Wryneck",0.490781426429749,70854,"Q1","M2"
"Loxia pytyopsittacus","Parrot Crossbill",0.490556061267853,70854,"Q1","M2"
"Tringa erythropus","Spotted Redshank",0.484985083341599,70854,"Q1","M2"
"Anthus petrosus","Rock Pipit",0.481508105993271,70854,"Q1","M2"
"Falco peregrinus","Peregrine Falcon",0.481357842683792,70854,"Q1","M2"
"Strix uralensis","Ural Owl",0.476040542125702,70854,"Q1","M2"
"Limosa limosa","Black-tailed Godwit",0.475913405418396,70854,"Q1","M2"
"Locustella luscinioides","Savi's Warbler",0.475860804319382,70854,"Q1","M2"
"Alca torda","Razorbill",0.474046766757965,70854,"Q1","M2"
"Linaria flavirostris","Twite",0.472931057214737,70854,"Q1","M2"
"Calidris alba","Sanderling",0.472925037145615,70854,"Q1","M2"
"Crex crex","Corncrake",0.47195839881897,70854,"Q1","M2"
"Bubo bubo","Eurasian Eagle Owl",0.470720857381821,70854,"Q1","M2"
"Dendrocopos leucotos","White-backed Woodpecker",0.468594163656235,70854,"Q1","M2"
"Calidris minuta","Little Stint",0.464920490980148,70854,"Q1","M2"
"Charadrius dubius","Little Ringed Plover",0.463489860296249,70854,"Q1","M2"
"Upupa epops","Eurasian Hoopoe",0.463226854801178,70854,"Q1","M2"
"Podiceps auritus","Slavonian Grebe",0.462843626737595,70854,"Q1","M2"
"Calidris ferruginea","Curlew Sandpiper",0.461093842983246,70854,"Q1","M2"
"Streptopelia decaocto","Collared Dove",0.453784316778183,70854,"Q1","M2"
"Tetrao urogallus","Western Capercaillie",0.450383365154266,70854,"Q1","M2"
"Pinicola enucleator","Pine Grosbeak",0.448964267969131,70854,"Q1","M2"
"Circus pygargus","Montagu's Harrier",0.445978403091431,70854,"Q1","M2"
"Hydroprogne caspia","Caspian Tern",0.440807372331619,70854,"Q1","M2"
"Clanga pomarina","Lesser Spotted Eagle",0.436960071325302,70854,"Q1","M2"
"Phalaropus lobatus","Red-necked Phalarope",0.429284155368805,70854,"Q1","M2"
"Picus viridis","Eurasian Green Woodpecker",0.427212834358215,70854,"Q1","M2"
"Sternula albifrons","Little Tern",0.423319637775421,70854,"Q1","M2"
"Chlidonias leucopterus","White-winged Black Tern",0.419424474239349,70854,"Q1","M2"
"Galerida cristata","Crested Lark",0.419358640909195,70854,"Q1","M2"
"Sterna paradisaea","Arctic Tern",0.418723553419113,70854,"Q1","M2"
"Calidris temminckii","Temminck's Stint",0.405779808759689,70854,"Q1","M2"
"Caprimulgus europaeus","Eurasian Nightjar",0.401872426271439,70854,"Q1","M2"
"Ciconia nigra","Black Stork",0.401338994503021,70854,"Q1","M2"
"Zapornia parva","Little Crake",0.401209026575089,70854,"Q1","M2"
"Larus cachinnans","Caspian Gull",0.396214187145233,70854,"Q1","M2"
"Serinus serinus","European Serin",0.395641297101974,70854,"Q1","M2"
"Phylloscopus trochiloides","Greenish Warbler",0.394457280635834,70854,"Q1","M2"
"Podiceps nigricollis","Black-necked Grebe",0.394248694181442,70854,"Q1","M2"
"Locustella naevia","Common Grasshopper Warbler",0.393121063709259,70854,"Q1","M2"
"Anthus cervinus","Red-throated Pipit",0.390272915363312,70854,"Q1","M2"
"Locustella fluviatilis","River Warbler",0.389581173658371,70854,"Q1","M2"
"Anthus campestris","Tawny Pipit",0.388998299837112,70854,"Q1","M2"
"Gallinago media","Great Snipe",0.383752971887589,70854,"Q1","M2"
"Strix nebulosa","Great Grey Owl",0.383089631795883,70854,"Q1","M2"
"Larus hyperboreus","Glaucous Gull",0.381122380495071,70854,"Q1","M2"
"Calidris canutus","Red Knot",0.375767648220062,70854,"Q1","M2"
"Acrocephalus dumetorum","Blyth's Reed Warbler",0.373105227947235,70854,"Q1","M2"
"Porzana porzana","Spotted Crake",0.368848204612732,70854,"Q1","M2"
"Calidris falcinellus","Broad-billed Sandpiper",0.36159360408783,70854,"Q1","M2"
"Limosa lapponica","Bar-tailed Godwit",0.360373169183731,70854,"Q1","M2"
"Stercorarius parasiticus","Arctic Skua",0.358353734016418,70854,"Q1","M2"
"Milvus migrans","Black Kite",0.35729855298996,70854,"Q1","M2"
"Luscinia svecica","Bluethroat",0.357095748186111,70854,"Q1","M2"
"Coturnix coturnix","Common Quail",0.349863946437836,70854,"Q1","M2"
"Regulus ignicapilla","Common Firecrest",0.344997674226761,70854,"Q1","M2"
"Streptopelia turtur","European Turtle Dove",0.34396505355835,70854,"Q1","M2"
"Arenaria interpres","Ruddy Turnstone",0.343403995037079,70854,"Q1","M2"
"Thalasseus sandvicensis","Sandwich Tern",0.342324614524841,70854,"Q1","M2"
"Loxia leucoptera","Two-barred Crossbill",0.340531468391418,70854,"Q1","M2"
"Cinclus cinclus","White-throated Dipper",0.338762700557709,70854,"Q1","M2"
"Branta canadensis","Canada Goose",0.337379604578018,70854,"Q1","M2"
"Chlidonias hybrida","Whiskered Tern",0.330179691314697,70854,"Q1","M2"
"Falco vespertinus","Red-footed Falcon",0.328628420829773,70854,"Q1","M2"
"Phasianus colchicus","Common Pheasant",0.322439104318619,70854,"Q1","M2"
"Emberiza hortulana","Ortolan Bunting",0.321286499500275,70854,"Q1","M2"
"Emberiza calandra","Corn Bunting",0.320808351039886,70854,"Q1","M2"
"Motacilla cinerea","Grey Wagtail",0.320559918880463,70854,"Q1","M2"
"Stercorarius longicaudus","Long-tailed Skua",0.314821869134903,70854,"Q1","M2"
"Milvus milvus","Red Kite",0.313638776540756,70854,"Q1","M2"
"Surnia ulula","Northern Hawk Owl",0.310951173305511,70854,"Q1","M2"
"Ichthyaetus melanocephalus","Mediterranean Gull",0.293773621320724,70854,"Q1","M2"
"Acanthis hornemanni","Arctic Redpoll",0.286167591810226,70854,"Q1","M2"
"Acrocephalus paludicola","Aquatic Warbler",0.282802075147629,70854,"Q1","M2"
"Stercorarius pomarinus","Pomarine Skua",0.26684159040451,70854,"Q1","M2"
"Uria aalge","Common Guillemot",0.256218791007996,70854,"Q1","M2"
"Tringa stagnatilis","Marsh Sandpiper",0.253247618675232,70854,"Q1","M2"
"Coracias garrulus","European Roller",0.248335242271423,70854,"Q1","M2"
"Recurvirostra avosetta","Pied Avocet",0.247557863593102,70854,"Q1","M2"
"Numenius phaeopus","Whimbrel",0.240055859088898,70854,"Q1","M2"
"Lagopus muta","Rock Ptarmigan",0.239112228155136,70854,"Q1","M2"
"Lagopus lagopus","Red Grouse/Willow Grouse",0.238256543874741,70854,"Q1","M2"
"Motacilla citreola","Citrine Wagtail",0.232494875788689,70854,"Q1","M2"
"Saxicola rubicola","European Stonechat",0.232073590159416,70854,"Q1","M2"
"Athene noctua","Little Owl",0.231678366661072,70854,"Q1","M2"
"Calidris maritima","Purple Sandpiper",0.229975923895836,70854,"Q1","M2"
"Phylloscopus inornatus","Yellow-browed Warbler",0.220539778470993,70854,"Q1","M2"
"Ixobrychus minutus","Little Bittern",0.217569008469582,70854,"Q1","M2"
"Aquila chrysaetos","Golden Eagle",0.214430376887321,70854,"Q1","M2"
"Cepphus grylle","Black Guillemot",0.182708412408829,70854,"Q1","M2"
"Merops apiaster","European Bee-eater",0.181188255548477,70854,"Q1","M2"
"Bubo scandiacus","Snowy Owl",0.162678182125092,70854,"Q1","M2"
"Netta rufina","Red-crested Pochard",0.16017758846283,70854,"Q1","M2"
"Ficedula albicollis","Collared Flycatcher",0.154194533824921,70854,"Q1","M2"
"Certhia brachydactyla","Short-toed Treecreeper",0.141735538840294,70854,"Q1","M2"
"Clanga clanga","Greater Spotted Eagle",0.138887256383896,70854,"Q1","M2"
"Stercorarius skua","Great Skua",0.128470182418823,70854,"Q1","M2"
"Tyto alba","Barn Owl",0.121640920639038,70854,"Q1","M2"
"Charadrius morinellus","Eurasian Dotterel",0.121569022536278,70854,"Q1","M2"
"Nycticorax nycticorax","Black-crowned Night Heron",0.121175155043602,70854,"Q1","M2"
"Aythya nyroca","Ferruginous Duck",0.117441594600677,70854,"Q1","M2"
"Anser brachyrhynchus","Pink-footed Goose",0.11523425579071,70854,"Q1","M2"
"Gavia immer","Great Northern Diver",0.11123314499855,70854,"Q1","M2"
"Circaetus gallicus","Short-toed Eagle",0.110487371683121,70854,"Q1","M2"
"Turdus torquatus","Ring Ouzel",0.105938658118248,70854,"Q1","M2"
"Phalaropus fulicarius","Grey Phalarope",0.105371914803982,70854,"Q1","M2"
"Perisoreus infaustus","Siberian Jay",0.102771997451782,70854,"Q1","M2"
"Falco rusticolus","Gyr Falcon",0.101197585463524,70854,"Q1","M2"
"Tadorna ferruginea","Ruddy Shelduck",0.0988297760486603,70854,"Q1","M2"
"Luscinia megarhynchos","Common Nightingale",0.0978953838348389,70854,"Q1","M2"
"Phylloscopus proregulus","Pallas's Warbler",0.0949499309062958,70854,"Q1","M2"
"Iduna caligata","Booted Warbler",0.0934566855430603,70854,"Q1","M2"
"Emberiza rustica","Rustic Bunting",0.0783436819911003,70854,"Q1","M2"
"Hieraaetus pennatus","Booted Eagle",0.0744318887591362,70854,"Q1","M2"
"Anser erythropus","Lesser White-fronted Goose",0.0696106627583504,70854,"Q1","M2"
"Egretta garzetta","Little Egret",0.069331519305706,70854,"Q1","M2"
"Cyanistes cyanus","Azure Tit",0.0681342780590057,70854,"Q1","M2"
"Acanthis cabaret","Lesser Redpoll",0.0668218210339546,70854,"Q1","M2"
"Anthus spinoletta","Water Pipit",0.0666769966483116,70854,"Q1","M2"
"Xenus cinereus","Terek Sandpiper",0.0654124841094017,70854,"Q1","M2"
"Dendrocopos syriacus","Syrian Woodpecker",0.0646308958530426,70854,"Q1","M2"
"Gyps fulvus","Griffon Vulture",0.0646241903305054,70854,"Q1","M2"
"Platalea leucorodia","Eurasian Spoonbill",0.0613242983818054,70854,"Q1","M2"
"Fulmarus glacialis","Northern Fulmar",0.0606447085738182,70854,"Q1","M2"
"Lanius minor","Lesser Grey Shrike",0.0514631979167461,70854,"Q1","M2"
"Fratercula arctica","Atlantic Puffin",0.050031628459692,70854,"Q1","M2"
"Anthus richardi","Richard's Pipit",0.0497377812862396,70854,"Q1","M2"
"Somateria spectabilis","King Eider",0.0492494814097881,70854,"Q1","M2"
"Cercotrichas galactotes","Rufous-tailed Scrub Robin",0.048524372279644,70854,"Q1","M2"
"Rissa tridactyla","Black-legged Kittiwake",0.0481068268418312,70854,"Q1","M2"
"Gavia adamsii","White-billed Diver",0.0472585298120975,70854,"Q1","M2"
"Circus macrourus","Pallid Harrier",0.0459101274609566,70854,"Q1","M2"
"Himantopus himantopus","Black-winged Stilt",0.0457636713981628,70854,"Q1","M2"
"Poecile cinctus","Siberian Tit",0.045234888792038,70854,"Q1","M2"
"Monticola saxatilis","Common Rock Thrush",0.0441660024225712,70854,"Q1","M2"
"Bubulcus ibis","Western Cattle Egret",0.0429985895752907,70854,"Q1","M2"
"Lanius senator","Woodchat Shrike",0.0408599525690079,70854,"Q1","M2"
"Pyrrhocorax pyrrhocorax","Red-billed Chough",0.0405280478298664,70854,"Q1","M2"
"Uria lomvia","Brünnich's Guillemot",0.0377836413681507,70854,"Q1","M2"
"Prunella collaris","Alpine Accentor",0.0353797115385532,70854,"Q1","M2"
"Emberiza pusilla","Little Bunting",0.028521616011858,70854,"Q1","M2"
"Merops persicus","Blue-cheeked Bee-eater",0.0279948003590107,70854,"Q1","M2"
"Apus melba","Alpine Swift",0.0246842317283154,70854,"Q1","M2"
"Pyrrhocorax graculus","Alpine Chough",0.0243579484522343,70854,"Q1","M2"
"Ardea purpurea","Purple Heron",0.0238946359604597,70854,"Q1","M2"
"Anser caerulescens","Snow Goose",0.0234263781458139,70854,"Q1","M2"
"Glareola pratincola","Collared Pratincole",0.0228359457105398,70854,"Q1","M2"
"Emberiza cia","Rock Bunting",0.0225699506700039,70854,"Q1","M2"
"Ptyonoprogne rupestris","Eurasian Crag Martin",0.0214985236525536,70854,"Q1","M2"
"Aix galericulata","Mandarin Duck",0.0212296396493912,70854,"Q1","M2"
"Lanius borealis","Northern Shrike",0.0190400648862123,70854,"Q1","M2"
"Iduna pallida","Eastern Olivaceous Warbler",0.0187972709536552,70854,"Q1","M2"
"Falco naumanni","Lesser Kestrel",0.0172842275351286,70854,"Q1","M2"
"Charadrius alexandrinus","Kentish Plover",0.0171060059219599,70854,"Q1","M2"
"Cettia cetti","Cetti's Warbler",0.0165670849382877,70854,"Q1","M2"
"Otus scops","Eurasian Scops Owl",0.0165461301803589,70854,"Q1","M2"
"Pterocles orientalis","Black-bellied Sandgrouse",0.0158778894692659,70854,"Q1","M2"
"Passer hispaniolensis","Spanish Sparrow",0.0151734575629234,70854,"Q1","M2"
"Phoenicopterus roseus","Greater Flamingo",0.0147494561970234,70854,"Q1","M2"
"Burhinus oedicnemus","Stone-curlew",0.0144952675327659,70854,"Q1","M2"
"Tarsiger cyanurus","Red-flanked Bluetail",0.0138487666845322,70854,"Q1","M2"
"Ardeola ralloides","Squacco Heron",0.0131252007558942,70854,"Q1","M2"
"Melanocorypha calandra","Calandra Lark",0.0128425965085626,70854,"Q1","M2"
"Anser indicus","Bar-headed Goose",0.0121074458584189,70854,"Q1","M2"
"Oenanthe melanoleuca","Eastern Black-eared Wheatear",0.0107361664995551,70854,"Q1","M2"
"Aegypius monachus","Black Vulture",0.0107099851593375,70854,"Q1","M2"
"Larus michahellis","Yellow-legged Gull",0.0103196520358324,70854,"Q1","M2"
"Aquila heliaca","Imperial Eagle",0.0101359412074089,70854,"Q1","M2"
"Anthus rubescens","Buff-bellied Pipit",0.0100527098402381,70854,"Q1","M2"
"Corvus cornix","Hooded Crow",0.998734414577484,70855,"Q1","M3"
"Parus major","Great Tit",0.99560022354126,70855,"Q1","M3"
"Motacilla alba","Pied Wagtail/White Wagtail",0.98198401927948,70855,"Q1","M3"
"Anas platyrhynchos","Mallard",0.980394005775452,70855,"Q1","M3"
"Chroicocephalus ridibundus","Black-headed Gull",0.974559664726257,70855,"Q1","M3"
"Fringilla coelebs","Common Chaffinch",0.964684963226318,70855,"Q1","M3"
"Hirundo rustica","Barn Swallow",0.961489081382751,70855,"Q1","M3"
"Sturnus vulgaris","Common Starling",0.957048118114471,70855,"Q1","M3"
"Cyanistes caeruleus","Eurasian Blue Tit",0.956215620040894,70855,"Q1","M3"
"Larus argentatus","Herring Gull",0.955127358436584,70855,"Q1","M3"
"Erithacus rubecula","European Robin",0.9522465467453,70855,"Q1","M3"
"Apus apus","Common Swift",0.95157927274704,70855,"Q1","M3"
"Turdus merula","Eurasian Blackbird",0.943469226360321,70855,"Q1","M3"
"Columba palumbus","Common Woodpigeon",0.942619860172272,70855,"Q1","M3"
"Corvus monedula","Eurasian Jackdaw",0.924353361129761,70855,"Q1","M3"
"Cygnus olor","Mute Swan",0.921840786933899,70855,"Q1","M3"
"Turdus pilaris","Fieldfare",0.91747397184372,70855,"Q1","M3"
"Bucephala clangula","Common Goldeneye",0.897938251495361,70855,"Q1","M3"
"Passer montanus","Eurasian Tree Sparrow",0.895479083061218,70855,"Q1","M3"
"Garrulus glandarius","Eurasian Jay",0.893468141555786,70855,"Q1","M3"
"Ardea cinerea","Grey Heron",0.883875846862793,70855,"Q1","M3"
"Pica pica","Common Magpie",0.879537880420685,70855,"Q1","M3"
"Phylloscopus collybita","Common Chiffchaff",0.87840348482132,70855,"Q1","M3"
"Larus canus","Common Gull",0.874733924865723,70855,"Q1","M3"
"Corvus corax","Common Raven",0.871833026409149,70855,"Q1","M3"
"Troglodytes troglodytes","Eurasian Wren",0.866170883178711,70855,"Q1","M3"
"Vanellus vanellus","Northern Lapwing",0.864342331886292,70855,"Q1","M3"
"Alauda arvensis","Eurasian Skylark",0.863150894641876,70855,"Q1","M3"
"Emberiza citrinella","Yellowhammer",0.862652719020844,70855,"Q1","M3"
"Phylloscopus trochilus","Willow Warbler",0.856107354164124,70855,"Q1","M3"
"Phalacrocorax carbo","Great Cormorant",0.855523347854614,70855,"Q1","M3"
"Mergus merganser","Goosander",0.841280102729797,70855,"Q1","M3"
"Sterna hirundo","Common Tern",0.840394616127014,70855,"Q1","M3"
"Delichon urbicum","Western House Martin",0.833032369613647,70855,"Q1","M3"
"Turdus philomelos","Song Thrush",0.829054176807404,70855,"Q1","M3"
"Curruca communis","Common Whitethroat",0.827960133552551,70855,"Q1","M3"
"Dendrocopos major","Great Spotted Woodpecker",0.82648229598999,70855,"Q1","M3"
"Regulus regulus","Goldcrest",0.824763834476471,70855,"Q1","M3"
"Sylvia atricapilla","Eurasian Blackcap",0.820219874382019,70855,"Q1","M3"
"Chloris chloris","European Greenfinch",0.819099545478821,70855,"Q1","M3"
"Anthus pratensis","Meadow Pipit",0.816225469112396,70855,"Q1","M3"
"Columba livia","Rock Dove",0.813068747520447,70855,"Q1","M3"
"Carduelis carduelis","European Goldfinch",0.805202603340149,70855,"Q1","M3"
"Pyrrhula pyrrhula","Eurasian Bullfinch",0.800703585147858,70855,"Q1","M3"
"Cygnus cygnus","Whooper Swan",0.800467073917389,70855,"Q1","M3"
"Buteo buteo","Common Buzzard",0.797260820865631,70855,"Q1","M3"
"Podiceps cristatus","Great Crested Grebe",0.796170234680176,70855,"Q1","M3"
"Larus marinus","Great Black-backed Gull",0.786644220352173,70855,"Q1","M3"
"Fulica atra","Eurasian Coot",0.783909797668457,70855,"Q1","M3"
"Spinus spinus","Eurasian Siskin",0.781745851039886,70855,"Q1","M3"
"Certhia familiaris","Eurasian Treecreeper",0.77352786064148,70855,"Q1","M3"
"Cuculus canorus","Common Cuckoo",0.763955593109131,70855,"Q1","M3"
"Corvus frugilegus","Rook",0.763633787631989,70855,"Q1","M3"
"Passer domesticus","House Sparrow",0.763336896896362,70855,"Q1","M3"
"Linaria cannabina","Common Linnet",0.759776890277863,70855,"Q1","M3"
"Grus grus","Common Crane",0.756761193275452,70855,"Q1","M3"
"Emberiza schoeniclus","Common Reed Bunting",0.751745641231537,70855,"Q1","M3"
"Sitta europaea","Eurasian Nuthatch",0.748329401016235,70855,"Q1","M3"
"Accipiter nisus","Eurasian Sparrowhawk",0.748157143592834,70855,"Q1","M3"
"Mareca penelope","Eurasian Wigeon",0.746154606342316,70855,"Q1","M3"
"Bombycilla garrulus","Bohemian Waxwing",0.743196487426758,70855,"Q1","M3"
"Fringilla montifringilla","Brambling",0.728066325187683,70855,"Q1","M3"
"Ficedula hypoleuca","European Pied Flycatcher",0.726441979408264,70855,"Q1","M3"
"Aythya fuligula","Tufted Duck",0.725010752677917,70855,"Q1","M3"
"Lophophanes cristatus","Crested Tit",0.712200343608856,70855,"Q1","M3"
"Gallinago gallinago","Common Snipe",0.711628079414368,70855,"Q1","M3"
"Luscinia luscinia","Thrush Nightingale",0.705410182476044,70855,"Q1","M3"
"Saxicola rubetra","Whinchat",0.704752027988434,70855,"Q1","M3"
"Anas crecca","Eurasian/Green-winged Teal",0.702227532863617,70855,"Q1","M3"
"Haliaeetus albicilla","White-tailed Eagle",0.699919104576111,70855,"Q1","M3"
"Calidris alpina","Dunlin",0.699308097362518,70855,"Q1","M3"
"Turdus iliacus","Redwing",0.697921395301819,70855,"Q1","M3"
"Ardea alba","Great White Egret",0.697387218475342,70855,"Q1","M3"
"Phylloscopus sibilatrix","Wood Warbler",0.694961905479431,70855,"Q1","M3"
"Circus aeruginosus","Western Marsh Harrier",0.693741917610168,70855,"Q1","M3"
"Muscicapa striata","Spotted Flycatcher",0.693219125270844,70855,"Q1","M3"
"Acrocephalus schoenobaenus","Sedge Warbler",0.692705154418945,70855,"Q1","M3"
"Anthus trivialis","Tree Pipit",0.69258850812912,70855,"Q1","M3"
"Coccothraustes coccothraustes","Hawfinch",0.689653635025024,70855,"Q1","M3"
"Haematopus ostralegus","Eurasian Oystercatcher",0.689202070236206,70855,"Q1","M3"
"Actitis hypoleucos","Common Sandpiper",0.682292580604553,70855,"Q1","M3"
"Periparus ater","Coal Tit",0.681211054325104,70855,"Q1","M3"
"Curruca curruca","Lesser Whitethroat",0.678519070148468,70855,"Q1","M3"
"Poecile palustris","Marsh Tit",0.676293253898621,70855,"Q1","M3"
"Anser albifrons","Greater White-fronted Goose",0.674652338027954,70855,"Q1","M3"
"Phoenicurus ochruros","Black Redstart",0.674298167228699,70855,"Q1","M3"
"Lanius collurio","Red-backed Shrike",0.671961307525635,70855,"Q1","M3"
"Larus fuscus","Lesser Black-backed Gull",0.671741127967834,70855,"Q1","M3"
"Motacilla flava","Western Yellow Wagtail",0.668833136558533,70855,"Q1","M3"
"Branta leucopsis","Barnacle Goose",0.667068004608154,70855,"Q1","M3"
"Ciconia ciconia","White Stork",0.663930296897888,70855,"Q1","M3"
"Dryocopus martius","Black Woodpecker",0.662892580032349,70855,"Q1","M3"
"Circus cyaneus","Hen Harrier",0.662360310554504,70855,"Q1","M3"
"Sylvia borin","Garden Warbler",0.662009358406067,70855,"Q1","M3"
"Aegithalos caudatus","Long-tailed Tit",0.66190755367279,70855,"Q1","M3"
"Melanitta fusca","Velvet Scoter",0.661732912063599,70855,"Q1","M3"
"Phoenicurus phoenicurus","Common Redstart",0.658454060554504,70855,"Q1","M3"
"Oenanthe oenanthe","Northern Wheatear",0.655311107635498,70855,"Q1","M3"
"Tringa totanus","Common Redshank",0.653330624103546,70855,"Q1","M3"
"Carpodacus erythrinus","Common Rosefinch",0.650843262672424,70855,"Q1","M3"
"Clangula hyemalis","Long-tailed Duck",0.649738669395447,70855,"Q1","M3"
"Dryobates minor","Lesser Spotted Woodpecker",0.646346926689148,70855,"Q1","M3"
"Charadrius hiaticula","Common Ringed Plover",0.640751600265503,70855,"Q1","M3"
"Tadorna tadorna","Common Shelduck",0.640385508537292,70855,"Q1","M3"
"Lanius excubitor","Great Grey Shrike",0.638760387897491,70855,"Q1","M3"
"Mergellus albellus","Smew",0.638387799263,70855,"Q1","M3"
"Loxia curvirostra","Common Crossbill",0.637340188026428,70855,"Q1","M3"
"Tringa nebularia","Common Greenshank",0.635550737380981,70855,"Q1","M3"
"Prunella modularis","Dunnock",0.634868025779724,70855,"Q1","M3"
"Accipiter gentilis","Eurasian Goshawk",0.633455395698547,70855,"Q1","M3"
"Poecile montanus","Willow Tit",0.631929636001587,70855,"Q1","M3"
"Lullula arborea","Woodlark",0.629339039325714,70855,"Q1","M3"
"Turdus viscivorus","Mistle Thrush",0.62763261795044,70855,"Q1","M3"
"Mareca strepera","Gadwall",0.626028180122375,70855,"Q1","M3"
"Dendrocoptes medius","Middle Spotted Woodpecker",0.620750188827515,70855,"Q1","M3"
"Hydrocoloeus minutus","Little Gull",0.619700074195862,70855,"Q1","M3"
"Aythya marila","Greater Scaup",0.619120121002197,70855,"Q1","M3"
"Acrocephalus arundinaceus","Great Reed Warbler",0.618197679519653,70855,"Q1","M3"
"Spatula clypeata","Northern Shoveler",0.614016175270081,70855,"Q1","M3"
"Hippolais icterina","Icterine Warbler",0.60790479183197,70855,"Q1","M3"
"Cygnus columbianus","Bewick's Swan",0.598676562309265,70855,"Q1","M3"
"Melanitta nigra","Common Scoter",0.595614075660706,70855,"Q1","M3"
"Alcedo atthis","Common Kingfisher",0.595568835735321,70855,"Q1","M3"
"Calidris pugnax","Ruff",0.595438718795776,70855,"Q1","M3"
"Tringa glareola","Wood Sandpiper",0.594000816345215,70855,"Q1","M3"
"Acrocephalus scirpaceus","Common Reed Warbler",0.591890811920166,70855,"Q1","M3"
"Panurus biarmicus","Bearded Tit",0.591475248336792,70855,"Q1","M3"
"Riparia riparia","Sand Martin",0.587114453315735,70855,"Q1","M3"
"Mergus serrator","Red-breasted Merganser",0.587089776992798,70855,"Q1","M3"
"Acrocephalus palustris","Marsh Warbler",0.586244225502014,70855,"Q1","M3"
"Gallinula chloropus","Common Moorhen",0.586009323596954,70855,"Q1","M3"
"Numenius arquata","Eurasian Curlew",0.581319689750671,70855,"Q1","M3"
"Pluvialis apricaria","European Golden Plover",0.579536080360413,70855,"Q1","M3"
"Chlidonias niger","Black Tern",0.579178631305695,70855,"Q1","M3"
"Tringa ochropus","Green Sandpiper",0.57886004447937,70855,"Q1","M3"
"Acanthis flammea","Common Redpoll",0.577463924884796,70855,"Q1","M3"
"Rallus aquaticus","Water Rail",0.577095448970795,70855,"Q1","M3"
"Botaurus stellaris","Great Bittern",0.5761638879776,70855,"Q1","M3"
"Anser anser","Greylag Goose",0.57601535320282,70855,"Q1","M3"
"Anas acuta","Northern Pintail",0.573278427124023,70855,"Q1","M3"
"Buteo lagopus","Rough-legged Buzzard",0.57250052690506,70855,"Q1","M3"
"Aythya ferina","Common Pochard",0.572254657745361,70855,"Q1","M3"
"Columba oenas","Stock Dove",0.570701122283936,70855,"Q1","M3"
"Nucifraga caryocatactes","Spotted Nutcracker",0.567818939685822,70855,"Q1","M3"
"Oriolus oriolus","Eurasian Golden Oriole",0.563691675662994,70855,"Q1","M3"
"Perdix perdix","Grey Partridge",0.562095880508423,70855,"Q1","M3"
"Branta bernicla","Brent Goose",0.55792647600174,70855,"Q1","M3"
"Tachybaptus ruficollis","Little Grebe",0.552866697311401,70855,"Q1","M3"
"Podiceps grisegena","Red-necked Grebe",0.551819086074829,70855,"Q1","M3"
"Asio otus","Long-eared Owl",0.548188090324402,70855,"Q1","M3"
"Gavia stellata","Red-throated Diver",0.544057250022888,70855,"Q1","M3"
"Scolopax rusticola","Eurasian Woodcock",0.541773021221161,70855,"Q1","M3"
"Aegolius funereus","Tengmalm's Owl",0.539830803871155,70855,"Q1","M3"
"Gavia arctica","Black-throated Diver",0.538752317428589,70855,"Q1","M3"
"Spatula querquedula","Garganey",0.538174986839294,70855,"Q1","M3"
"Falco columbarius","Merlin",0.537883758544922,70855,"Q1","M3"
"Remiz pendulinus","Eurasian Penduline Tit",0.537807166576385,70855,"Q1","M3"
"Falco tinnunculus","Common Kestrel",0.534800112247467,70855,"Q1","M3"
"Plectrophenax nivalis","Snow Bunting",0.534394562244415,70855,"Q1","M3"
"Pluvialis squatarola","Grey Plover",0.534132957458496,70855,"Q1","M3"
"Glaucidium passerinum","Eurasian Pygmy-Owl",0.533673048019409,70855,"Q1","M3"
"Pandion haliaetus","Osprey",0.532938122749329,70855,"Q1","M3"
"Falco subbuteo","Eurasian Hobby",0.531006038188934,70855,"Q1","M3"
"Picus canus","Grey-headed Woodpecker",0.523171544075012,70855,"Q1","M3"
"Ficedula parva","Red-breasted Flycatcher",0.518545031547546,70855,"Q1","M3"
"Strix aluco","Tawny Owl",0.517543613910675,70855,"Q1","M3"
"Lyrurus tetrix","Black Grouse",0.513111233711243,70855,"Q1","M3"
"Calcarius lapponicus","Lapland Bunting",0.512111485004425,70855,"Q1","M3"
"Anser serrirostris","Tundra Bean Goose",0.511942148208618,70855,"Q1","M3"
"Anser fabalis","Taiga Bean Goose",0.506464958190918,70855,"Q1","M3"
"Lymnocryptes minimus","Jack Snipe",0.50491726398468,70855,"Q1","M3"
"Somateria mollissima","Common Eider",0.501584529876709,70855,"Q1","M3"
"Pernis apivorus","European Honey-buzzard",0.500582337379456,70855,"Q1","M3"
"Curruca nisoria","Barred Warbler",0.499902606010437,70855,"Q1","M3"
"Eremophila alpestris","Shore Lark",0.497154742479324,70855,"Q1","M3"
"Tetrastes bonasia","Hazel Grouse",0.496704638004303,70855,"Q1","M3"
"Picoides tridactylus","Eurasian Three-toed Woodpecker",0.493361175060272,70855,"Q1","M3"
"Loxia pytyopsittacus","Parrot Crossbill",0.491549074649811,70855,"Q1","M3"
"Asio flammeus","Short-eared Owl",0.490551054477692,70855,"Q1","M3"
"Anthus petrosus","Rock Pipit",0.487905740737915,70855,"Q1","M3"
"Jynx torquilla","Eurasian Wryneck",0.485578596591949,70855,"Q1","M3"
"Tringa erythropus","Spotted Redshank",0.482913136482239,70855,"Q1","M3"
"Falco peregrinus","Peregrine Falcon",0.478496998548508,70855,"Q1","M3"
"Alca torda","Razorbill",0.476736545562744,70855,"Q1","M3"
"Linaria flavirostris","Twite",0.475339442491531,70855,"Q1","M3"
"Locustella luscinioides","Savi's Warbler",0.475112110376358,70855,"Q1","M3"
"Limosa limosa","Black-tailed Godwit",0.473879218101501,70855,"Q1","M3"
"Strix uralensis","Ural Owl",0.473549604415894,70855,"Q1","M3"
"Crex crex","Corncrake",0.469550788402557,70855,"Q1","M3"
"Calidris alba","Sanderling",0.468896180391312,70855,"Q1","M3"
"Bubo bubo","Eurasian Eagle Owl",0.46627077460289,70855,"Q1","M3"
"Upupa epops","Eurasian Hoopoe",0.465067774057388,70855,"Q1","M3"
"Dendrocopos leucotos","White-backed Woodpecker",0.464157998561859,70855,"Q1","M3"
"Calidris minuta","Little Stint",0.462517470121384,70855,"Q1","M3"
"Charadrius dubius","Little Ringed Plover",0.46129846572876,70855,"Q1","M3"
"Calidris ferruginea","Curlew Sandpiper",0.458431929349899,70855,"Q1","M3"
"Podiceps auritus","Slavonian Grebe",0.457956671714783,70855,"Q1","M3"
"Streptopelia decaocto","Collared Dove",0.457439482212067,70855,"Q1","M3"
"Pinicola enucleator","Pine Grosbeak",0.448031157255173,70855,"Q1","M3"
"Tetrao urogallus","Western Capercaillie",0.447836190462112,70855,"Q1","M3"
"Circus pygargus","Montagu's Harrier",0.447061657905579,70855,"Q1","M3"
"Hydroprogne caspia","Caspian Tern",0.442662358283997,70855,"Q1","M3"
"Clanga pomarina","Lesser Spotted Eagle",0.438217371702194,70855,"Q1","M3"
"Phalaropus lobatus","Red-necked Phalarope",0.426844477653503,70855,"Q1","M3"
"Picus viridis","Eurasian Green Woodpecker",0.426223874092102,70855,"Q1","M3"
"Sternula albifrons","Little Tern",0.425996840000153,70855,"Q1","M3"
"Galerida cristata","Crested Lark",0.424911260604858,70855,"Q1","M3"
"Chlidonias leucopterus","White-winged Black Tern",0.422412097454071,70855,"Q1","M3"
"Sterna paradisaea","Arctic Tern",0.412538468837738,70855,"Q1","M3"
"Larus cachinnans","Caspian Gull",0.405899375677109,70855,"Q1","M3"
"Calidris temminckii","Temminck's Stint",0.402256101369858,70855,"Q1","M3"
"Ciconia nigra","Black Stork",0.40168508887291,70855,"Q1","M3"
"Zapornia parva","Little Crake",0.400183498859406,70855,"Q1","M3"
"Caprimulgus europaeus","Eurasian Nightjar",0.398405224084854,70855,"Q1","M3"
"Podiceps nigricollis","Black-necked Grebe",0.397453993558884,70855,"Q1","M3"
"Serinus serinus","European Serin",0.395988821983337,70855,"Q1","M3"
"Anthus campestris","Tawny Pipit",0.391504496335983,70855,"Q1","M3"
"Locustella naevia","Common Grasshopper Warbler",0.390624016523361,70855,"Q1","M3"
"Locustella fluviatilis","River Warbler",0.389123827219009,70855,"Q1","M3"
"Phylloscopus trochiloides","Greenish Warbler",0.388850927352905,70855,"Q1","M3"
"Anthus cervinus","Red-throated Pipit",0.385499835014343,70855,"Q1","M3"
"Strix nebulosa","Great Grey Owl",0.381531596183777,70855,"Q1","M3"
"Gallinago media","Great Snipe",0.38026550412178,70855,"Q1","M3"
"Larus hyperboreus","Glaucous Gull",0.379968106746674,70855,"Q1","M3"
"Calidris canutus","Red Knot",0.373821467161179,70855,"Q1","M3"
"Porzana porzana","Spotted Crake",0.365116804838181,70855,"Q1","M3"
"Acrocephalus dumetorum","Blyth's Reed Warbler",0.364783853292465,70855,"Q1","M3"
"Calidris falcinellus","Broad-billed Sandpiper",0.356506288051605,70855,"Q1","M3"
"Milvus migrans","Black Kite",0.354995548725128,70855,"Q1","M3"
"Limosa lapponica","Bar-tailed Godwit",0.354382693767548,70855,"Q1","M3"
"Luscinia svecica","Bluethroat",0.353700160980225,70855,"Q1","M3"
"Stercorarius parasiticus","Arctic Skua",0.35223662853241,70855,"Q1","M3"
"Regulus ignicapilla","Common Firecrest",0.347470939159393,70855,"Q1","M3"
"Coturnix coturnix","Common Quail",0.345978051424026,70855,"Q1","M3"
"Thalasseus sandvicensis","Sandwich Tern",0.345486223697662,70855,"Q1","M3"
"Arenaria interpres","Ruddy Turnstone",0.339055448770523,70855,"Q1","M3"
"Streptopelia turtur","European Turtle Dove",0.338874340057373,70855,"Q1","M3"
"Loxia leucoptera","Two-barred Crossbill",0.337075591087341,70855,"Q1","M3"
"Branta canadensis","Canada Goose",0.33600527048111,70855,"Q1","M3"
"Cinclus cinclus","White-throated Dipper",0.335951924324036,70855,"Q1","M3"
"Chlidonias hybrida","Whiskered Tern",0.335846185684204,70855,"Q1","M3"
"Falco vespertinus","Red-footed Falcon",0.32775866985321,70855,"Q1","M3"
"Emberiza calandra","Corn Bunting",0.327714115381241,70855,"Q1","M3"
"Phasianus colchicus","Common Pheasant",0.325398504734039,70855,"Q1","M3"
"Emberiza hortulana","Ortolan Bunting",0.319164127111435,70855,"Q1","M3"
"Motacilla cinerea","Grey Wagtail",0.319082170724869,70855,"Q1","M3"
"Milvus milvus","Red Kite",0.316868424415588,70855,"Q1","M3"
"Stercorarius longicaudus","Long-tailed Skua",0.313380151987076,70855,"Q1","M3"
"Surnia ulula","Northern Hawk Owl",0.307562440633774,70855,"Q1","M3"
"Ichthyaetus melanocephalus","Mediterranean Gull",0.294655978679657,70855,"Q1","M3"
"Acrocephalus paludicola","Aquatic Warbler",0.286177515983582,70855,"Q1","M3"
"Acanthis hornemanni","Arctic Redpoll",0.283352941274643,70855,"Q1","M3"
"Stercorarius pomarinus","Pomarine Skua",0.263464033603668,70855,"Q1","M3"
"Uria aalge","Common Guillemot",0.259101241827011,70855,"Q1","M3"
"Tringa stagnatilis","Marsh Sandpiper",0.253000766038895,70855,"Q1","M3"
"Recurvirostra avosetta","Pied Avocet",0.249629259109497,70855,"Q1","M3"
"Coracias garrulus","European Roller",0.247569307684898,70855,"Q1","M3"
"Lagopus muta","Rock Ptarmigan",0.238891333341599,70855,"Q1","M3"
"Numenius phaeopus","Whimbrel",0.234544023871422,70855,"Q1","M3"
"Lagopus lagopus","Red Grouse/Willow Grouse",0.234528511762619,70855,"Q1","M3"
"Saxicola rubicola","European Stonechat",0.234337776899338,70855,"Q1","M3"
"Motacilla citreola","Citrine Wagtail",0.233503475785255,70855,"Q1","M3"
"Athene noctua","Little Owl",0.231094434857368,70855,"Q1","M3"
"Calidris maritima","Purple Sandpiper",0.226567953824997,70855,"Q1","M3"
"Phylloscopus inornatus","Yellow-browed Warbler",0.21700194478035,70855,"Q1","M3"
"Ixobrychus minutus","Little Bittern",0.216841518878937,70855,"Q1","M3"
"Aquila chrysaetos","Golden Eagle",0.209857001900673,70855,"Q1","M3"
"Merops apiaster","European Bee-eater",0.182849779725075,70855,"Q1","M3"
"Cepphus grylle","Black Guillemot",0.180498957633972,70855,"Q1","M3"
"Bubo scandiacus","Snowy Owl",0.162175133824348,70855,"Q1","M3"
"Netta rufina","Red-crested Pochard",0.1620132625103,70855,"Q1","M3"
"Ficedula albicollis","Collared Flycatcher",0.154666021466255,70855,"Q1","M3"
"Certhia brachydactyla","Short-toed Treecreeper",0.146409139037132,70855,"Q1","M3"
"Clanga clanga","Greater Spotted Eagle",0.138829663395882,70855,"Q1","M3"
"Stercorarius skua","Great Skua",0.12812851369381,70855,"Q1","M3"
"Tyto alba","Barn Owl",0.123682163655758,70855,"Q1","M3"
"Nycticorax nycticorax","Black-crowned Night Heron",0.123246312141418,70855,"Q1","M3"
"Aythya nyroca","Ferruginous Duck",0.12021828442812,70855,"Q1","M3"
"Charadrius morinellus","Eurasian Dotterel",0.119944654405117,70855,"Q1","M3"
"Anser brachyrhynchus","Pink-footed Goose",0.116959102451801,70855,"Q1","M3"
"Gavia immer","Great Northern Diver",0.111359260976315,70855,"Q1","M3"
"Circaetus gallicus","Short-toed Eagle",0.110828772187233,70855,"Q1","M3"
"Turdus torquatus","Ring Ouzel",0.104754731059074,70855,"Q1","M3"
"Phalaropus fulicarius","Grey Phalarope",0.104174390435219,70855,"Q1","M3"
"Luscinia megarhynchos","Common Nightingale",0.10186829417944,70855,"Q1","M3"
"Falco rusticolus","Gyr Falcon",0.0989882722496986,70855,"Q1","M3"
"Tadorna ferruginea","Ruddy Shelduck",0.0987301468849182,70855,"Q1","M3"
"Perisoreus infaustus","Siberian Jay",0.098455935716629,70855,"Q1","M3"
"Phylloscopus proregulus","Pallas's Warbler",0.0933447852730751,70855,"Q1","M3"
"Iduna caligata","Booted Warbler",0.0906890779733658,70855,"Q1","M3"
"Emberiza rustica","Rustic Bunting",0.0746849700808525,70855,"Q1","M3"
"Hieraaetus pennatus","Booted Eagle",0.0745455101132393,70855,"Q1","M3"
"Acanthis cabaret","Lesser Redpoll",0.0716461017727852,70855,"Q1","M3"
"Egretta garzetta","Little Egret",0.0709805861115456,70855,"Q1","M3"
"Anthus spinoletta","Water Pipit",0.0690018609166145,70855,"Q1","M3"
"Cyanistes cyanus","Azure Tit",0.0685775950551033,70855,"Q1","M3"
"Anser erythropus","Lesser White-fronted Goose",0.0678199082612991,70855,"Q1","M3"
"Dendrocopos syriacus","Syrian Woodpecker",0.0664293318986893,70855,"Q1","M3"
"Gyps fulvus","Griffon Vulture",0.0654123425483704,70855,"Q1","M3"
"Xenus cinereus","Terek Sandpiper",0.0639931634068489,70855,"Q1","M3"
"Platalea leucorodia","Eurasian Spoonbill",0.0626679062843323,70855,"Q1","M3"
"Fulmarus glacialis","Northern Fulmar",0.0599093288183212,70855,"Q1","M3"
"Lanius minor","Lesser Grey Shrike",0.0521808750927448,70855,"Q1","M3"
"Fratercula arctica","Atlantic Puffin",0.0501983016729355,70855,"Q1","M3"
"Cercotrichas galactotes","Rufous-tailed Scrub Robin",0.0497534796595573,70855,"Q1","M3"
"Somateria spectabilis","King Eider",0.0489305779337883,70855,"Q1","M3"
"Anthus richardi","Richard's Pipit",0.0487092211842537,70855,"Q1","M3"
"Rissa tridactyla","Black-legged Kittiwake",0.0475048124790192,70855,"Q1","M3"
"Himantopus himantopus","Black-winged Stilt",0.0458818413317204,70855,"Q1","M3"
"Gavia adamsii","White-billed Diver",0.0457221902906895,70855,"Q1","M3"
"Monticola saxatilis","Common Rock Thrush",0.0451117195188999,70855,"Q1","M3"
"Circus macrourus","Pallid Harrier",0.0450870245695114,70855,"Q1","M3"
"Bubulcus ibis","Western Cattle Egret",0.0436524711549282,70855,"Q1","M3"
"Poecile cinctus","Siberian Tit",0.0430202074348927,70855,"Q1","M3"
"Lanius senator","Woodchat Shrike",0.0420329123735428,70855,"Q1","M3"
"Pyrrhocorax pyrrhocorax","Red-billed Chough",0.0414683073759079,70855,"Q1","M3"
"Uria lomvia","Brünnich's Guillemot",0.0376158989965916,70855,"Q1","M3"
"Prunella collaris","Alpine Accentor",0.0360430590808392,70855,"Q1","M3"
"Merops persicus","Blue-cheeked Bee-eater",0.0285721365362406,70855,"Q1","M3"
"Emberiza pusilla","Little Bunting",0.0269086435437202,70855,"Q1","M3"
"Apus melba","Alpine Swift",0.0250638872385025,70855,"Q1","M3"
"Pyrrhocorax graculus","Alpine Chough",0.0247224774211645,70855,"Q1","M3"
"Ardea purpurea","Purple Heron",0.0246545616537333,70855,"Q1","M3"
"Anser caerulescens","Snow Goose",0.0233905054628849,70855,"Q1","M3"
"Glareola pratincola","Collared Pratincole",0.0230769421905279,70855,"Q1","M3"
"Emberiza cia","Rock Bunting",0.0228311698883772,70855,"Q1","M3"
"Aix galericulata","Mandarin Duck",0.0224885568022728,70855,"Q1","M3"
"Ptyonoprogne rupestris","Eurasian Crag Martin",0.0218642614781857,70855,"Q1","M3"
"Iduna pallida","Eastern Olivaceous Warbler",0.0192887056618929,70855,"Q1","M3"
"Lanius borealis","Northern Shrike",0.0192056018859148,70855,"Q1","M3"
"Charadrius alexandrinus","Kentish Plover",0.017499215900898,70855,"Q1","M3"
"Falco naumanni","Lesser Kestrel",0.0174959283322096,70855,"Q1","M3"
"Cettia cetti","Cetti's Warbler",0.0167611502110958,70855,"Q1","M3"
"Otus scops","Eurasian Scops Owl",0.0166087169200182,70855,"Q1","M3"
"Pterocles orientalis","Black-bellied Sandgrouse",0.0160175915807486,70855,"Q1","M3"
"Phoenicopterus roseus","Greater Flamingo",0.0154460752382874,70855,"Q1","M3"
"Passer hispaniolensis","Spanish Sparrow",0.0154059436172247,70855,"Q1","M3"
"Burhinus oedicnemus","Stone-curlew",0.0147184198722243,70855,"Q1","M3"
"Ardeola ralloides","Squacco Heron",0.0133851021528244,70855,"Q1","M3"
"Tarsiger cyanurus","Red-flanked Bluetail",0.0129486108198762,70855,"Q1","M3"
"Melanocorypha calandra","Calandra Lark",0.0128378346562386,70855,"Q1","M3"
"Anser indicus","Bar-headed Goose",0.0122185284271836,70855,"Q1","M3"
"Oenanthe melanoleuca","Eastern Black-eared Wheatear",0.0109098628163338,70855,"Q1","M3"
"Aegypius monachus","Black Vulture",0.0105435913428664,70855,"Q1","M3"
"Larus michahellis","Yellow-legged Gull",0.0102829616516829,70855,"Q1","M3"
"Aquila heliaca","Imperial Eagle",0.0100817363709211,70855,"Q1","M3"
"Corvus cornix","Hooded Crow",0.998727321624756,70856,"Q1","M4"
"Parus major","Great Tit",0.995578408241272,70856,"Q1","M4"
"Motacilla alba","Pied Wagtail/White Wagtail",0.981913685798645,70856,"Q1","M4"
"Anas platyrhynchos","Mallard",0.980348348617554,70856,"Q1","M4"
"Chroicocephalus ridibundus","Black-headed Gull",0.974532127380371,70856,"Q1","M4"
"Fringilla coelebs","Common Chaffinch",0.964615643024445,70856,"Q1","M4"
"Hirundo rustica","Barn Swallow",0.961404085159302,70856,"Q1","M4"
"Sturnus vulgaris","Common Starling",0.957058072090149,70856,"Q1","M4"
"Cyanistes caeruleus","Eurasian Blue Tit",0.95599353313446,70856,"Q1","M4"
"Larus argentatus","Herring Gull",0.955165088176727,70856,"Q1","M4"
"Erithacus rubecula","European Robin",0.952023506164551,70856,"Q1","M4"
"Apus apus","Common Swift",0.951141834259033,70856,"Q1","M4"
"Turdus merula","Eurasian Blackbird",0.943455457687378,70856,"Q1","M4"
"Columba palumbus","Common Woodpigeon",0.942600011825562,70856,"Q1","M4"
"Corvus monedula","Eurasian Jackdaw",0.924065828323364,70856,"Q1","M4"
"Cygnus olor","Mute Swan",0.922090530395508,70856,"Q1","M4"
"Turdus pilaris","Fieldfare",0.91737574338913,70856,"Q1","M4"
"Bucephala clangula","Common Goldeneye",0.897842586040497,70856,"Q1","M4"
"Passer montanus","Eurasian Tree Sparrow",0.894868075847626,70856,"Q1","M4"
"Garrulus glandarius","Eurasian Jay",0.893242478370667,70856,"Q1","M4"
"Ardea cinerea","Grey Heron",0.883930802345276,70856,"Q1","M4"
"Pica pica","Common Magpie",0.879104793071747,70856,"Q1","M4"
"Phylloscopus collybita","Common Chiffchaff",0.877854228019714,70856,"Q1","M4"
"Larus canus","Common Gull",0.874547600746155,70856,"Q1","M4"
"Corvus corax","Common Raven",0.871149241924286,70856,"Q1","M4"
"Troglodytes troglodytes","Eurasian Wren",0.865808367729187,70856,"Q1","M4"
"Vanellus vanellus","Northern Lapwing",0.864319324493408,70856,"Q1","M4"
"Alauda arvensis","Eurasian Skylark",0.862924337387085,70856,"Q1","M4"
"Emberiza citrinella","Yellowhammer",0.862425923347473,70856,"Q1","M4"
"Phalacrocorax carbo","Great Cormorant",0.856022953987122,70856,"Q1","M4"
"Phylloscopus trochilus","Willow Warbler",0.855587303638458,70856,"Q1","M4"
"Mergus merganser","Goosander",0.841307759284973,70856,"Q1","M4"
"Sterna hirundo","Common Tern",0.839614629745483,70856,"Q1","M4"
"Delichon urbicum","Western House Martin",0.832429707050323,70856,"Q1","M4"
"Turdus philomelos","Song Thrush",0.828538358211517,70856,"Q1","M4"
"Curruca communis","Common Whitethroat",0.827434301376343,70856,"Q1","M4"
"Dendrocopos major","Great Spotted Woodpecker",0.825729787349701,70856,"Q1","M4"
"Regulus regulus","Goldcrest",0.824050605297089,70856,"Q1","M4"
"Sylvia atricapilla","Eurasian Blackcap",0.819656014442444,70856,"Q1","M4"
"Chloris chloris","European Greenfinch",0.818285048007965,70856,"Q1","M4"
"Anthus pratensis","Meadow Pipit",0.815966248512268,70856,"Q1","M4"
"Columba livia","Rock Dove",0.811832547187805,70856,"Q1","M4"
"Carduelis carduelis","European Goldfinch",0.80450838804245,70856,"Q1","M4"
"Cygnus cygnus","Whooper Swan",0.799992620944977,70856,"Q1","M4"
"Pyrrhula pyrrhula","Eurasian Bullfinch",0.799737274646759,70856,"Q1","M4"
"Buteo buteo","Common Buzzard",0.796959400177002,70856,"Q1","M4"
"Podiceps cristatus","Great Crested Grebe",0.795237362384796,70856,"Q1","M4"
"Larus marinus","Great Black-backed Gull",0.786677479743958,70856,"Q1","M4"
"Fulica atra","Eurasian Coot",0.782677590847015,70856,"Q1","M4"
"Spinus spinus","Eurasian Siskin",0.781132936477661,70856,"Q1","M4"
"Certhia familiaris","Eurasian Treecreeper",0.771927833557129,70856,"Q1","M4"
"Passer domesticus","House Sparrow",0.763143181800842,70856,"Q1","M4"
"Corvus frugilegus","Rook",0.763121366500854,70856,"Q1","M4"
"Cuculus canorus","Common Cuckoo",0.76287168264389,70856,"Q1","M4"
"Linaria cannabina","Common Linnet",0.759373784065247,70856,"Q1","M4"
"Grus grus","Common Crane",0.757083475589752,70856,"Q1","M4"
"Emberiza schoeniclus","Common Reed Bunting",0.751292109489441,70856,"Q1","M4"
"Accipiter nisus","Eurasian Sparrowhawk",0.747386336326599,70856,"Q1","M4"
"Sitta europaea","Eurasian Nuthatch",0.747109413146973,70856,"Q1","M4"
"Mareca penelope","Eurasian Wigeon",0.74529504776001,70856,"Q1","M4"
"Bombycilla garrulus","Bohemian Waxwing",0.742339491844177,70856,"Q1","M4"
"Fringilla montifringilla","Brambling",0.727378606796265,70856,"Q1","M4"
"Ficedula hypoleuca","European Pied Flycatcher",0.725169003009796,70856,"Q1","M4"
"Aythya fuligula","Tufted Duck",0.723521828651428,70856,"Q1","M4"
"Gallinago gallinago","Common Snipe",0.710649847984314,70856,"Q1","M4"
"Lophophanes cristatus","Crested Tit",0.71063494682312,70856,"Q1","M4"
"Luscinia luscinia","Thrush Nightingale",0.703740954399109,70856,"Q1","M4"
"Saxicola rubetra","Whinchat",0.703709602355957,70856,"Q1","M4"
"Anas crecca","Eurasian/Green-winged Teal",0.701319813728333,70856,"Q1","M4"
"Haliaeetus albicilla","White-tailed Eagle",0.699800193309784,70856,"Q1","M4"
"Calidris alpina","Dunlin",0.698747277259827,70856,"Q1","M4"
"Turdus iliacus","Redwing",0.697148203849792,70856,"Q1","M4"
"Ardea alba","Great White Egret",0.696300983428955,70856,"Q1","M4"
"Phylloscopus sibilatrix","Wood Warbler",0.693550229072571,70856,"Q1","M4"
"Circus aeruginosus","Western Marsh Harrier",0.693455576896667,70856,"Q1","M4"
"Muscicapa striata","Spotted Flycatcher",0.691857099533081,70856,"Q1","M4"
"Acrocephalus schoenobaenus","Sedge Warbler",0.691558837890625,70856,"Q1","M4"
"Anthus trivialis","Tree Pipit",0.691382527351379,70856,"Q1","M4"
"Coccothraustes coccothraustes","Hawfinch",0.688405215740204,70856,"Q1","M4"
"Haematopus ostralegus","Eurasian Oystercatcher",0.688026547431946,70856,"Q1","M4"
"Actitis hypoleucos","Common Sandpiper",0.681315839290619,70856,"Q1","M4"
"Periparus ater","Coal Tit",0.679458737373352,70856,"Q1","M4"
"Curruca curruca","Lesser Whitethroat",0.677941083908081,70856,"Q1","M4"
"Poecile palustris","Marsh Tit",0.675293445587158,70856,"Q1","M4"
"Phoenicurus ochruros","Black Redstart",0.673165321350098,70856,"Q1","M4"
"Anser albifrons","Greater White-fronted Goose",0.673103332519531,70856,"Q1","M4"
"Lanius collurio","Red-backed Shrike",0.671190857887268,70856,"Q1","M4"
"Larus fuscus","Lesser Black-backed Gull",0.670180201530457,70856,"Q1","M4"
"Motacilla flava","Western Yellow Wagtail",0.667942762374878,70856,"Q1","M4"
"Branta leucopsis","Barnacle Goose",0.666415512561798,70856,"Q1","M4"
"Ciconia ciconia","White Stork",0.662267327308655,70856,"Q1","M4"
"Dryocopus martius","Black Woodpecker",0.661505937576294,70856,"Q1","M4"
"Circus cyaneus","Hen Harrier",0.660858273506165,70856,"Q1","M4"
"Melanitta fusca","Velvet Scoter",0.660809874534607,70856,"Q1","M4"
"Sylvia borin","Garden Warbler",0.66035407781601,70856,"Q1","M4"
"Aegithalos caudatus","Long-tailed Tit",0.660197854042053,70856,"Q1","M4"
"Phoenicurus phoenicurus","Common Redstart",0.657440781593323,70856,"Q1","M4"
"Oenanthe oenanthe","Northern Wheatear",0.654311895370483,70856,"Q1","M4"
"Tringa totanus","Common Redshank",0.652742505073547,70856,"Q1","M4"
"Clangula hyemalis","Long-tailed Duck",0.649489045143127,70856,"Q1","M4"
"Carpodacus erythrinus","Common Rosefinch",0.649198710918427,70856,"Q1","M4"
"Dryobates minor","Lesser Spotted Woodpecker",0.644966125488281,70856,"Q1","M4"
"Charadrius hiaticula","Common Ringed Plover",0.639842510223389,70856,"Q1","M4"
"Tadorna tadorna","Common Shelduck",0.639633059501648,70856,"Q1","M4"
"Lanius excubitor","Great Grey Shrike",0.637318968772888,70856,"Q1","M4"
"Mergellus albellus","Smew",0.636857509613037,70856,"Q1","M4"
"Loxia curvirostra","Common Crossbill",0.636189699172974,70856,"Q1","M4"
"Tringa nebularia","Common Greenshank",0.634699463844299,70856,"Q1","M4"
"Prunella modularis","Dunnock",0.633975505828857,70856,"Q1","M4"
"Accipiter gentilis","Eurasian Goshawk",0.632094264030457,70856,"Q1","M4"
"Poecile montanus","Willow Tit",0.629989385604858,70856,"Q1","M4"
"Lullula arborea","Woodlark",0.627520561218262,70856,"Q1","M4"
"Turdus viscivorus","Mistle Thrush",0.626395165920258,70856,"Q1","M4"
"Mareca strepera","Gadwall",0.624639868736267,70856,"Q1","M4"
"Hydrocoloeus minutus","Little Gull",0.618747472763062,70856,"Q1","M4"
"Dendrocoptes medius","Middle Spotted Woodpecker",0.618218183517456,70856,"Q1","M4"
"Aythya marila","Greater Scaup",0.61751914024353,70856,"Q1","M4"
"Acrocephalus arundinaceus","Great Reed Warbler",0.617265224456787,70856,"Q1","M4"
"Spatula clypeata","Northern Shoveler",0.612403988838196,70856,"Q1","M4"
"Hippolais icterina","Icterine Warbler",0.607064723968506,70856,"Q1","M4"
"Cygnus columbianus","Bewick's Swan",0.597037971019745,70856,"Q1","M4"
"Melanitta nigra","Common Scoter",0.594935238361359,70856,"Q1","M4"
"Calidris pugnax","Ruff",0.594448566436768,70856,"Q1","M4"
"Alcedo atthis","Common Kingfisher",0.594046950340271,70856,"Q1","M4"
"Tringa glareola","Wood Sandpiper",0.592563033103943,70856,"Q1","M4"
"Acrocephalus scirpaceus","Common Reed Warbler",0.590994000434875,70856,"Q1","M4"
"Panurus biarmicus","Bearded Tit",0.589652061462402,70856,"Q1","M4"
"Mergus serrator","Red-breasted Merganser",0.585623681545258,70856,"Q1","M4"
"Riparia riparia","Sand Martin",0.585573315620422,70856,"Q1","M4"
"Acrocephalus palustris","Marsh Warbler",0.58504056930542,70856,"Q1","M4"
"Gallinula chloropus","Common Moorhen",0.583752989768982,70856,"Q1","M4"
"Numenius arquata","Eurasian Curlew",0.580540359020233,70856,"Q1","M4"
"Pluvialis apricaria","European Golden Plover",0.578789710998535,70856,"Q1","M4"
"Chlidonias niger","Black Tern",0.578306436538696,70856,"Q1","M4"
"Tringa ochropus","Green Sandpiper",0.577032744884491,70856,"Q1","M4"
"Anser anser","Greylag Goose",0.576298892498016,70856,"Q1","M4"
"Acanthis flammea","Common Redpoll",0.576290965080261,70856,"Q1","M4"
"Rallus aquaticus","Water Rail",0.575511813163757,70856,"Q1","M4"
"Botaurus stellaris","Great Bittern",0.574798345565796,70856,"Q1","M4"
"Anas acuta","Northern Pintail",0.571623206138611,70856,"Q1","M4"
"Buteo lagopus","Rough-legged Buzzard",0.571190118789673,70856,"Q1","M4"
"Aythya ferina","Common Pochard",0.570270657539368,70856,"Q1","M4"
"Columba oenas","Stock Dove",0.569057822227478,70856,"Q1","M4"
"Nucifraga caryocatactes","Spotted Nutcracker",0.565782189369202,70856,"Q1","M4"
"Oriolus oriolus","Eurasian Golden Oriole",0.562261402606964,70856,"Q1","M4"
"Perdix perdix","Grey Partridge",0.560186445713043,70856,"Q1","M4"
"Branta bernicla","Brent Goose",0.557146966457367,70856,"Q1","M4"
"Tachybaptus ruficollis","Little Grebe",0.551371395587921,70856,"Q1","M4"
"Podiceps grisegena","Red-necked Grebe",0.550340831279755,70856,"Q1","M4"
"Asio otus","Long-eared Owl",0.546171128749847,70856,"Q1","M4"
"Gavia stellata","Red-throated Diver",0.542841553688049,70856,"Q1","M4"
"Scolopax rusticola","Eurasian Woodcock",0.540127277374268,70856,"Q1","M4"
"Aegolius funereus","Tengmalm's Owl",0.538432955741882,70856,"Q1","M4"
"Gavia arctica","Black-throated Diver",0.537376284599304,70856,"Q1","M4"
"Spatula querquedula","Garganey",0.536887645721436,70856,"Q1","M4"
"Falco columbarius","Merlin",0.536551356315613,70856,"Q1","M4"
"Remiz pendulinus","Eurasian Penduline Tit",0.536113142967224,70856,"Q1","M4"
"Falco tinnunculus","Common Kestrel",0.533918559551239,70856,"Q1","M4"
"Plectrophenax nivalis","Snow Bunting",0.533080041408539,70856,"Q1","M4"
"Pluvialis squatarola","Grey Plover",0.533038854598999,70856,"Q1","M4"
"Glaucidium passerinum","Eurasian Pygmy-Owl",0.532109618186951,70856,"Q1","M4"
"Pandion haliaetus","Osprey",0.531222105026245,70856,"Q1","M4"
"Falco subbuteo","Eurasian Hobby",0.529084205627441,70856,"Q1","M4"
"Picus canus","Grey-headed Woodpecker",0.520752608776093,70856,"Q1","M4"
"Ficedula parva","Red-breasted Flycatcher",0.516294836997986,70856,"Q1","M4"
"Strix aluco","Tawny Owl",0.515488624572754,70856,"Q1","M4"
"Lyrurus tetrix","Black Grouse",0.51121199131012,70856,"Q1","M4"
"Calcarius lapponicus","Lapland Bunting",0.510830521583557,70856,"Q1","M4"
"Anser serrirostris","Tundra Bean Goose",0.510689496994019,70856,"Q1","M4"
"Anser fabalis","Taiga Bean Goose",0.505001902580261,70856,"Q1","M4"
"Lymnocryptes minimus","Jack Snipe",0.503887295722961,70856,"Q1","M4"
"Somateria mollissima","Common Eider",0.500611901283264,70856,"Q1","M4"
"Pernis apivorus","European Honey-buzzard",0.498594552278519,70856,"Q1","M4"
"Curruca nisoria","Barred Warbler",0.49761164188385,70856,"Q1","M4"
"Eremophila alpestris","Shore Lark",0.495652586221695,70856,"Q1","M4"
"Tetrastes bonasia","Hazel Grouse",0.494327425956726,70856,"Q1","M4"
"Picoides tridactylus","Eurasian Three-toed Woodpecker",0.49158838391304,70856,"Q1","M4"
"Loxia pytyopsittacus","Parrot Crossbill",0.491099387407303,70856,"Q1","M4"
"Anthus petrosus","Rock Pipit",0.48940321803093,70856,"Q1","M4"
"Asio flammeus","Short-eared Owl",0.488755464553833,70856,"Q1","M4"
"Jynx torquilla","Eurasian Wryneck",0.483269065618515,70856,"Q1","M4"
"Tringa erythropus","Spotted Redshank",0.481586635112762,70856,"Q1","M4"
"Falco peregrinus","Peregrine Falcon",0.477017819881439,70856,"Q1","M4"
"Alca torda","Razorbill",0.476788878440857,70856,"Q1","M4"
"Linaria flavirostris","Twite",0.475425094366074,70856,"Q1","M4"
"Locustella luscinioides","Savi's Warbler",0.473122268915176,70856,"Q1","M4"
"Limosa limosa","Black-tailed Godwit",0.472107738256454,70856,"Q1","M4"
"Strix uralensis","Ural Owl",0.4714774787426,70856,"Q1","M4"
"Crex crex","Corncrake",0.467818707227707,70856,"Q1","M4"
"Calidris alba","Sanderling",0.467721521854401,70856,"Q1","M4"
"Bubo bubo","Eurasian Eagle Owl",0.463736146688461,70856,"Q1","M4"
"Upupa epops","Eurasian Hoopoe",0.462689131498337,70856,"Q1","M4"
"Calidris minuta","Little Stint",0.461111783981323,70856,"Q1","M4"
"Dendrocopos leucotos","White-backed Woodpecker",0.460983216762543,70856,"Q1","M4"
"Charadrius dubius","Little Ringed Plover",0.459626168012619,70856,"Q1","M4"
"Streptopelia decaocto","Collared Dove",0.457405388355255,70856,"Q1","M4"
"Calidris ferruginea","Curlew Sandpiper",0.456965297460556,70856,"Q1","M4"
"Podiceps auritus","Slavonian Grebe",0.455930531024933,70856,"Q1","M4"
"Pinicola enucleator","Pine Grosbeak",0.446997910737991,70856,"Q1","M4"
"Tetrao urogallus","Western Capercaillie",0.44608598947525,70856,"Q1","M4"
"Circus pygargus","Montagu's Harrier",0.445397019386292,70856,"Q1","M4"
"Hydroprogne caspia","Caspian Tern",0.442865908145905,70856,"Q1","M4"
"Clanga pomarina","Lesser Spotted Eagle",0.43497234582901,70856,"Q1","M4"
"Phalaropus lobatus","Red-necked Phalarope",0.425668895244598,70856,"Q1","M4"
"Picus viridis","Eurasian Green Woodpecker",0.425079971551895,70856,"Q1","M4"
"Sternula albifrons","Little Tern",0.424894481897354,70856,"Q1","M4"
"Galerida cristata","Crested Lark",0.422395169734955,70856,"Q1","M4"
"Chlidonias leucopterus","White-winged Black Tern",0.420162409543991,70856,"Q1","M4"
"Sterna paradisaea","Arctic Tern",0.411757260560989,70856,"Q1","M4"
"Larus cachinnans","Caspian Gull",0.405684739351273,70856,"Q1","M4"
"Calidris temminckii","Temminck's Stint",0.400590062141418,70856,"Q1","M4"
"Ciconia nigra","Black Stork",0.399166017770767,70856,"Q1","M4"
"Zapornia parva","Little Crake",0.396939188241959,70856,"Q1","M4"
"Caprimulgus europaeus","Eurasian Nightjar",0.396657675504684,70856,"Q1","M4"
"Podiceps nigricollis","Black-necked Grebe",0.395233541727066,70856,"Q1","M4"
"Serinus serinus","European Serin",0.39362046122551,70856,"Q1","M4"
"Locustella naevia","Common Grasshopper Warbler",0.389121443033218,70856,"Q1","M4"
"Anthus campestris","Tawny Pipit",0.388993859291077,70856,"Q1","M4"
"Locustella fluviatilis","River Warbler",0.387959122657776,70856,"Q1","M4"
"Phylloscopus trochiloides","Greenish Warbler",0.385947704315186,70856,"Q1","M4"
"Anthus cervinus","Red-throated Pipit",0.383556127548218,70856,"Q1","M4"
"Strix nebulosa","Great Grey Owl",0.380198329687119,70856,"Q1","M4"
"Larus hyperboreus","Glaucous Gull",0.378598839044571,70856,"Q1","M4"
"Gallinago media","Great Snipe",0.378355532884598,70856,"Q1","M4"
"Calidris canutus","Red Knot",0.373270988464355,70856,"Q1","M4"
"Porzana porzana","Spotted Crake",0.36336150765419,70856,"Q1","M4"
"Acrocephalus dumetorum","Blyth's Reed Warbler",0.361101120710373,70856,"Q1","M4"
"Calidris falcinellus","Broad-billed Sandpiper",0.354453951120377,70856,"Q1","M4"
"Limosa lapponica","Bar-tailed Godwit",0.352593630552292,70856,"Q1","M4"
"Milvus migrans","Black Kite",0.352367430925369,70856,"Q1","M4"
"Luscinia svecica","Bluethroat",0.35172563791275,70856,"Q1","M4"
"Stercorarius parasiticus","Arctic Skua",0.350548624992371,70856,"Q1","M4"
"Thalasseus sandvicensis","Sandwich Tern",0.345595985651016,70856,"Q1","M4"
"Regulus ignicapilla","Common Firecrest",0.345434635877609,70856,"Q1","M4"
"Coturnix coturnix","Common Quail",0.344288647174835,70856,"Q1","M4"
"Arenaria interpres","Ruddy Turnstone",0.337969571352005,70856,"Q1","M4"
"Branta canadensis","Canada Goose",0.336251854896545,70856,"Q1","M4"
"Streptopelia turtur","European Turtle Dove",0.336148649454117,70856,"Q1","M4"
"Loxia leucoptera","Two-barred Crossbill",0.335750639438629,70856,"Q1","M4"
"Cinclus cinclus","White-throated Dipper",0.335144072771072,70856,"Q1","M4"
"Chlidonias hybrida","Whiskered Tern",0.333781182765961,70856,"Q1","M4"
"Phasianus colchicus","Common Pheasant",0.32637694478035,70856,"Q1","M4"
"Emberiza calandra","Corn Bunting",0.32617798447609,70856,"Q1","M4"
"Falco vespertinus","Red-footed Falcon",0.325384616851807,70856,"Q1","M4"
"Motacilla cinerea","Grey Wagtail",0.318794548511505,70856,"Q1","M4"
"Emberiza hortulana","Ortolan Bunting",0.317916572093964,70856,"Q1","M4"
"Milvus milvus","Red Kite",0.316183418035507,70856,"Q1","M4"
"Stercorarius longicaudus","Long-tailed Skua",0.312375366687775,70856,"Q1","M4"
"Surnia ulula","Northern Hawk Owl",0.306098073720932,70856,"Q1","M4"
"Ichthyaetus melanocephalus","Mediterranean Gull",0.292933106422424,70856,"Q1","M4"
"Acrocephalus paludicola","Aquatic Warbler",0.284056603908539,70856,"Q1","M4"
"Acanthis hornemanni","Arctic Redpoll",0.28191602230072,70856,"Q1","M4"
"Stercorarius pomarinus","Pomarine Skua",0.262220621109009,70856,"Q1","M4"
"Uria aalge","Common Guillemot",0.259181648492813,70856,"Q1","M4"
"Tringa stagnatilis","Marsh Sandpiper",0.250599235296249,70856,"Q1","M4"
"Recurvirostra avosetta","Pied Avocet",0.248543962836266,70856,"Q1","M4"
"Coracias garrulus","European Roller",0.245164573192596,70856,"Q1","M4"
"Lagopus muta","Rock Ptarmigan",0.237927153706551,70856,"Q1","M4"
"Saxicola rubicola","European Stonechat",0.233830645680428,70856,"Q1","M4"
"Numenius phaeopus","Whimbrel",0.233726814389229,70856,"Q1","M4"
"Lagopus lagopus","Red Grouse/Willow Grouse",0.23303459584713,70856,"Q1","M4"
"Motacilla citreola","Citrine Wagtail",0.231446072459221,70856,"Q1","M4"
"Athene noctua","Little Owl",0.228842183947563,70856,"Q1","M4"
"Calidris maritima","Purple Sandpiper",0.225761234760284,70856,"Q1","M4"
"Phylloscopus inornatus","Yellow-browed Warbler",0.215869769454002,70856,"Q1","M4"
"Ixobrychus minutus","Little Bittern",0.214818775653839,70856,"Q1","M4"
"Aquila chrysaetos","Golden Eagle",0.208592638373375,70856,"Q1","M4"
"Merops apiaster","European Bee-eater",0.180873781442642,70856,"Q1","M4"
"Cepphus grylle","Black Guillemot",0.1797676384449,70856,"Q1","M4"
"Bubo scandiacus","Snowy Owl",0.161451429128647,70856,"Q1","M4"
"Netta rufina","Red-crested Pochard",0.160883530974388,70856,"Q1","M4"
"Ficedula albicollis","Collared Flycatcher",0.15294374525547,70856,"Q1","M4"
"Certhia brachydactyla","Short-toed Treecreeper",0.145744696259499,70856,"Q1","M4"
"Clanga clanga","Greater Spotted Eagle",0.137407243251801,70856,"Q1","M4"
"Stercorarius skua","Great Skua",0.127270832657814,70856,"Q1","M4"
"Tyto alba","Barn Owl",0.12324545532465,70856,"Q1","M4"
"Nycticorax nycticorax","Black-crowned Night Heron",0.122209079563618,70856,"Q1","M4"
"Charadrius morinellus","Eurasian Dotterel",0.119607210159302,70856,"Q1","M4"
"Aythya nyroca","Ferruginous Duck",0.119249045848846,70856,"Q1","M4"
"Anser brachyrhynchus","Pink-footed Goose",0.118256770074368,70856,"Q1","M4"
"Gavia immer","Great Northern Diver",0.110890425741673,70856,"Q1","M4"
"Circaetus gallicus","Short-toed Eagle",0.109174646437168,70856,"Q1","M4"
"Turdus torquatus","Ring Ouzel",0.104637011885643,70856,"Q1","M4"
"Phalaropus fulicarius","Grey Phalarope",0.103343643248081,70856,"Q1","M4"
"Luscinia megarhynchos","Common Nightingale",0.101745091378689,70856,"Q1","M4"
"Falco rusticolus","Gyr Falcon",0.098160944879055,70856,"Q1","M4"
"Tadorna ferruginea","Ruddy Shelduck",0.0977658182382584,70856,"Q1","M4"
"Perisoreus infaustus","Siberian Jay",0.09714774787426,70856,"Q1","M4"
"Phylloscopus proregulus","Pallas's Warbler",0.0924070253968239,70856,"Q1","M4"
"Iduna caligata","Booted Warbler",0.0892250090837479,70856,"Q1","M4"
"Hieraaetus pennatus","Booted Eagle",0.0736043304204941,70856,"Q1","M4"
"Emberiza rustica","Rustic Bunting",0.0736020058393478,70856,"Q1","M4"
"Acanthis cabaret","Lesser Redpoll",0.0731085687875748,70856,"Q1","M4"
"Egretta garzetta","Little Egret",0.0703573152422905,70856,"Q1","M4"
"Anthus spinoletta","Water Pipit",0.06879523396492,70856,"Q1","M4"
"Cyanistes cyanus","Azure Tit",0.0676239132881165,70856,"Q1","M4"
"Anser erythropus","Lesser White-fronted Goose",0.0670961812138557,70856,"Q1","M4"
"Dendrocopos syriacus","Syrian Woodpecker",0.0658769756555557,70856,"Q1","M4"
"Gyps fulvus","Griffon Vulture",0.0649304613471031,70856,"Q1","M4"
"Xenus cinereus","Terek Sandpiper",0.0632518082857132,70856,"Q1","M4"
"Platalea leucorodia","Eurasian Spoonbill",0.0623221844434738,70856,"Q1","M4"
"Fulmarus glacialis","Northern Fulmar",0.0593868941068649,70856,"Q1","M4"
"Lanius minor","Lesser Grey Shrike",0.0512862652540207,70856,"Q1","M4"
"Fratercula arctica","Atlantic Puffin",0.0499715395271778,70856,"Q1","M4"
"Cercotrichas galactotes","Rufous-tailed Scrub Robin",0.0489873550832272,70856,"Q1","M4"
"Somateria spectabilis","King Eider",0.0486249625682831,70856,"Q1","M4"
"Anthus richardi","Richard's Pipit",0.0482001006603241,70856,"Q1","M4"
"Rissa tridactyla","Black-legged Kittiwake",0.0471043437719345,70856,"Q1","M4"
"Himantopus himantopus","Black-winged Stilt",0.0454545356333256,70856,"Q1","M4"
"Gavia adamsii","White-billed Diver",0.045216653496027,70856,"Q1","M4"
"Monticola saxatilis","Common Rock Thrush",0.0446353629231453,70856,"Q1","M4"
"Circus macrourus","Pallid Harrier",0.044619731605053,70856,"Q1","M4"
"Bubulcus ibis","Western Cattle Egret",0.0432636439800262,70856,"Q1","M4"
"Poecile cinctus","Siberian Tit",0.0424662195146084,70856,"Q1","M4"
"Lanius senator","Woodchat Shrike",0.041678287088871,70856,"Q1","M4"
"Pyrrhocorax pyrrhocorax","Red-billed Chough",0.0410502403974533,70856,"Q1","M4"
"Uria lomvia","Brünnich's Guillemot",0.0373702794313431,70856,"Q1","M4"
"Prunella collaris","Alpine Accentor",0.0357376672327518,70856,"Q1","M4"
"Merops persicus","Blue-cheeked Bee-eater",0.0280938260257244,70856,"Q1","M4"
"Emberiza pusilla","Little Bunting",0.026485126465559,70856,"Q1","M4"
"Apus melba","Alpine Swift",0.0247219260782003,70856,"Q1","M4"
"Pyrrhocorax graculus","Alpine Chough",0.0244107656180859,70856,"Q1","M4"
"Ardea purpurea","Purple Heron",0.0244018621742725,70856,"Q1","M4"
"Anser caerulescens","Snow Goose",0.0234892088919878,70856,"Q1","M4"
"Glareola pratincola","Collared Pratincole",0.0227182302623987,70856,"Q1","M4"
"Aix galericulata","Mandarin Duck",0.0226692575961351,70856,"Q1","M4"
"Emberiza cia","Rock Bunting",0.0225815903395414,70856,"Q1","M4"
"Ptyonoprogne rupestris","Eurasian Crag Martin",0.0215944480150938,70856,"Q1","M4"
"Lanius borealis","Northern Shrike",0.0191943980753422,70856,"Q1","M4"
"Iduna pallida","Eastern Olivaceous Warbler",0.0190106835216284,70856,"Q1","M4"
"Charadrius alexandrinus","Kentish Plover",0.017316022887826,70856,"Q1","M4"
"Falco naumanni","Lesser Kestrel",0.0172890815883875,70856,"Q1","M4"
"Cettia cetti","Cetti's Warbler",0.0165170822292566,70856,"Q1","M4"
"Otus scops","Eurasian Scops Owl",0.0164131689816713,70856,"Q1","M4"
"Pterocles orientalis","Black-bellied Sandgrouse",0.0157421268522739,70856,"Q1","M4"
"Phoenicopterus roseus","Greater Flamingo",0.0154048670083284,70856,"Q1","M4"
"Passer hispaniolensis","Spanish Sparrow",0.0151911173015833,70856,"Q1","M4"
"Burhinus oedicnemus","Stone-curlew",0.0145267369225621,70856,"Q1","M4"
"Ardeola ralloides","Squacco Heron",0.0132357832044363,70856,"Q1","M4"
"Tarsiger cyanurus","Red-flanked Bluetail",0.0126953897997737,70856,"Q1","M4"
"Melanocorypha calandra","Calandra Lark",0.0126143731176853,70856,"Q1","M4"
"Anser indicus","Bar-headed Goose",0.0122794164344668,70856,"Q1","M4"
"Oenanthe melanoleuca","Eastern Black-eared Wheatear",0.0107343485578895,70856,"Q1","M4"
"Aegypius monachus","Black Vulture",0.0103560592979193,70856,"Q1","M4"
"Larus michahellis","Yellow-legged Gull",0.010220461525023,70856,"Q1","M4"
"Corvus cornix","Hooded Crow",0.998665988445282,70857,"Q3","M1"
"Parus major","Great Tit",0.995606660842896,70857,"Q3","M1"
"Motacilla alba","Pied Wagtail/White Wagtail",0.981729447841644,70857,"Q3","M1"
"Anas platyrhynchos","Mallard",0.980400621891022,70857,"Q3","M1"
"Chroicocephalus ridibundus","Black-headed Gull",0.974826037883759,70857,"Q3","M1"
"Fringilla coelebs","Common Chaffinch",0.964248895645142,70857,"Q3","M1"
"Hirundo rustica","Barn Swallow",0.961234331130981,70857,"Q3","M1"
"Sturnus vulgaris","Common Starling",0.957776784896851,70857,"Q3","M1"
"Larus argentatus","Herring Gull",0.955604910850525,70857,"Q3","M1"
"Cyanistes caeruleus","Eurasian Blue Tit",0.955071866512299,70857,"Q3","M1"
"Erithacus rubecula","European Robin",0.951479256153107,70857,"Q3","M1"
"Apus apus","Common Swift",0.950352430343628,70857,"Q3","M1"
"Turdus merula","Eurasian Blackbird",0.943359792232513,70857,"Q3","M1"
"Columba palumbus","Common Woodpigeon",0.942820906639099,70857,"Q3","M1"
"Cygnus olor","Mute Swan",0.924118757247925,70857,"Q3","M1"
"Corvus monedula","Eurasian Jackdaw",0.923156440258026,70857,"Q3","M1"
"Turdus pilaris","Fieldfare",0.916074275970459,70857,"Q3","M1"
"Bucephala clangula","Common Goldeneye",0.896938979625702,70857,"Q3","M1"
"Garrulus glandarius","Eurasian Jay",0.893485724925995,70857,"Q3","M1"
"Passer montanus","Eurasian Tree Sparrow",0.89308500289917,70857,"Q3","M1"
"Ardea cinerea","Grey Heron",0.884887933731079,70857,"Q3","M1"
"Pica pica","Common Magpie",0.878651022911072,70857,"Q3","M1"
"Phylloscopus collybita","Common Chiffchaff",0.876932501792908,70857,"Q3","M1"
"Larus canus","Common Gull",0.873523473739624,70857,"Q3","M1"
"Corvus corax","Common Raven",0.8699791431427,70857,"Q3","M1"
"Troglodytes troglodytes","Eurasian Wren",0.866219699382782,70857,"Q3","M1"
"Vanellus vanellus","Northern Lapwing",0.86419677734375,70857,"Q3","M1"
"Alauda arvensis","Eurasian Skylark",0.862916886806488,70857,"Q3","M1"
"Emberiza citrinella","Yellowhammer",0.862228512763977,70857,"Q3","M1"
"Phalacrocorax carbo","Great Cormorant",0.859295666217804,70857,"Q3","M1"
"Phylloscopus trochilus","Willow Warbler",0.853833675384521,70857,"Q3","M1"
"Mergus merganser","Goosander",0.84112411737442,70857,"Q3","M1"
"Sterna hirundo","Common Tern",0.836666524410248,70857,"Q3","M1"
"Delichon urbicum","Western House Martin",0.832520246505737,70857,"Q3","M1"
"Curruca communis","Common Whitethroat",0.827560245990753,70857,"Q3","M1"
"Turdus philomelos","Song Thrush",0.827181279659271,70857,"Q3","M1"
"Dendrocopos major","Great Spotted Woodpecker",0.822417318820953,70857,"Q3","M1"
"Regulus regulus","Goldcrest",0.821974396705627,70857,"Q3","M1"
"Sylvia atricapilla","Eurasian Blackcap",0.819613337516785,70857,"Q3","M1"
"Anthus pratensis","Meadow Pipit",0.81601494550705,70857,"Q3","M1"
"Chloris chloris","European Greenfinch",0.815938711166382,70857,"Q3","M1"
"Columba livia","Rock Dove",0.808854222297668,70857,"Q3","M1"
"Carduelis carduelis","European Goldfinch",0.803276836872101,70857,"Q3","M1"
"Buteo buteo","Common Buzzard",0.798968195915222,70857,"Q3","M1"
"Cygnus cygnus","Whooper Swan",0.796555638313293,70857,"Q3","M1"
"Pyrrhula pyrrhula","Eurasian Bullfinch",0.796358466148376,70857,"Q3","M1"
"Podiceps cristatus","Great Crested Grebe",0.792190313339233,70857,"Q3","M1"
"Larus marinus","Great Black-backed Gull",0.788344025611877,70857,"Q3","M1"
"Fulica atra","Eurasian Coot",0.779828131198883,70857,"Q3","M1"
"Spinus spinus","Eurasian Siskin",0.777801632881165,70857,"Q3","M1"
"Certhia familiaris","Eurasian Treecreeper",0.766932904720306,70857,"Q3","M1"
"Corvus frugilegus","Rook",0.765151083469391,70857,"Q3","M1"
"Passer domesticus","House Sparrow",0.764624714851379,70857,"Q3","M1"
"Linaria cannabina","Common Linnet",0.760840713977814,70857,"Q3","M1"
"Cuculus canorus","Common Cuckoo",0.7596275806427,70857,"Q3","M1"
"Grus grus","Common Crane",0.759273886680603,70857,"Q3","M1"
"Emberiza schoeniclus","Common Reed Bunting",0.751090288162231,70857,"Q3","M1"
"Accipiter nisus","Eurasian Sparrowhawk",0.746303498744965,70857,"Q3","M1"
"Sitta europaea","Eurasian Nuthatch",0.743707180023193,70857,"Q3","M1"
"Mareca penelope","Eurasian Wigeon",0.74263060092926,70857,"Q3","M1"
"Bombycilla garrulus","Bohemian Waxwing",0.739268839359283,70857,"Q3","M1"
"Fringilla montifringilla","Brambling",0.72550356388092,70857,"Q3","M1"
"Ficedula hypoleuca","European Pied Flycatcher",0.720102369785309,70857,"Q3","M1"
"Aythya fuligula","Tufted Duck",0.717145442962646,70857,"Q3","M1"
"Gallinago gallinago","Common Snipe",0.70732307434082,70857,"Q3","M1"
"Lophophanes cristatus","Crested Tit",0.706808567047119,70857,"Q3","M1"
"Saxicola rubetra","Whinchat",0.70150351524353,70857,"Q3","M1"
"Haliaeetus albicilla","White-tailed Eagle",0.699429154396057,70857,"Q3","M1"
"Luscinia luscinia","Thrush Nightingale",0.699007868766785,70857,"Q3","M1"
"Calidris alpina","Dunlin",0.697126388549805,70857,"Q3","M1"
"Anas crecca","Eurasian/Green-winged Teal",0.696931779384613,70857,"Q3","M1"
"Ardea alba","Great White Egret",0.695907354354858,70857,"Q3","M1"
"Circus aeruginosus","Western Marsh Harrier",0.694867849349976,70857,"Q3","M1"
"Turdus iliacus","Redwing",0.692743420600891,70857,"Q3","M1"
"Phylloscopus sibilatrix","Wood Warbler",0.689870595932007,70857,"Q3","M1"
"Acrocephalus schoenobaenus","Sedge Warbler",0.688603818416595,70857,"Q3","M1"
"Muscicapa striata","Spotted Flycatcher",0.687535583972931,70857,"Q3","M1"
"Anthus trivialis","Tree Pipit",0.686779379844666,70857,"Q3","M1"
"Coccothraustes coccothraustes","Hawfinch",0.68619829416275,70857,"Q3","M1"
"Haematopus ostralegus","Eurasian Oystercatcher",0.683949947357178,70857,"Q3","M1"
"Actitis hypoleucos","Common Sandpiper",0.677365899085999,70857,"Q3","M1"
"Curruca curruca","Lesser Whitethroat",0.676361501216888,70857,"Q3","M1"
"Poecile palustris","Marsh Tit",0.675109446048737,70857,"Q3","M1"
"Periparus ater","Coal Tit",0.673361003398895,70857,"Q3","M1"
"Phoenicurus ochruros","Black Redstart",0.67156171798706,70857,"Q3","M1"
"Lanius collurio","Red-backed Shrike",0.670974493026733,70857,"Q3","M1"
"Anser albifrons","Greater White-fronted Goose",0.668232917785645,70857,"Q3","M1"
"Motacilla flava","Western Yellow Wagtail",0.666988134384155,70857,"Q3","M1"
"Ciconia ciconia","White Stork",0.665104627609253,70857,"Q3","M1"
"Larus fuscus","Lesser Black-backed Gull",0.663901209831238,70857,"Q3","M1"
"Branta leucopsis","Barnacle Goose",0.661923885345459,70857,"Q3","M1"
"Melanitta fusca","Velvet Scoter",0.659980535507202,70857,"Q3","M1"
"Circus cyaneus","Hen Harrier",0.657019734382629,70857,"Q3","M1"
"Dryocopus martius","Black Woodpecker",0.65671968460083,70857,"Q3","M1"
"Aegithalos caudatus","Long-tailed Tit",0.656037211418152,70857,"Q3","M1"
"Phoenicurus phoenicurus","Common Redstart",0.655533254146576,70857,"Q3","M1"
"Sylvia borin","Garden Warbler",0.653712630271912,70857,"Q3","M1"
"Tringa totanus","Common Redshank",0.652764797210693,70857,"Q3","M1"
"Oenanthe oenanthe","Northern Wheatear",0.651012301445007,70857,"Q3","M1"
"Clangula hyemalis","Long-tailed Duck",0.65081775188446,70857,"Q3","M1"
"Carpodacus erythrinus","Common Rosefinch",0.642718434333801,70857,"Q3","M1"
"Dryobates minor","Lesser Spotted Woodpecker",0.64193719625473,70857,"Q3","M1"
"Tadorna tadorna","Common Shelduck",0.640015065670013,70857,"Q3","M1"
"Charadrius hiaticula","Common Ringed Plover",0.636323273181915,70857,"Q3","M1"
"Lanius excubitor","Great Grey Shrike",0.633229732513428,70857,"Q3","M1"
"Mergellus albellus","Smew",0.632639408111572,70857,"Q3","M1"
"Loxia curvirostra","Common Crossbill",0.632581412792206,70857,"Q3","M1"
"Prunella modularis","Dunnock",0.631510257720947,70857,"Q3","M1"
"Tringa nebularia","Common Greenshank",0.63091516494751,70857,"Q3","M1"
"Accipiter gentilis","Eurasian Goshawk",0.628078579902649,70857,"Q3","M1"
"Poecile montanus","Willow Tit",0.624370634555817,70857,"Q3","M1"
"Turdus viscivorus","Mistle Thrush",0.623106956481934,70857,"Q3","M1"
"Lullula arborea","Woodlark",0.622299253940582,70857,"Q3","M1"
"Mareca strepera","Gadwall",0.619551301002502,70857,"Q3","M1"
"Acrocephalus arundinaceus","Great Reed Warbler",0.61728048324585,70857,"Q3","M1"
"Hydrocoloeus minutus","Little Gull",0.615651547908783,70857,"Q3","M1"
"Dendrocoptes medius","Middle Spotted Woodpecker",0.615316689014435,70857,"Q3","M1"
"Aythya marila","Greater Scaup",0.61238443851471,70857,"Q3","M1"
"Spatula clypeata","Northern Shoveler",0.606737375259399,70857,"Q3","M1"
"Hippolais icterina","Icterine Warbler",0.605665564537048,70857,"Q3","M1"
"Melanitta nigra","Common Scoter",0.594888806343079,70857,"Q3","M1"
"Cygnus columbianus","Bewick's Swan",0.59197336435318,70857,"Q3","M1"
"Calidris pugnax","Ruff",0.591152012348175,70857,"Q3","M1"
"Alcedo atthis","Common Kingfisher",0.590354800224304,70857,"Q3","M1"
"Acrocephalus scirpaceus","Common Reed Warbler",0.590291738510132,70857,"Q3","M1"
"Tringa glareola","Wood Sandpiper",0.586697936058044,70857,"Q3","M1"
"Panurus biarmicus","Bearded Tit",0.586012423038483,70857,"Q3","M1"
"Acrocephalus palustris","Marsh Warbler",0.581750512123108,70857,"Q3","M1"
"Riparia riparia","Sand Martin",0.581492781639099,70857,"Q3","M1"
"Mergus serrator","Red-breasted Merganser",0.581059694290161,70857,"Q3","M1"
"Gallinula chloropus","Common Moorhen",0.578005075454712,70857,"Q3","M1"
"Pluvialis apricaria","European Golden Plover",0.577892422676086,70857,"Q3","M1"
"Chlidonias niger","Black Tern",0.577786326408386,70857,"Q3","M1"
"Anser anser","Greylag Goose",0.577503681182861,70857,"Q3","M1"
"Numenius arquata","Eurasian Curlew",0.575854539871216,70857,"Q3","M1"
"Acanthis flammea","Common Redpoll",0.572430908679962,70857,"Q3","M1"
"Botaurus stellaris","Great Bittern",0.571284055709839,70857,"Q3","M1"
"Tringa ochropus","Green Sandpiper",0.571283400058746,70857,"Q3","M1"
"Rallus aquaticus","Water Rail",0.57104229927063,70857,"Q3","M1"
"Buteo lagopus","Rough-legged Buzzard",0.568095266819,70857,"Q3","M1"
"Anas acuta","Northern Pintail",0.567182421684265,70857,"Q3","M1"
"Aythya ferina","Common Pochard",0.564511299133301,70857,"Q3","M1"
"Columba oenas","Stock Dove",0.564176499843597,70857,"Q3","M1"
"Oriolus oriolus","Eurasian Golden Oriole",0.561506807804108,70857,"Q3","M1"
"Nucifraga caryocatactes","Spotted Nutcracker",0.559818267822266,70857,"Q3","M1"
"Branta bernicla","Brent Goose",0.556343197822571,70857,"Q3","M1"
"Perdix perdix","Grey Partridge",0.55560976266861,70857,"Q3","M1"
"Tachybaptus ruficollis","Little Grebe",0.548019170761108,70857,"Q3","M1"
"Podiceps grisegena","Red-necked Grebe",0.544543385505676,70857,"Q3","M1"
"Asio otus","Long-eared Owl",0.540420055389404,70857,"Q3","M1"
"Gavia stellata","Red-throated Diver",0.539463520050049,70857,"Q3","M1"
"Aegolius funereus","Tengmalm's Owl",0.535948991775513,70857,"Q3","M1"
"Spatula querquedula","Garganey",0.535180449485779,70857,"Q3","M1"
"Remiz pendulinus","Eurasian Penduline Tit",0.534964203834534,70857,"Q3","M1"
"Scolopax rusticola","Eurasian Woodcock",0.534878432750702,70857,"Q3","M1"
"Falco columbarius","Merlin",0.532664060592651,70857,"Q3","M1"
"Gavia arctica","Black-throated Diver",0.532525777816772,70857,"Q3","M1"
"Falco tinnunculus","Common Kestrel",0.531404733657837,70857,"Q3","M1"
"Plectrophenax nivalis","Snow Bunting",0.53025621175766,70857,"Q3","M1"
"Pluvialis squatarola","Grey Plover",0.52869063615799,70857,"Q3","M1"
"Glaucidium passerinum","Eurasian Pygmy-Owl",0.528357863426208,70857,"Q3","M1"
"Pandion haliaetus","Osprey",0.52428126335144,70857,"Q3","M1"
"Falco subbuteo","Eurasian Hobby",0.522099018096924,70857,"Q3","M1"
"Picus canus","Grey-headed Woodpecker",0.512386441230774,70857,"Q3","M1"
"Ficedula parva","Red-breasted Flycatcher",0.509060382843018,70857,"Q3","M1"
"Strix aluco","Tawny Owl",0.508650064468384,70857,"Q3","M1"
"Calcarius lapponicus","Lapland Bunting",0.508470118045807,70857,"Q3","M1"
"Anser serrirostris","Tundra Bean Goose",0.507676124572754,70857,"Q3","M1"
"Lyrurus tetrix","Black Grouse",0.50417572259903,70857,"Q3","M1"
"Lymnocryptes minimus","Jack Snipe",0.500720500946045,70857,"Q3","M1"
"Somateria mollissima","Common Eider",0.498970776796341,70857,"Q3","M1"
"Anthus petrosus","Rock Pipit",0.498073607683182,70857,"Q3","M1"
"Anser fabalis","Taiga Bean Goose",0.497993469238281,70857,"Q3","M1"
"Eremophila alpestris","Shore Lark",0.492732971906662,70857,"Q3","M1"
"Pernis apivorus","European Honey-buzzard",0.491878241300583,70857,"Q3","M1"
"Loxia pytyopsittacus","Parrot Crossbill",0.491299629211426,70857,"Q3","M1"
"Curruca nisoria","Barred Warbler",0.490279316902161,70857,"Q3","M1"
"Tetrastes bonasia","Hazel Grouse",0.486447244882584,70857,"Q3","M1"
"Picoides tridactylus","Eurasian Three-toed Woodpecker",0.486041158437729,70857,"Q3","M1"
"Asio flammeus","Short-eared Owl",0.482290804386139,70857,"Q3","M1"
"Alca torda","Razorbill",0.479501336812973,70857,"Q3","M1"
"Linaria flavirostris","Twite",0.477880299091339,70857,"Q3","M1"
"Tringa erythropus","Spotted Redshank",0.477346211671829,70857,"Q3","M1"
"Jynx torquilla","Eurasian Wryneck",0.47431617975235,70857,"Q3","M1"
"Falco peregrinus","Peregrine Falcon",0.471738398075104,70857,"Q3","M1"
"Locustella luscinioides","Savi's Warbler",0.469049274921417,70857,"Q3","M1"
"Limosa limosa","Black-tailed Godwit",0.467212826013565,70857,"Q3","M1"
"Strix uralensis","Ural Owl",0.46560263633728,70857,"Q3","M1"
"Crex crex","Corncrake",0.462614953517914,70857,"Q3","M1"
"Calidris alba","Sanderling",0.461695969104767,70857,"Q3","M1"
"Streptopelia decaocto","Collared Dove",0.461044758558273,70857,"Q3","M1"
"Upupa epops","Eurasian Hoopoe",0.460546314716339,70857,"Q3","M1"
"Calidris minuta","Little Stint",0.456375151872635,70857,"Q3","M1"
"Bubo bubo","Eurasian Eagle Owl",0.455248832702637,70857,"Q3","M1"
"Charadrius dubius","Little Ringed Plover",0.45469918847084,70857,"Q3","M1"
"Calidris ferruginea","Curlew Sandpiper",0.451851397752762,70857,"Q3","M1"
"Dendrocopos leucotos","White-backed Woodpecker",0.451298624277115,70857,"Q3","M1"
"Podiceps auritus","Slavonian Grebe",0.44778910279274,70857,"Q3","M1"
"Hydroprogne caspia","Caspian Tern",0.444961845874786,70857,"Q3","M1"
"Pinicola enucleator","Pine Grosbeak",0.44447261095047,70857,"Q3","M1"
"Circus pygargus","Montagu's Harrier",0.443695276975632,70857,"Q3","M1"
"Tetrao urogallus","Western Capercaillie",0.440680652856827,70857,"Q3","M1"
"Clanga pomarina","Lesser Spotted Eagle",0.430926084518433,70857,"Q3","M1"
"Sternula albifrons","Little Tern",0.425676494836807,70857,"Q3","M1"
"Galerida cristata","Crested Lark",0.423749953508377,70857,"Q3","M1"
"Picus viridis","Eurasian Green Woodpecker",0.422090083360672,70857,"Q3","M1"
"Phalaropus lobatus","Red-necked Phalarope",0.42135739326477,70857,"Q3","M1"
"Chlidonias leucopterus","White-winged Black Tern",0.41934397816658,70857,"Q3","M1"
"Larus cachinnans","Caspian Gull",0.414700537919998,70857,"Q3","M1"
"Sterna paradisaea","Arctic Tern",0.404344111680984,70857,"Q3","M1"
"Ciconia nigra","Black Stork",0.395315676927567,70857,"Q3","M1"
"Podiceps nigricollis","Black-necked Grebe",0.394724518060684,70857,"Q3","M1"
"Calidris temminckii","Temminck's Stint",0.394423365592957,70857,"Q3","M1"
"Zapornia parva","Little Crake",0.390609353780746,70857,"Q3","M1"
"Caprimulgus europaeus","Eurasian Nightjar",0.390411674976349,70857,"Q3","M1"
"Serinus serinus","European Serin",0.39005833864212,70857,"Q3","M1"
"Anthus campestris","Tawny Pipit",0.387303650379181,70857,"Q3","M1"
"Locustella fluviatilis","River Warbler",0.38560289144516,70857,"Q3","M1"
"Locustella naevia","Common Grasshopper Warbler",0.38422617316246,70857,"Q3","M1"
"Strix nebulosa","Great Grey Owl",0.376468986272812,70857,"Q3","M1"
"Phylloscopus trochiloides","Greenish Warbler",0.375734329223633,70857,"Q3","M1"
"Anthus cervinus","Red-throated Pipit",0.375680208206177,70857,"Q3","M1"
"Larus hyperboreus","Glaucous Gull",0.375268459320068,70857,"Q3","M1"
"Gallinago media","Great Snipe",0.371767610311508,70857,"Q3","M1"
"Calidris canutus","Red Knot",0.370332360267639,70857,"Q3","M1"
"Porzana porzana","Spotted Crake",0.356846511363983,70857,"Q3","M1"
"Thalasseus sandvicensis","Sandwich Tern",0.348760485649109,70857,"Q3","M1"
"Acrocephalus dumetorum","Blyth's Reed Warbler",0.347077488899231,70857,"Q3","M1"
"Calidris falcinellus","Broad-billed Sandpiper",0.34607657790184,70857,"Q3","M1"
"Milvus migrans","Black Kite",0.345837384462357,70857,"Q3","M1"
"Luscinia svecica","Bluethroat",0.345203191041946,70857,"Q3","M1"
"Regulus ignicapilla","Common Firecrest",0.344502002000809,70857,"Q3","M1"
"Limosa lapponica","Bar-tailed Godwit",0.343737035989761,70857,"Q3","M1"
"Stercorarius parasiticus","Arctic Skua",0.341776043176651,70857,"Q3","M1"
"Coturnix coturnix","Common Quail",0.337668091058731,70857,"Q3","M1"
"Chlidonias hybrida","Whiskered Tern",0.335976749658585,70857,"Q3","M1"
"Branta canadensis","Canada Goose",0.335149437189102,70857,"Q3","M1"
"Arenaria interpres","Ruddy Turnstone",0.331819891929626,70857,"Q3","M1"
"Cinclus cinclus","White-throated Dipper",0.331010907888412,70857,"Q3","M1"
"Phasianus colchicus","Common Pheasant",0.330943048000336,70857,"Q3","M1"
"Emberiza calandra","Corn Bunting",0.330500274896622,70857,"Q3","M1"
"Loxia leucoptera","Two-barred Crossbill",0.330232292413712,70857,"Q3","M1"
"Streptopelia turtur","European Turtle Dove",0.32673966884613,70857,"Q3","M1"
"Falco vespertinus","Red-footed Falcon",0.320658296346664,70857,"Q3","M1"
"Milvus milvus","Red Kite",0.318085253238678,70857,"Q3","M1"
"Motacilla cinerea","Grey Wagtail",0.316859573125839,70857,"Q3","M1"
"Emberiza hortulana","Ortolan Bunting",0.313739269971848,70857,"Q3","M1"
"Stercorarius longicaudus","Long-tailed Skua",0.309296309947968,70857,"Q3","M1"
"Surnia ulula","Northern Hawk Owl",0.30039855837822,70857,"Q3","M1"
"Ichthyaetus melanocephalus","Mediterranean Gull",0.291016131639481,70857,"Q3","M1"
"Acrocephalus paludicola","Aquatic Warbler",0.283967941999435,70857,"Q3","M1"
"Acanthis hornemanni","Arctic Redpoll",0.276887744665146,70857,"Q3","M1"
"Uria aalge","Common Guillemot",0.262167721986771,70857,"Q3","M1"
"Stercorarius pomarinus","Pomarine Skua",0.256823718547821,70857,"Q3","M1"
"Recurvirostra avosetta","Pied Avocet",0.248760804533958,70857,"Q3","M1"
"Tringa stagnatilis","Marsh Sandpiper",0.246406525373459,70857,"Q3","M1"
"Coracias garrulus","European Roller",0.240474209189415,70857,"Q3","M1"
"Lagopus muta","Rock Ptarmigan",0.236131474375725,70857,"Q3","M1"
"Saxicola rubicola","European Stonechat",0.234858691692352,70857,"Q3","M1"
"Motacilla citreola","Citrine Wagtail",0.229093492031097,70857,"Q3","M1"
"Numenius phaeopus","Whimbrel",0.227048844099045,70857,"Q3","M1"
"Lagopus lagopus","Red Grouse/Willow Grouse",0.227007195353508,70857,"Q3","M1"
"Athene noctua","Little Owl",0.224598109722137,70857,"Q3","M1"
"Calidris maritima","Purple Sandpiper",0.221107929944992,70857,"Q3","M1"
"Ixobrychus minutus","Little Bittern",0.210775375366211,70857,"Q3","M1"
"Phylloscopus inornatus","Yellow-browed Warbler",0.210658296942711,70857,"Q3","M1"
"Aquila chrysaetos","Golden Eagle",0.202147156000137,70857,"Q3","M1"
"Merops apiaster","European Bee-eater",0.179207369685173,70857,"Q3","M1"
"Cepphus grylle","Black Guillemot",0.17642268538475,70857,"Q3","M1"
"Netta rufina","Red-crested Pochard",0.160852402448654,70857,"Q3","M1"
"Bubo scandiacus","Snowy Owl",0.159803852438927,70857,"Q3","M1"
"Ficedula albicollis","Collared Flycatcher",0.150557294487953,70857,"Q3","M1"
"Certhia brachydactyla","Short-toed Treecreeper",0.149357602000237,70857,"Q3","M1"
"Clanga clanga","Greater Spotted Eagle",0.135039985179901,70857,"Q3","M1"
"Stercorarius skua","Great Skua",0.125525057315826,70857,"Q3","M1"
"Tyto alba","Barn Owl",0.12457662075758,70857,"Q3","M1"
"Nycticorax nycticorax","Black-crowned Night Heron",0.122551038861275,70857,"Q3","M1"
"Anser brachyrhynchus","Pink-footed Goose",0.122143916785717,70857,"Q3","M1"
"Aythya nyroca","Ferruginous Duck",0.120446987450123,70857,"Q3","M1"
"Charadrius morinellus","Eurasian Dotterel",0.117486409842968,70857,"Q3","M1"
"Gavia immer","Great Northern Diver",0.110261730849743,70857,"Q3","M1"
"Circaetus gallicus","Short-toed Eagle",0.106834337115288,70857,"Q3","M1"
"Luscinia megarhynchos","Common Nightingale",0.105603121221066,70857,"Q3","M1"
"Turdus torquatus","Ring Ouzel",0.103258937597275,70857,"Q3","M1"
"Phalaropus fulicarius","Grey Phalarope",0.100849129259586,70857,"Q3","M1"
"Tadorna ferruginea","Ruddy Shelduck",0.0960692092776299,70857,"Q3","M1"
"Falco rusticolus","Gyr Falcon",0.0947328507900238,70857,"Q3","M1"
"Perisoreus infaustus","Siberian Jay",0.0910642817616463,70857,"Q3","M1"
"Phylloscopus proregulus","Pallas's Warbler",0.0893587917089462,70857,"Q3","M1"
"Iduna caligata","Booted Warbler",0.0843169242143631,70857,"Q3","M1"
"Acanthis cabaret","Lesser Redpoll",0.0808516591787338,70857,"Q3","M1"
"Hieraaetus pennatus","Booted Eagle",0.072178803384304,70857,"Q3","M1"
"Egretta garzetta","Little Egret",0.0709676966071129,70857,"Q3","M1"
"Anthus spinoletta","Water Pipit",0.0707550793886185,70857,"Q3","M1"
"Emberiza rustica","Rustic Bunting",0.0685208439826965,70857,"Q3","M1"
"Dendrocopos syriacus","Syrian Woodpecker",0.0665607079863548,70857,"Q3","M1"
"Cyanistes cyanus","Azure Tit",0.0665146633982658,70857,"Q3","M1"
"Gyps fulvus","Griffon Vulture",0.0649395808577538,70857,"Q3","M1"
"Anser erythropus","Lesser White-fronted Goose",0.064253680408001,70857,"Q3","M1"
"Platalea leucorodia","Eurasian Spoonbill",0.0631102025508881,70857,"Q3","M1"
"Xenus cinereus","Terek Sandpiper",0.0607067234814167,70857,"Q3","M1"
"Fulmarus glacialis","Northern Fulmar",0.0578235276043415,70857,"Q3","M1"
"Lanius minor","Lesser Grey Shrike",0.0505241937935352,70857,"Q3","M1"
"Fratercula arctica","Atlantic Puffin",0.0497489869594574,70857,"Q3","M1"
"Cercotrichas galactotes","Rufous-tailed Scrub Robin",0.0489531308412552,70857,"Q3","M1"
"Somateria spectabilis","King Eider",0.0478290319442749,70857,"Q3","M1"
"Anthus richardi","Richard's Pipit",0.0463781431317329,70857,"Q3","M1"
"Rissa tridactyla","Black-legged Kittiwake",0.0458683855831623,70857,"Q3","M1"
"Himantopus himantopus","Black-winged Stilt",0.0448719747364521,70857,"Q3","M1"
"Monticola saxatilis","Common Rock Thrush",0.0447981506586075,70857,"Q3","M1"
"Bubulcus ibis","Western Cattle Egret",0.0432661511003971,70857,"Q3","M1"
"Circus macrourus","Pallid Harrier",0.0430979169905186,70857,"Q3","M1"
"Gavia adamsii","White-billed Diver",0.042983777821064,70857,"Q3","M1"
"Lanius senator","Woodchat Shrike",0.0422790199518204,70857,"Q3","M1"
"Pyrrhocorax pyrrhocorax","Red-billed Chough",0.0412902757525444,70857,"Q3","M1"
"Poecile cinctus","Siberian Tit",0.0395596064627171,70857,"Q3","M1"
"Uria lomvia","Brünnich's Guillemot",0.0367999523878098,70857,"Q3","M1"
"Prunella collaris","Alpine Accentor",0.0358870625495911,70857,"Q3","M1"
"Merops persicus","Blue-cheeked Bee-eater",0.0278857238590717,70857,"Q3","M1"
"Ardea purpurea","Purple Heron",0.0247422531247139,70857,"Q3","M1"
"Apus melba","Alpine Swift",0.0245306510478258,70857,"Q3","M1"
"Emberiza pusilla","Little Bunting",0.0243636444211006,70857,"Q3","M1"
"Aix galericulata","Mandarin Duck",0.0243068039417267,70857,"Q3","M1"
"Pyrrhocorax graculus","Alpine Chough",0.0242565758526325,70857,"Q3","M1"
"Anser caerulescens","Snow Goose",0.0236150063574314,70857,"Q3","M1"
"Emberiza cia","Rock Bunting",0.0224319640547037,70857,"Q3","M1"
"Glareola pratincola","Collared Pratincole",0.0223738495260477,70857,"Q3","M1"
"Ptyonoprogne rupestris","Eurasian Crag Martin",0.0215118005871773,70857,"Q3","M1"
"Lanius borealis","Northern Shrike",0.0193481240421534,70857,"Q3","M1"
"Iduna pallida","Eastern Olivaceous Warbler",0.0190450102090836,70857,"Q3","M1"
"Charadrius alexandrinus","Kentish Plover",0.0174141563475132,70857,"Q3","M1"
"Falco naumanni","Lesser Kestrel",0.0171603057533503,70857,"Q3","M1"
"Cettia cetti","Cetti's Warbler",0.0163131114095449,70857,"Q3","M1"
"Otus scops","Eurasian Scops Owl",0.0161538813263178,70857,"Q3","M1"
"Phoenicopterus roseus","Greater Flamingo",0.0160160940140486,70857,"Q3","M1"
"Pterocles orientalis","Black-bellied Sandgrouse",0.0154369687661529,70857,"Q3","M1"
"Passer hispaniolensis","Spanish Sparrow",0.0150791704654694,70857,"Q3","M1"
"Burhinus oedicnemus","Stone-curlew",0.01443509478122,70857,"Q3","M1"
"Ardeola ralloides","Squacco Heron",0.013249259442091,70857,"Q3","M1"
"Anser indicus","Bar-headed Goose",0.0124850608408451,70857,"Q3","M1"
"Melanocorypha calandra","Calandra Lark",0.0122510120272636,70857,"Q3","M1"
"Tarsiger cyanurus","Red-flanked Bluetail",0.0115009052678943,70857,"Q3","M1"
"Oenanthe melanoleuca","Eastern Black-eared Wheatear",0.0106198657304049,70857,"Q3","M1"
"Larus michahellis","Yellow-legged Gull",0.0100554116070271,70857,"Q3","M1"
"Corvus cornix","Hooded Crow",0.998612225055695,70858,"Q3","M3"
"Parus major","Great Tit",0.995541036128998,70858,"Q3","M3"
"Motacilla alba","Pied Wagtail/White Wagtail",0.981396913528442,70858,"Q3","M3"
"Anas platyrhynchos","Mallard",0.980260014533997,70858,"Q3","M3"
"Chroicocephalus ridibundus","Black-headed Gull",0.974850833415985,70858,"Q3","M3"
"Fringilla coelebs","Common Chaffinch",0.963844418525696,70858,"Q3","M3"
"Hirundo rustica","Barn Swallow",0.960860431194305,70858,"Q3","M3"
"Sturnus vulgaris","Common Starling",0.958106517791748,70858,"Q3","M3"
"Larus argentatus","Herring Gull",0.955918550491333,70858,"Q3","M3"
"Cyanistes caeruleus","Eurasian Blue Tit",0.953863024711609,70858,"Q3","M3"
"Erithacus rubecula","European Robin",0.950438559055328,70858,"Q3","M3"
"Apus apus","Common Swift",0.948404610157013,70858,"Q3","M3"
"Turdus merula","Eurasian Blackbird",0.943268060684204,70858,"Q3","M3"
"Columba palumbus","Common Woodpigeon",0.942840278148651,70858,"Q3","M3"
"Cygnus olor","Mute Swan",0.925794661045074,70858,"Q3","M3"
"Corvus monedula","Eurasian Jackdaw",0.921729326248169,70858,"Q3","M3"
"Turdus pilaris","Fieldfare",0.915168941020966,70858,"Q3","M3"
"Bucephala clangula","Common Goldeneye",0.896214604377747,70858,"Q3","M3"
"Garrulus glandarius","Eurasian Jay",0.892783463001251,70858,"Q3","M3"
"Passer montanus","Eurasian Tree Sparrow",0.890097737312317,70858,"Q3","M3"
"Ardea cinerea","Grey Heron",0.885473489761353,70858,"Q3","M3"
"Pica pica","Common Magpie",0.876906275749207,70858,"Q3","M3"
"Phylloscopus collybita","Common Chiffchaff",0.874563574790955,70858,"Q3","M3"
"Larus canus","Common Gull",0.872425854206085,70858,"Q3","M3"
"Corvus corax","Common Raven",0.867017805576324,70858,"Q3","M3"
"Troglodytes troglodytes","Eurasian Wren",0.865100085735321,70858,"Q3","M3"
"Vanellus vanellus","Northern Lapwing",0.864060878753662,70858,"Q3","M3"
"Phalacrocorax carbo","Great Cormorant",0.862346410751343,70858,"Q3","M3"
"Alauda arvensis","Eurasian Skylark",0.862106680870056,70858,"Q3","M3"
"Emberiza citrinella","Yellowhammer",0.86133623123169,70858,"Q3","M3"
"Phylloscopus trochilus","Willow Warbler",0.851217150688171,70858,"Q3","M3"
"Mergus merganser","Goosander",0.841142177581787,70858,"Q3","M3"
"Sterna hirundo","Common Tern",0.832580089569092,70858,"Q3","M3"
"Delichon urbicum","Western House Martin",0.830411672592163,70858,"Q3","M3"
"Curruca communis","Common Whitethroat",0.825739741325378,70858,"Q3","M3"
"Turdus philomelos","Song Thrush",0.824758350849152,70858,"Q3","M3"
"Regulus regulus","Goldcrest",0.818524241447449,70858,"Q3","M3"
"Dendrocopos major","Great Spotted Woodpecker",0.818279266357422,70858,"Q3","M3"
"Sylvia atricapilla","Eurasian Blackcap",0.817580759525299,70858,"Q3","M3"
"Anthus pratensis","Meadow Pipit",0.815112829208374,70858,"Q3","M3"
"Chloris chloris","European Greenfinch",0.812004148960114,70858,"Q3","M3"
"Columba livia","Rock Dove",0.803101658821106,70858,"Q3","M3"
"Carduelis carduelis","European Goldfinch",0.800269365310669,70858,"Q3","M3"
"Buteo buteo","Common Buzzard",0.798735916614532,70858,"Q3","M3"
"Cygnus cygnus","Whooper Swan",0.793392241001129,70858,"Q3","M3"
"Pyrrhula pyrrhula","Eurasian Bullfinch",0.791424930095673,70858,"Q3","M3"
"Larus marinus","Great Black-backed Gull",0.789151430130005,70858,"Q3","M3"
"Podiceps cristatus","Great Crested Grebe",0.787529706954956,70858,"Q3","M3"
"Spinus spinus","Eurasian Siskin",0.77418702840805,70858,"Q3","M3"
"Fulica atra","Eurasian Coot",0.77417004108429,70858,"Q3","M3"
"Passer domesticus","House Sparrow",0.764563262462616,70858,"Q3","M3"
"Corvus frugilegus","Rook",0.764185011386871,70858,"Q3","M3"
"Grus grus","Common Crane",0.76130610704422,70858,"Q3","M3"
"Linaria cannabina","Common Linnet",0.760024964809418,70858,"Q3","M3"
"Certhia familiaris","Eurasian Treecreeper",0.758979499340057,70858,"Q3","M3"
"Cuculus canorus","Common Cuckoo",0.754353106021881,70858,"Q3","M3"
"Emberiza schoeniclus","Common Reed Bunting",0.749390244483948,70858,"Q3","M3"
"Accipiter nisus","Eurasian Sparrowhawk",0.743096828460693,70858,"Q3","M3"
"Mareca penelope","Eurasian Wigeon",0.738425254821777,70858,"Q3","M3"
"Sitta europaea","Eurasian Nuthatch",0.737874150276184,70858,"Q3","M3"
"Bombycilla garrulus","Bohemian Waxwing",0.734895706176758,70858,"Q3","M3"
"Fringilla montifringilla","Brambling",0.722257137298584,70858,"Q3","M3"
"Ficedula hypoleuca","European Pied Flycatcher",0.713369011878967,70858,"Q3","M3"
"Aythya fuligula","Tufted Duck",0.709047615528107,70858,"Q3","M3"
"Gallinago gallinago","Common Snipe",0.702415823936462,70858,"Q3","M3"
"Lophophanes cristatus","Crested Tit",0.699565052986145,70858,"Q3","M3"
"Haliaeetus albicilla","White-tailed Eagle",0.698851943016052,70858,"Q3","M3"
"Saxicola rubetra","Whinchat",0.696850657463074,70858,"Q3","M3"
"Calidris alpina","Dunlin",0.694448590278625,70858,"Q3","M3"
"Circus aeruginosus","Western Marsh Harrier",0.69444215297699,70858,"Q3","M3"
"Ardea alba","Great White Egret",0.691874623298645,70858,"Q3","M3"
"Anas crecca","Eurasian/Green-winged Teal",0.69182562828064,70858,"Q3","M3"
"Luscinia luscinia","Thrush Nightingale",0.691000163555145,70858,"Q3","M3"
"Turdus iliacus","Redwing",0.688118398189545,70858,"Q3","M3"
"Acrocephalus schoenobaenus","Sedge Warbler",0.683260023593903,70858,"Q3","M3"
"Phylloscopus sibilatrix","Wood Warbler",0.683257877826691,70858,"Q3","M3"
"Muscicapa striata","Spotted Flycatcher",0.680822551250458,70858,"Q3","M3"
"Coccothraustes coccothraustes","Hawfinch",0.6808100938797,70858,"Q3","M3"
"Anthus trivialis","Tree Pipit",0.680508255958557,70858,"Q3","M3"
"Haematopus ostralegus","Eurasian Oystercatcher",0.678021907806396,70858,"Q3","M3"
"Curruca curruca","Lesser Whitethroat",0.67364227771759,70858,"Q3","M3"
"Actitis hypoleucos","Common Sandpiper",0.672208786010742,70858,"Q3","M3"
"Poecile palustris","Marsh Tit",0.671475768089294,70858,"Q3","M3"
"Lanius collurio","Red-backed Shrike",0.668151497840881,70858,"Q3","M3"
"Phoenicurus ochruros","Black Redstart",0.666847229003906,70858,"Q3","M3"
"Periparus ater","Coal Tit",0.664474308490753,70858,"Q3","M3"
"Motacilla flava","Western Yellow Wagtail",0.663420557975769,70858,"Q3","M3"
"Anser albifrons","Greater White-fronted Goose",0.660616040229797,70858,"Q3","M3"
"Ciconia ciconia","White Stork",0.660406589508057,70858,"Q3","M3"
"Branta leucopsis","Barnacle Goose",0.657700955867767,70858,"Q3","M3"
"Melanitta fusca","Velvet Scoter",0.65635073184967,70858,"Q3","M3"
"Larus fuscus","Lesser Black-backed Gull",0.655637443065643,70858,"Q3","M3"
"Phoenicurus phoenicurus","Common Redstart",0.651123046875,70858,"Q3","M3"
"Tringa totanus","Common Redshank",0.650683999061584,70858,"Q3","M3"
"Clangula hyemalis","Long-tailed Duck",0.650489926338196,70858,"Q3","M3"
"Circus cyaneus","Hen Harrier",0.650027275085449,70858,"Q3","M3"
"Dryocopus martius","Black Woodpecker",0.649739503860474,70858,"Q3","M3"
"Aegithalos caudatus","Long-tailed Tit",0.64816027879715,70858,"Q3","M3"
"Oenanthe oenanthe","Northern Wheatear",0.646064758300781,70858,"Q3","M3"
"Sylvia borin","Garden Warbler",0.644960403442383,70858,"Q3","M3"
"Tadorna tadorna","Common Shelduck",0.637503683567047,70858,"Q3","M3"
"Dryobates minor","Lesser Spotted Woodpecker",0.635737776756287,70858,"Q3","M3"
"Carpodacus erythrinus","Common Rosefinch",0.634089052677155,70858,"Q3","M3"
"Charadrius hiaticula","Common Ringed Plover",0.631605446338654,70858,"Q3","M3"
"Prunella modularis","Dunnock",0.627299845218658,70858,"Q3","M3"
"Loxia curvirostra","Common Crossbill",0.626964628696442,70858,"Q3","M3"
"Lanius excubitor","Great Grey Shrike",0.626364827156067,70858,"Q3","M3"
"Tringa nebularia","Common Greenshank",0.626292705535889,70858,"Q3","M3"
"Mergellus albellus","Smew",0.625399470329285,70858,"Q3","M3"
"Accipiter gentilis","Eurasian Goshawk",0.621537566184998,70858,"Q3","M3"
"Turdus viscivorus","Mistle Thrush",0.617318630218506,70858,"Q3","M3"
"Poecile montanus","Willow Tit",0.615062355995178,70858,"Q3","M3"
"Acrocephalus arundinaceus","Great Reed Warbler",0.613977313041687,70858,"Q3","M3"
"Lullula arborea","Woodlark",0.613601446151733,70858,"Q3","M3"
"Mareca strepera","Gadwall",0.612455368041992,70858,"Q3","M3"
"Hydrocoloeus minutus","Little Gull",0.610963642597198,70858,"Q3","M3"
"Dendrocoptes medius","Middle Spotted Woodpecker",0.605061054229736,70858,"Q3","M3"
"Aythya marila","Greater Scaup",0.604514122009277,70858,"Q3","M3"
"Hippolais icterina","Icterine Warbler",0.602097272872925,70858,"Q3","M3"
"Spatula clypeata","Northern Shoveler",0.598597526550293,70858,"Q3","M3"
"Melanitta nigra","Common Scoter",0.592461943626404,70858,"Q3","M3"
"Acrocephalus scirpaceus","Common Reed Warbler",0.586814105510712,70858,"Q3","M3"
"Calidris pugnax","Ruff",0.586249709129333,70858,"Q3","M3"
"Cygnus columbianus","Bewick's Swan",0.584006547927856,70858,"Q3","M3"
"Alcedo atthis","Common Kingfisher",0.583390772342682,70858,"Q3","M3"
"Tringa glareola","Wood Sandpiper",0.579113960266113,70858,"Q3","M3"
"Anser anser","Greylag Goose",0.57900059223175,70858,"Q3","M3"
"Panurus biarmicus","Bearded Tit",0.577998638153076,70858,"Q3","M3"
"Acrocephalus palustris","Marsh Warbler",0.576099038124084,70858,"Q3","M3"
"Pluvialis apricaria","European Golden Plover",0.574869811534882,70858,"Q3","M3"
"Chlidonias niger","Black Tern",0.57447624206543,70858,"Q3","M3"
"Riparia riparia","Sand Martin",0.574299693107605,70858,"Q3","M3"
"Mergus serrator","Red-breasted Merganser",0.573932409286499,70858,"Q3","M3"
"Numenius arquata","Eurasian Curlew",0.571123123168945,70858,"Q3","M3"
"Gallinula chloropus","Common Moorhen",0.567548274993896,70858,"Q3","M3"
"Acanthis flammea","Common Redpoll",0.566651582717896,70858,"Q3","M3"
"Botaurus stellaris","Great Bittern",0.564958214759827,70858,"Q3","M3"
"Rallus aquaticus","Water Rail",0.563535332679749,70858,"Q3","M3"
"Tringa ochropus","Green Sandpiper",0.562365651130676,70858,"Q3","M3"
"Buteo lagopus","Rough-legged Buzzard",0.562147617340088,70858,"Q3","M3"
"Anas acuta","Northern Pintail",0.559434652328491,70858,"Q3","M3"
"Columba oenas","Stock Dove",0.556287705898285,70858,"Q3","M3"
"Oriolus oriolus","Eurasian Golden Oriole",0.556124210357666,70858,"Q3","M3"
"Aythya ferina","Common Pochard",0.555036187171936,70858,"Q3","M3"
"Branta bernicla","Brent Goose",0.55324524641037,70858,"Q3","M3"
"Nucifraga caryocatactes","Spotted Nutcracker",0.55007529258728,70858,"Q3","M3"
"Perdix perdix","Grey Partridge",0.546908259391785,70858,"Q3","M3"
"Tachybaptus ruficollis","Little Grebe",0.541309356689453,70858,"Q3","M3"
"Podiceps grisegena","Red-necked Grebe",0.536875367164612,70858,"Q3","M3"
"Gavia stellata","Red-throated Diver",0.533741891384125,70858,"Q3","M3"
"Asio otus","Long-eared Owl",0.530849933624268,70858,"Q3","M3"
"Aegolius funereus","Tengmalm's Owl",0.529960691928864,70858,"Q3","M3"
"Spatula querquedula","Garganey",0.529901504516602,70858,"Q3","M3"
"Remiz pendulinus","Eurasian Penduline Tit",0.528479218482971,70858,"Q3","M3"
"Falco tinnunculus","Common Kestrel",0.527229249477386,70858,"Q3","M3"
"Scolopax rusticola","Eurasian Woodcock",0.526845455169678,70858,"Q3","M3"
"Falco columbarius","Merlin",0.526314616203308,70858,"Q3","M3"
"Gavia arctica","Black-throated Diver",0.525622010231018,70858,"Q3","M3"
"Plectrophenax nivalis","Snow Bunting",0.524417281150818,70858,"Q3","M3"
"Pluvialis squatarola","Grey Plover",0.522995233535767,70858,"Q3","M3"
"Glaucidium passerinum","Eurasian Pygmy-Owl",0.521251559257507,70858,"Q3","M3"
"Pandion haliaetus","Osprey",0.515292346477509,70858,"Q3","M3"
"Falco subbuteo","Eurasian Hobby",0.512364149093628,70858,"Q3","M3"
"Anthus petrosus","Rock Pipit",0.506987988948822,70858,"Q3","M3"
"Calcarius lapponicus","Lapland Bunting",0.502950251102448,70858,"Q3","M3"
"Anser serrirostris","Tundra Bean Goose",0.501981496810913,70858,"Q3","M3"
"Picus canus","Grey-headed Woodpecker",0.50032365322113,70858,"Q3","M3"
"Strix aluco","Tawny Owl",0.498517572879791,70858,"Q3","M3"
"Ficedula parva","Red-breasted Flycatcher",0.498077929019928,70858,"Q3","M3"
"Lymnocryptes minimus","Jack Snipe",0.495750516653061,70858,"Q3","M3"
"Somateria mollissima","Common Eider",0.494850009679794,70858,"Q3","M3"
"Lyrurus tetrix","Black Grouse",0.49452218413353,70858,"Q3","M3"
"Anser fabalis","Taiga Bean Goose",0.489891737699509,70858,"Q3","M3"
"Loxia pytyopsittacus","Parrot Crossbill",0.48979327082634,70858,"Q3","M3"
"Eremophila alpestris","Shore Lark",0.486206591129303,70858,"Q3","M3"
"Pernis apivorus","European Honey-buzzard",0.482051283121109,70858,"Q3","M3"
"Alca torda","Razorbill",0.480821996927261,70858,"Q3","M3"
"Linaria flavirostris","Twite",0.479207187891006,70858,"Q3","M3"
"Curruca nisoria","Barred Warbler",0.479132771492004,70858,"Q3","M3"
"Picoides tridactylus","Eurasian Three-toed Woodpecker",0.477471798658371,70858,"Q3","M3"
"Tetrastes bonasia","Hazel Grouse",0.474770277738571,70858,"Q3","M3"
"Asio flammeus","Short-eared Owl",0.473260968923569,70858,"Q3","M3"
"Tringa erythropus","Spotted Redshank",0.470891267061234,70858,"Q3","M3"
"Falco peregrinus","Peregrine Falcon",0.464316338300705,70858,"Q3","M3"
"Streptopelia decaocto","Collared Dove",0.462443083524704,70858,"Q3","M3"
"Jynx torquilla","Eurasian Wryneck",0.46244278550148,70858,"Q3","M3"
"Locustella luscinioides","Savi's Warbler",0.460329443216324,70858,"Q3","M3"
"Limosa limosa","Black-tailed Godwit",0.458922922611237,70858,"Q3","M3"
"Strix uralensis","Ural Owl",0.455851376056671,70858,"Q3","M3"
"Calidris alba","Sanderling",0.45504692196846,70858,"Q3","M3"
"Crex crex","Corncrake",0.454343229532242,70858,"Q3","M3"
"Upupa epops","Eurasian Hoopoe",0.451263308525085,70858,"Q3","M3"
"Calidris minuta","Little Stint",0.449443846940994,70858,"Q3","M3"
"Charadrius dubius","Little Ringed Plover",0.446751296520233,70858,"Q3","M3"
"Hydroprogne caspia","Caspian Tern",0.446554809808731,70858,"Q3","M3"
"Calidris ferruginea","Curlew Sandpiper",0.444553822278976,70858,"Q3","M3"
"Bubo bubo","Eurasian Eagle Owl",0.442807227373123,70858,"Q3","M3"
"Pinicola enucleator","Pine Grosbeak",0.439783006906509,70858,"Q3","M3"
"Podiceps auritus","Slavonian Grebe",0.437283873558044,70858,"Q3","M3"
"Circus pygargus","Montagu's Harrier",0.437110900878906,70858,"Q3","M3"
"Dendrocopos leucotos","White-backed Woodpecker",0.436132729053497,70858,"Q3","M3"
"Tetrao urogallus","Western Capercaillie",0.432276993989944,70858,"Q3","M3"
"Sternula albifrons","Little Tern",0.422103196382523,70858,"Q3","M3"
"Clanga pomarina","Lesser Spotted Eagle",0.417847365140915,70858,"Q3","M3"
"Larus cachinnans","Caspian Gull",0.417709112167358,70858,"Q3","M3"
"Picus viridis","Eurasian Green Woodpecker",0.416813910007477,70858,"Q3","M3"
"Galerida cristata","Crested Lark",0.415439695119858,70858,"Q3","M3"
"Phalaropus lobatus","Red-necked Phalarope",0.415427416563034,70858,"Q3","M3"
"Chlidonias leucopterus","White-winged Black Tern",0.411074638366699,70858,"Q3","M3"
"Sterna paradisaea","Arctic Tern",0.398533970117569,70858,"Q3","M3"
"Podiceps nigricollis","Black-necked Grebe",0.386697053909302,70858,"Q3","M3"
"Calidris temminckii","Temminck's Stint",0.386031359434128,70858,"Q3","M3"
"Ciconia nigra","Black Stork",0.384889423847198,70858,"Q3","M3"
"Caprimulgus europaeus","Eurasian Nightjar",0.381706804037094,70858,"Q3","M3"
"Locustella fluviatilis","River Warbler",0.380525410175323,70858,"Q3","M3"
"Serinus serinus","European Serin",0.380280077457428,70858,"Q3","M3"
"Anthus campestris","Tawny Pipit",0.377786904573441,70858,"Q3","M3"
"Locustella naevia","Common Grasshopper Warbler",0.376927614212036,70858,"Q3","M3"
"Zapornia parva","Little Crake",0.376672178506851,70858,"Q3","M3"
"Strix nebulosa","Great Grey Owl",0.370250791311264,70858,"Q3","M3"
"Larus hyperboreus","Glaucous Gull",0.369075834751129,70858,"Q3","M3"
"Calidris canutus","Red Knot",0.367180645465851,70858,"Q3","M3"
"Anthus cervinus","Red-throated Pipit",0.365647703409195,70858,"Q3","M3"
"Gallinago media","Great Snipe",0.362379461526871,70858,"Q3","M3"
"Phylloscopus trochiloides","Greenish Warbler",0.361466884613037,70858,"Q3","M3"
"Thalasseus sandvicensis","Sandwich Tern",0.350474864244461,70858,"Q3","M3"
"Porzana porzana","Spotted Crake",0.348035991191864,70858,"Q3","M3"
"Regulus ignicapilla","Common Firecrest",0.336967557668686,70858,"Q3","M3"
"Phasianus colchicus","Common Pheasant",0.336362510919571,70858,"Q3","M3"
"Luscinia svecica","Bluethroat",0.335643112659454,70858,"Q3","M3"
"Branta canadensis","Canada Goose",0.335553884506226,70858,"Q3","M3"
"Calidris falcinellus","Broad-billed Sandpiper",0.335517227649689,70858,"Q3","M3"
"Milvus migrans","Black Kite",0.334021389484406,70858,"Q3","M3"
"Limosa lapponica","Bar-tailed Godwit",0.333893448114395,70858,"Q3","M3"
"Stercorarius parasiticus","Arctic Skua",0.332315713167191,70858,"Q3","M3"
"Chlidonias hybrida","Whiskered Tern",0.329606980085373,70858,"Q3","M3"
"Coturnix coturnix","Common Quail",0.329059213399887,70858,"Q3","M3"
"Acrocephalus dumetorum","Blyth's Reed Warbler",0.328763276338577,70858,"Q3","M3"
"Emberiza calandra","Corn Bunting",0.326858282089233,70858,"Q3","M3"
"Cinclus cinclus","White-throated Dipper",0.326469302177429,70858,"Q3","M3"
"Arenaria interpres","Ruddy Turnstone",0.325497776269913,70858,"Q3","M3"
"Loxia leucoptera","Two-barred Crossbill",0.323337614536285,70858,"Q3","M3"
"Milvus milvus","Red Kite",0.316447257995605,70858,"Q3","M3"
"Motacilla cinerea","Grey Wagtail",0.315042465925217,70858,"Q3","M3"
"Streptopelia turtur","European Turtle Dove",0.313505738973618,70858,"Q3","M3"
"Falco vespertinus","Red-footed Falcon",0.310465276241302,70858,"Q3","M3"
"Emberiza hortulana","Ortolan Bunting",0.307662159204483,70858,"Q3","M3"
"Stercorarius longicaudus","Long-tailed Skua",0.304510980844498,70858,"Q3","M3"
"Surnia ulula","Northern Hawk Owl",0.292975127696991,70858,"Q3","M3"
"Ichthyaetus melanocephalus","Mediterranean Gull",0.284206360578537,70858,"Q3","M3"
"Acrocephalus paludicola","Aquatic Warbler",0.276508808135986,70858,"Q3","M3"
"Acanthis hornemanni","Arctic Redpoll",0.26984691619873,70858,"Q3","M3"
"Uria aalge","Common Guillemot",0.263711452484131,70858,"Q3","M3"
"Stercorarius pomarinus","Pomarine Skua",0.250316917896271,70858,"Q3","M3"
"Recurvirostra avosetta","Pied Avocet",0.245034411549568,70858,"Q3","M3"
"Tringa stagnatilis","Marsh Sandpiper",0.236433893442154,70858,"Q3","M3"
"Saxicola rubicola","European Stonechat",0.233491450548172,70858,"Q3","M3"
"Lagopus muta","Rock Ptarmigan",0.232024222612381,70858,"Q3","M3"
"Coracias garrulus","European Roller",0.230317801237106,70858,"Q3","M3"
"Numenius phaeopus","Whimbrel",0.221514090895653,70858,"Q3","M3"
"Motacilla citreola","Citrine Wagtail",0.221015453338623,70858,"Q3","M3"
"Lagopus lagopus","Red Grouse/Willow Grouse",0.21943686902523,70858,"Q3","M3"
"Calidris maritima","Purple Sandpiper",0.216413170099258,70858,"Q3","M3"
"Athene noctua","Little Owl",0.215151071548462,70858,"Q3","M3"
"Phylloscopus inornatus","Yellow-browed Warbler",0.204647123813629,70858,"Q3","M3"
"Ixobrychus minutus","Little Bittern",0.202198773622513,70858,"Q3","M3"
"Aquila chrysaetos","Golden Eagle",0.195222109556198,70858,"Q3","M3"
"Cepphus grylle","Black Guillemot",0.17253315448761,70858,"Q3","M3"
"Merops apiaster","European Bee-eater",0.171733513474464,70858,"Q3","M3"
"Netta rufina","Red-crested Pochard",0.156895086169243,70858,"Q3","M3"
"Bubo scandiacus","Snowy Owl",0.156615063548088,70858,"Q3","M3"
"Certhia brachydactyla","Short-toed Treecreeper",0.148486331105232,70858,"Q3","M3"
"Ficedula albicollis","Collared Flycatcher",0.143713906407356,70858,"Q3","M3"
"Clanga clanga","Greater Spotted Eagle",0.129231840372086,70858,"Q3","M3"
"Anser brachyrhynchus","Pink-footed Goose",0.128670826554298,70858,"Q3","M3"
"Tyto alba","Barn Owl",0.123583950102329,70858,"Q3","M3"
"Stercorarius skua","Great Skua",0.121862508356571,70858,"Q3","M3"
"Nycticorax nycticorax","Black-crowned Night Heron",0.119074322283268,70858,"Q3","M3"
"Aythya nyroca","Ferruginous Duck",0.11753286421299,70858,"Q3","M3"
"Charadrius morinellus","Eurasian Dotterel",0.115448817610741,70858,"Q3","M3"
"Gavia immer","Great Northern Diver",0.108370430767536,70858,"Q3","M3"
"Luscinia megarhynchos","Common Nightingale",0.106795705854893,70858,"Q3","M3"
"Turdus torquatus","Ring Ouzel",0.102282427251339,70858,"Q3","M3"
"Circaetus gallicus","Short-toed Eagle",0.100347355008125,70858,"Q3","M3"
"Phalaropus fulicarius","Grey Phalarope",0.0970267280936241,70858,"Q3","M3"
"Tadorna ferruginea","Ruddy Shelduck",0.092101514339447,70858,"Q3","M3"
"Falco rusticolus","Gyr Falcon",0.090589627623558,70858,"Q3","M3"
"Acanthis cabaret","Lesser Redpoll",0.0904354751110077,70858,"Q3","M3"
"Phylloscopus proregulus","Pallas's Warbler",0.0850028470158577,70858,"Q3","M3"
"Perisoreus infaustus","Siberian Jay",0.0844897329807281,70858,"Q3","M3"
"Iduna caligata","Booted Warbler",0.077691875398159,70858,"Q3","M3"
"Anthus spinoletta","Water Pipit",0.0708323866128922,70858,"Q3","M3"
"Egretta garzetta","Little Egret",0.0690354034304619,70858,"Q3","M3"
"Hieraaetus pennatus","Booted Eagle",0.0684332847595215,70858,"Q3","M3"
"Dendrocopos syriacus","Syrian Woodpecker",0.0649034902453423,70858,"Q3","M3"
"Gyps fulvus","Griffon Vulture",0.0632674992084503,70858,"Q3","M3"
"Emberiza rustica","Rustic Bunting",0.0631226971745491,70858,"Q3","M3"
"Cyanistes cyanus","Azure Tit",0.0628547891974449,70858,"Q3","M3"
"Platalea leucorodia","Eurasian Spoonbill",0.062212560325861,70858,"Q3","M3"
"Anser erythropus","Lesser White-fronted Goose",0.0607412122189999,70858,"Q3","M3"
"Xenus cinereus","Terek Sandpiper",0.0572539381682873,70858,"Q3","M3"
"Fulmarus glacialis","Northern Fulmar",0.0554357878863811,70858,"Q3","M3"
"Fratercula arctica","Atlantic Puffin",0.0488694161176682,70858,"Q3","M3"
"Lanius minor","Lesser Grey Shrike",0.0472215041518211,70858,"Q3","M3"
"Somateria spectabilis","King Eider",0.0464608520269394,70858,"Q3","M3"
"Cercotrichas galactotes","Rufous-tailed Scrub Robin",0.0463205575942993,70858,"Q3","M3"
"Rissa tridactyla","Black-legged Kittiwake",0.0440231263637543,70858,"Q3","M3"
"Anthus richardi","Richard's Pipit",0.0439684092998505,70858,"Q3","M3"
"Monticola saxatilis","Common Rock Thrush",0.043210543692112,70858,"Q3","M3"
"Himantopus himantopus","Black-winged Stilt",0.0431763529777527,70858,"Q3","M3"
"Bubulcus ibis","Western Cattle Egret",0.0419185310602188,70858,"Q3","M3"
"Lanius senator","Woodchat Shrike",0.0412776693701744,70858,"Q3","M3"
"Circus macrourus","Pallid Harrier",0.0409364737570286,70858,"Q3","M3"
"Gavia adamsii","White-billed Diver",0.0404555089771748,70858,"Q3","M3"
"Pyrrhocorax pyrrhocorax","Red-billed Chough",0.0399337746202946,70858,"Q3","M3"
"Poecile cinctus","Siberian Tit",0.0366777367889881,70858,"Q3","M3"
"Uria lomvia","Brünnich's Guillemot",0.0357278026640415,70858,"Q3","M3"
"Prunella collaris","Alpine Accentor",0.0348840616643429,70858,"Q3","M3"
"Merops persicus","Blue-cheeked Bee-eater",0.0261862277984619,70858,"Q3","M3"
"Aix galericulata","Mandarin Duck",0.0257393904030323,70858,"Q3","M3"
"Anser caerulescens","Snow Goose",0.0240224562585354,70858,"Q3","M3"
"Ardea purpurea","Purple Heron",0.0239952933043242,70858,"Q3","M3"
"Apus melba","Alpine Swift",0.0232907198369503,70858,"Q3","M3"
"Pyrrhocorax graculus","Alpine Chough",0.0231306441128254,70858,"Q3","M3"
"Emberiza pusilla","Little Bunting",0.0222417693585157,70858,"Q3","M3"
"Emberiza cia","Rock Bunting",0.0215163826942444,70858,"Q3","M3"
"Glareola pratincola","Collared Pratincole",0.021032202988863,70858,"Q3","M3"
"Ptyonoprogne rupestris","Eurasian Crag Martin",0.0205542948096991,70858,"Q3","M3"
"Lanius borealis","Northern Shrike",0.0193738155066967,70858,"Q3","M3"
"Iduna pallida","Eastern Olivaceous Warbler",0.0181054603308439,70858,"Q3","M3"
"Charadrius alexandrinus","Kentish Plover",0.0168176423758268,70858,"Q3","M3"
"Falco naumanni","Lesser Kestrel",0.0164016876369715,70858,"Q3","M3"
"Phoenicopterus roseus","Greater Flamingo",0.0161251369863749,70858,"Q3","M3"
"Cettia cetti","Cetti's Warbler",0.0154076237231493,70858,"Q3","M3"
"Otus scops","Eurasian Scops Owl",0.0153877651318908,70858,"Q3","M3"
"Pterocles orientalis","Black-bellied Sandgrouse",0.0143998870626092,70858,"Q3","M3"
"Passer hispaniolensis","Spanish Sparrow",0.0143043519929051,70858,"Q3","M3"
"Burhinus oedicnemus","Stone-curlew",0.0137444920837879,70858,"Q3","M3"
"Anser indicus","Bar-headed Goose",0.0127943679690361,70858,"Q3","M3"
"Ardeola ralloides","Squacco Heron",0.0127392988651991,70858,"Q3","M3"
"Melanocorypha calandra","Calandra Lark",0.01137332059443,70858,"Q3","M3"
"Tarsiger cyanurus","Red-flanked Bluetail",0.0102912345901132,70858,"Q3","M3"
"Corvus cornix","Hooded Crow",0.998617351055145,70859,NA,NA
"Parus major","Great Tit",0.995473802089691,70859,NA,NA
"Motacilla alba","Pied Wagtail/White Wagtail",0.981284558773041,70859,NA,NA
"Anas platyrhynchos","Mallard",0.980122983455658,70859,NA,NA
"Chroicocephalus ridibundus","Black-headed Gull",0.974669814109802,70859,NA,NA
"Fringilla coelebs","Common Chaffinch",0.963806807994843,70859,NA,NA
"Hirundo rustica","Barn Swallow",0.96070784330368,70859,NA,NA
"Sturnus vulgaris","Common Starling",0.95786064863205,70859,NA,NA
"Larus argentatus","Herring Gull",0.955847263336182,70859,NA,NA
"Cyanistes caeruleus","Eurasian Blue Tit",0.953635036945343,70859,NA,NA
"Erithacus rubecula","European Robin",0.950064301490784,70859,NA,NA
"Apus apus","Common Swift",0.947538077831268,70859,NA,NA
"Turdus merula","Eurasian Blackbird",0.943268358707428,70859,NA,NA
"Columba palumbus","Common Woodpigeon",0.942705035209656,70859,NA,NA
"Cygnus olor","Mute Swan",0.925649583339691,70859,NA,NA
"Corvus monedula","Eurasian Jackdaw",0.921330451965332,70859,NA,NA
"Turdus pilaris","Fieldfare",0.915417611598969,70859,NA,NA
"Bucephala clangula","Common Goldeneye",0.896315693855286,70859,NA,NA
"Garrulus glandarius","Eurasian Jay",0.892111778259277,70859,NA,NA
"Passer montanus","Eurasian Tree Sparrow",0.889179885387421,70859,NA,NA
"Ardea cinerea","Grey Heron",0.885247588157654,70859,NA,NA
"Pica pica","Common Magpie",0.87595921754837,70859,NA,NA
"Phylloscopus collybita","Common Chiffchaff",0.873488545417786,70859,NA,NA
"Larus canus","Common Gull",0.87234103679657,70859,NA,NA
"Corvus corax","Common Raven",0.86568409204483,70859,NA,NA
"Vanellus vanellus","Northern Lapwing",0.86404812335968,70859,NA,NA
"Troglodytes troglodytes","Eurasian Wren",0.864011347293854,70859,NA,NA
"Phalacrocorax carbo","Great Cormorant",0.862350106239319,70859,NA,NA
"Alauda arvensis","Eurasian Skylark",0.86152982711792,70859,NA,NA
"Emberiza citrinella","Yellowhammer",0.86083048582077,70859,NA,NA
"Phylloscopus trochilus","Willow Warbler",0.850543856620789,70859,NA,NA
"Mergus merganser","Goosander",0.841281473636627,70859,NA,NA
"Sterna hirundo","Common Tern",0.831681191921234,70859,NA,NA
"Delichon urbicum","Western House Martin",0.828825533390045,70859,NA,NA
"Curruca communis","Common Whitethroat",0.824339985847473,70859,NA,NA
"Turdus philomelos","Song Thrush",0.823947966098785,70859,NA,NA
"Dendrocopos major","Great Spotted Woodpecker",0.817597448825836,70859,NA,NA
"Regulus regulus","Goldcrest",0.81747168302536,70859,NA,NA
"Sylvia atricapilla","Eurasian Blackcap",0.816144645214081,70859,NA,NA
"Anthus pratensis","Meadow Pipit",0.814432084560394,70859,NA,NA
"Chloris chloris","European Greenfinch",0.810789346694946,70859,NA,NA
"Columba livia","Rock Dove",0.80100828409195,70859,NA,NA
"Carduelis carduelis","European Goldfinch",0.798948764801025,70859,NA,NA
"Buteo buteo","Common Buzzard",0.797204613685608,70859,NA,NA
"Cygnus cygnus","Whooper Swan",0.793492257595062,70859,NA,NA
"Pyrrhula pyrrhula","Eurasian Bullfinch",0.790209889411926,70859,NA,NA
"Larus marinus","Great Black-backed Gull",0.788602769374847,70859,NA,NA
"Podiceps cristatus","Great Crested Grebe",0.786278426647186,70859,NA,NA
"Spinus spinus","Eurasian Siskin",0.773886561393738,70859,NA,NA
"Fulica atra","Eurasian Coot",0.772054672241211,70859,NA,NA
"Passer domesticus","House Sparrow",0.763511419296265,70859,NA,NA
"Corvus frugilegus","Rook",0.762106418609619,70859,NA,NA
"Grus grus","Common Crane",0.76128363609314,70859,NA,NA
"Linaria cannabina","Common Linnet",0.758439481258392,70859,NA,NA
"Certhia familiaris","Eurasian Treecreeper",0.756709277629852,70859,NA,NA
"Cuculus canorus","Common Cuckoo",0.752791345119476,70859,NA,NA
"Emberiza schoeniclus","Common Reed Bunting",0.7483069896698,70859,NA,NA
"Accipiter nisus","Eurasian Sparrowhawk",0.741530418395996,70859,NA,NA
"Mareca penelope","Eurasian Wigeon",0.737232089042664,70859,NA,NA
"Sitta europaea","Eurasian Nuthatch",0.736018061637878,70859,NA,NA
"Bombycilla garrulus","Bohemian Waxwing",0.733863711357117,70859,NA,NA
"Fringilla montifringilla","Brambling",0.721209526062012,70859,NA,NA
"Ficedula hypoleuca","European Pied Flycatcher",0.712022006511688,70859,NA,NA
"Aythya fuligula","Tufted Duck",0.707634449005127,70859,NA,NA
"Gallinago gallinago","Common Snipe",0.701173424720764,70859,NA,NA
"Haliaeetus albicilla","White-tailed Eagle",0.698691368103027,70859,NA,NA
"Lophophanes cristatus","Crested Tit",0.696980237960815,70859,NA,NA
"Saxicola rubetra","Whinchat",0.695015668869019,70859,NA,NA
"Calidris alpina","Dunlin",0.693634390830994,70859,NA,NA
"Circus aeruginosus","Western Marsh Harrier",0.693176448345184,70859,NA,NA
"Anas crecca","Eurasian/Green-winged Teal",0.691174387931824,70859,NA,NA
"Ardea alba","Great White Egret",0.689237952232361,70859,NA,NA
"Luscinia luscinia","Thrush Nightingale",0.688493967056274,70859,NA,NA
"Turdus iliacus","Redwing",0.687823534011841,70859,NA,NA
"Acrocephalus schoenobaenus","Sedge Warbler",0.681443929672241,70859,NA,NA
"Phylloscopus sibilatrix","Wood Warbler",0.681027173995972,70859,NA,NA
"Anthus trivialis","Tree Pipit",0.679166316986084,70859,NA,NA
"Muscicapa striata","Spotted Flycatcher",0.678965926170349,70859,NA,NA
"Coccothraustes coccothraustes","Hawfinch",0.678444266319275,70859,NA,NA
"Haematopus ostralegus","Eurasian Oystercatcher",0.676560521125793,70859,NA,NA
"Curruca curruca","Lesser Whitethroat",0.672769784927368,70859,NA,NA
"Actitis hypoleucos","Common Sandpiper",0.671214580535889,70859,NA,NA
"Poecile palustris","Marsh Tit",0.668986082077026,70859,NA,NA
"Lanius collurio","Red-backed Shrike",0.666268706321716,70859,NA,NA
"Phoenicurus ochruros","Black Redstart",0.66455340385437,70859,NA,NA
"Periparus ater","Coal Tit",0.662282943725586,70859,NA,NA
"Motacilla flava","Western Yellow Wagtail",0.661508083343506,70859,NA,NA
"Anser albifrons","Greater White-fronted Goose",0.658486783504486,70859,NA,NA
"Branta leucopsis","Barnacle Goose",0.657750129699707,70859,NA,NA
"Ciconia ciconia","White Stork",0.655067801475525,70859,NA,NA
"Melanitta fusca","Velvet Scoter",0.65430748462677,70859,NA,NA
"Larus fuscus","Lesser Black-backed Gull",0.654020011425018,70859,NA,NA
"Clangula hyemalis","Long-tailed Duck",0.649350821971893,70859,NA,NA
"Phoenicurus phoenicurus","Common Redstart",0.649258017539978,70859,NA,NA
"Tringa totanus","Common Redshank",0.649175405502319,70859,NA,NA
"Dryocopus martius","Black Woodpecker",0.648008346557617,70859,NA,NA
"Circus cyaneus","Hen Harrier",0.647631764411926,70859,NA,NA
"Aegithalos caudatus","Long-tailed Tit",0.645348429679871,70859,NA,NA
"Oenanthe oenanthe","Northern Wheatear",0.644769728183746,70859,NA,NA
"Sylvia borin","Garden Warbler",0.64324015378952,70859,NA,NA
"Tadorna tadorna","Common Shelduck",0.635439157485962,70859,NA,NA
"Dryobates minor","Lesser Spotted Woodpecker",0.633354306221008,70859,NA,NA
"Carpodacus erythrinus","Common Rosefinch",0.63234144449234,70859,NA,NA
"Charadrius hiaticula","Common Ringed Plover",0.630626678466797,70859,NA,NA
"Prunella modularis","Dunnock",0.625961780548096,70859,NA,NA
"Tringa nebularia","Common Greenshank",0.62556403875351,70859,NA,NA
"Loxia curvirostra","Common Crossbill",0.625399827957153,70859,NA,NA
"Lanius excubitor","Great Grey Shrike",0.624232649803162,70859,NA,NA
"Mergellus albellus","Smew",0.623086094856262,70859,NA,NA
"Accipiter gentilis","Eurasian Goshawk",0.619587242603302,70859,NA,NA
"Turdus viscivorus","Mistle Thrush",0.615409851074219,70859,NA,NA
"Poecile montanus","Willow Tit",0.612224578857422,70859,NA,NA
"Acrocephalus arundinaceus","Great Reed Warbler",0.611593723297119,70859,NA,NA
"Lullula arborea","Woodlark",0.610929131507874,70859,NA,NA
"Mareca strepera","Gadwall",0.610845327377319,70859,NA,NA
"Hydrocoloeus minutus","Little Gull",0.609714269638062,70859,NA,NA
"Aythya marila","Greater Scaup",0.602376818656921,70859,NA,NA
"Hippolais icterina","Icterine Warbler",0.600490212440491,70859,NA,NA
"Dendrocoptes medius","Middle Spotted Woodpecker",0.599657654762268,70859,NA,NA
"Spatula clypeata","Northern Shoveler",0.596633434295654,70859,NA,NA
"Melanitta nigra","Common Scoter",0.590752124786377,70859,NA,NA
"Calidris pugnax","Ruff",0.584982931613922,70859,NA,NA
"Acrocephalus scirpaceus","Common Reed Warbler",0.584796786308289,70859,NA,NA
"Cygnus columbianus","Bewick's Swan",0.581750214099884,70859,NA,NA
"Alcedo atthis","Common Kingfisher",0.580912411212921,70859,NA,NA
"Anser anser","Greylag Goose",0.579256355762482,70859,NA,NA
"Tringa glareola","Wood Sandpiper",0.577682316303253,70859,NA,NA
"Panurus biarmicus","Bearded Tit",0.574728012084961,70859,NA,NA
"Acrocephalus palustris","Marsh Warbler",0.57428777217865,70859,NA,NA
"Pluvialis apricaria","European Golden Plover",0.573312878608704,70859,NA,NA
"Chlidonias niger","Black Tern",0.572455167770386,70859,NA,NA
"Mergus serrator","Red-breasted Merganser",0.571934103965759,70859,NA,NA
"Riparia riparia","Sand Martin",0.571922838687897,70859,NA,NA
"Numenius arquata","Eurasian Curlew",0.570928454399109,70859,NA,NA
"Acanthis flammea","Common Redpoll",0.565138161182404,70859,NA,NA
"Gallinula chloropus","Common Moorhen",0.563968420028687,70859,NA,NA
"Botaurus stellaris","Great Bittern",0.562816917896271,70859,NA,NA
"Rallus aquaticus","Water Rail",0.56119954586029,70859,NA,NA
"Buteo lagopus","Rough-legged Buzzard",0.559990167617798,70859,NA,NA
"Tringa ochropus","Green Sandpiper",0.559893608093262,70859,NA,NA
"Anas acuta","Northern Pintail",0.55690598487854,70859,NA,NA
"Columba oenas","Stock Dove",0.553958833217621,70859,NA,NA
"Oriolus oriolus","Eurasian Golden Oriole",0.552772462368011,70859,NA,NA
"Aythya ferina","Common Pochard",0.552169322967529,70859,NA,NA
"Branta bernicla","Brent Goose",0.551570475101471,70859,NA,NA
"Nucifraga caryocatactes","Spotted Nutcracker",0.547154784202576,70859,NA,NA
"Perdix perdix","Grey Partridge",0.543785989284515,70859,NA,NA
"Tachybaptus ruficollis","Little Grebe",0.538780927658081,70859,NA,NA
"Podiceps grisegena","Red-necked Grebe",0.535328388214111,70859,NA,NA
"Gavia stellata","Red-throated Diver",0.531939685344696,70859,NA,NA
"Asio otus","Long-eared Owl",0.527906656265259,70859,NA,NA
"Aegolius funereus","Tengmalm's Owl",0.527356147766113,70859,NA,NA
"Spatula querquedula","Garganey",0.527278423309326,70859,NA,NA
"Falco tinnunculus","Common Kestrel",0.525947391986847,70859,NA,NA
"Scolopax rusticola","Eurasian Woodcock",0.524661481380463,70859,NA,NA
"Remiz pendulinus","Eurasian Penduline Tit",0.524608850479126,70859,NA,NA
"Falco columbarius","Merlin",0.524409532546997,70859,NA,NA
"Gavia arctica","Black-throated Diver",0.523975431919098,70859,NA,NA
"Plectrophenax nivalis","Snow Bunting",0.522152960300446,70859,NA,NA
"Pluvialis squatarola","Grey Plover",0.521873354911804,70859,NA,NA
"Glaucidium passerinum","Eurasian Pygmy-Owl",0.51870995759964,70859,NA,NA
"Pandion haliaetus","Osprey",0.51357638835907,70859,NA,NA
"Falco subbuteo","Eurasian Hobby",0.510142683982849,70859,NA,NA
"Anthus petrosus","Rock Pipit",0.507480382919312,70859,NA,NA
"Calcarius lapponicus","Lapland Bunting",0.500599443912506,70859,NA,NA
"Anser serrirostris","Tundra Bean Goose",0.49995031952858,70859,NA,NA
"Picus canus","Grey-headed Woodpecker",0.497371345758438,70859,NA,NA
"Strix aluco","Tawny Owl",0.495908290147781,70859,NA,NA
"Ficedula parva","Red-breasted Flycatcher",0.495127767324448,70859,NA,NA
"Lymnocryptes minimus","Jack Snipe",0.494343191385269,70859,NA,NA
"Somateria mollissima","Common Eider",0.493011713027954,70859,NA,NA
"Lyrurus tetrix","Black Grouse",0.492388635873795,70859,NA,NA
"Anser fabalis","Taiga Bean Goose",0.488851398229599,70859,NA,NA
"Loxia pytyopsittacus","Parrot Crossbill",0.488577157258987,70859,NA,NA
"Eremophila alpestris","Shore Lark",0.483513981103897,70859,NA,NA
"Alca torda","Razorbill",0.479922294616699,70859,NA,NA
"Pernis apivorus","European Honey-buzzard",0.479574412107468,70859,NA,NA
"Linaria flavirostris","Twite",0.478487581014633,70859,NA,NA
"Curruca nisoria","Barred Warbler",0.476127505302429,70859,NA,NA
"Picoides tridactylus","Eurasian Three-toed Woodpecker",0.475099503993988,70859,NA,NA
"Tetrastes bonasia","Hazel Grouse",0.471756726503372,70859,NA,NA
"Asio flammeus","Short-eared Owl",0.471181184053421,70859,NA,NA
"Tringa erythropus","Spotted Redshank",0.469147473573685,70859,NA,NA
"Falco peregrinus","Peregrine Falcon",0.462583929300308,70859,NA,NA
"Streptopelia decaocto","Collared Dove",0.460967808961868,70859,NA,NA
"Jynx torquilla","Eurasian Wryneck",0.460012823343277,70859,NA,NA
"Locustella luscinioides","Savi's Warbler",0.456851184368134,70859,NA,NA
"Limosa limosa","Black-tailed Godwit",0.456308484077454,70859,NA,NA
"Calidris alba","Sanderling",0.454371273517609,70859,NA,NA
"Strix uralensis","Ural Owl",0.452854603528976,70859,NA,NA
"Crex crex","Corncrake",0.451949626207352,70859,NA,NA
"Calidris minuta","Little Stint",0.447693735361099,70859,NA,NA
"Hydroprogne caspia","Caspian Tern",0.446270227432251,70859,NA,NA
"Upupa epops","Eurasian Hoopoe",0.446077257394791,70859,NA,NA
"Charadrius dubius","Little Ringed Plover",0.444402515888214,70859,NA,NA
"Calidris ferruginea","Curlew Sandpiper",0.442795991897583,70859,NA,NA
"Bubo bubo","Eurasian Eagle Owl",0.439649254083633,70859,NA,NA
"Pinicola enucleator","Pine Grosbeak",0.438136756420135,70859,NA,NA
"Podiceps auritus","Slavonian Grebe",0.435274511575699,70859,NA,NA
"Circus pygargus","Montagu's Harrier",0.433555513620377,70859,NA,NA
"Dendrocopos leucotos","White-backed Woodpecker",0.431834667921066,70859,NA,NA
"Tetrao urogallus","Western Capercaillie",0.429923057556152,70859,NA,NA
"Sternula albifrons","Little Tern",0.419017136096954,70859,NA,NA
"Picus viridis","Eurasian Green Woodpecker",0.41506427526474,70859,NA,NA
"Phalaropus lobatus","Red-necked Phalarope",0.414102673530579,70859,NA,NA
"Larus cachinnans","Caspian Gull",0.413708239793777,70859,NA,NA
"Clanga pomarina","Lesser Spotted Eagle",0.411252737045288,70859,NA,NA
"Galerida cristata","Crested Lark",0.408597826957703,70859,NA,NA
"Chlidonias leucopterus","White-winged Black Tern",0.405728578567505,70859,NA,NA
"Sterna paradisaea","Arctic Tern",0.399381875991821,70859,NA,NA
"Calidris temminckii","Temminck's Stint",0.384191632270813,70859,NA,NA
"Podiceps nigricollis","Black-necked Grebe",0.381321400403976,70859,NA,NA
"Ciconia nigra","Black Stork",0.380052596330643,70859,NA,NA
"Caprimulgus europaeus","Eurasian Nightjar",0.379696220159531,70859,NA,NA
"Locustella fluviatilis","River Warbler",0.37848949432373,70859,NA,NA
"Serinus serinus","European Serin",0.375710368156433,70859,NA,NA
"Locustella naevia","Common Grasshopper Warbler",0.375014573335648,70859,NA,NA
"Anthus campestris","Tawny Pipit",0.372151702642441,70859,NA,NA
"Zapornia parva","Little Crake",0.371003031730652,70859,NA,NA
"Strix nebulosa","Great Grey Owl",0.368323266506195,70859,NA,NA
"Calidris canutus","Red Knot",0.366912245750427,70859,NA,NA
"Larus hyperboreus","Glaucous Gull",0.366900742053986,70859,NA,NA
"Anthus cervinus","Red-throated Pipit",0.363774806261063,70859,NA,NA
"Gallinago media","Great Snipe",0.360105782747269,70859,NA,NA
"Phylloscopus trochiloides","Greenish Warbler",0.358127892017365,70859,NA,NA
"Thalasseus sandvicensis","Sandwich Tern",0.349543660879135,70859,NA,NA
"Porzana porzana","Spotted Crake",0.346122354269028,70859,NA,NA
"Phasianus colchicus","Common Pheasant",0.337121576070786,70859,NA,NA
"Branta canadensis","Canada Goose",0.336595445871353,70859,NA,NA
"Calidris falcinellus","Broad-billed Sandpiper",0.333588123321533,70859,NA,NA
"Luscinia svecica","Bluethroat",0.333198547363281,70859,NA,NA
"Limosa lapponica","Bar-tailed Godwit",0.332790940999985,70859,NA,NA
"Regulus ignicapilla","Common Firecrest",0.332239001989365,70859,NA,NA
"Stercorarius parasiticus","Arctic Skua",0.33143013715744,70859,NA,NA
"Milvus migrans","Black Kite",0.329983592033386,70859,NA,NA
"Coturnix coturnix","Common Quail",0.327355027198792,70859,NA,NA
"Cinclus cinclus","White-throated Dipper",0.326007962226868,70859,NA,NA
"Arenaria interpres","Ruddy Turnstone",0.325110346078873,70859,NA,NA
"Acrocephalus dumetorum","Blyth's Reed Warbler",0.325024366378784,70859,NA,NA
"Chlidonias hybrida","Whiskered Tern",0.323608785867691,70859,NA,NA
"Loxia leucoptera","Two-barred Crossbill",0.3221195936203,70859,NA,NA
"Emberiza calandra","Corn Bunting",0.321344673633575,70859,NA,NA
"Motacilla cinerea","Grey Wagtail",0.315051525831223,70859,NA,NA
"Milvus milvus","Red Kite",0.31398817896843,70859,NA,NA
"Streptopelia turtur","European Turtle Dove",0.310347229242325,70859,NA,NA
"Falco vespertinus","Red-footed Falcon",0.30638375878334,70859,NA,NA
"Emberiza hortulana","Ortolan Bunting",0.30613124370575,70859,NA,NA
"Stercorarius longicaudus","Long-tailed Skua",0.303166121244431,70859,NA,NA
"Surnia ulula","Northern Hawk Owl",0.29149341583252,70859,NA,NA
"Ichthyaetus melanocephalus","Mediterranean Gull",0.280655205249786,70859,NA,NA
"Acrocephalus paludicola","Aquatic Warbler",0.27129453420639,70859,NA,NA
"Acanthis hornemanni","Arctic Redpoll",0.268188625574112,70859,NA,NA
"Uria aalge","Common Guillemot",0.262773483991623,70859,NA,NA
"Stercorarius pomarinus","Pomarine Skua",0.249276623129845,70859,NA,NA
"Recurvirostra avosetta","Pied Avocet",0.242240890860558,70859,NA,NA
"Tringa stagnatilis","Marsh Sandpiper",0.232169285416603,70859,NA,NA
"Saxicola rubicola","European Stonechat",0.231819629669189,70859,NA,NA
"Lagopus muta","Rock Ptarmigan",0.230304732918739,70859,NA,NA
"Coracias garrulus","European Roller",0.226246222853661,70859,NA,NA
"Numenius phaeopus","Whimbrel",0.221998602151871,70859,NA,NA
"Lagopus lagopus","Red Grouse/Willow Grouse",0.218042135238647,70859,NA,NA
"Motacilla citreola","Citrine Wagtail",0.216880053281784,70859,NA,NA
"Calidris maritima","Purple Sandpiper",0.216166064143181,70859,NA,NA
"Athene noctua","Little Owl",0.211288675665855,70859,NA,NA
"Phylloscopus inornatus","Yellow-browed Warbler",0.203822657465935,70859,NA,NA
"Ixobrychus minutus","Little Bittern",0.198814496397972,70859,NA,NA
"Aquila chrysaetos","Golden Eagle",0.1945441365242,70859,NA,NA
"Cepphus grylle","Black Guillemot",0.171987414360046,70859,NA,NA
"Merops apiaster","European Bee-eater",0.167596340179443,70859,NA,NA
"Bubo scandiacus","Snowy Owl",0.155447989702225,70859,NA,NA
"Netta rufina","Red-crested Pochard",0.15412700176239,70859,NA,NA
"Certhia brachydactyla","Short-toed Treecreeper",0.145418837666512,70859,NA,NA
"Ficedula albicollis","Collared Flycatcher",0.140484184026718,70859,NA,NA
"Anser brachyrhynchus","Pink-footed Goose",0.130664706230164,70859,NA,NA
"Clanga clanga","Greater Spotted Eagle",0.126706048846245,70859,NA,NA
"Tyto alba","Barn Owl",0.121979087591171,70859,NA,NA
"Stercorarius skua","Great Skua",0.120427079498768,70859,NA,NA
"Nycticorax nycticorax","Black-crowned Night Heron",0.116410806775093,70859,NA,NA
"Charadrius morinellus","Eurasian Dotterel",0.115408897399902,70859,NA,NA
"Aythya nyroca","Ferruginous Duck",0.114694364368916,70859,NA,NA
"Gavia immer","Great Northern Diver",0.107447393238544,70859,NA,NA
"Luscinia megarhynchos","Common Nightingale",0.104973763227463,70859,NA,NA
"Turdus torquatus","Ring Ouzel",0.102508723735809,70859,NA,NA
"Circaetus gallicus","Short-toed Eagle",0.0973563268780708,70859,NA,NA
"Phalaropus fulicarius","Grey Phalarope",0.0959587022662163,70859,NA,NA
"Acanthis cabaret","Lesser Redpoll",0.0915634259581566,70859,NA,NA
"Tadorna ferruginea","Ruddy Shelduck",0.0904260575771332,70859,NA,NA
"Falco rusticolus","Gyr Falcon",0.0898844748735428,70859,NA,NA
"Phylloscopus proregulus","Pallas's Warbler",0.0839080139994621,70859,NA,NA
"Perisoreus infaustus","Siberian Jay",0.0836924016475677,70859,NA,NA
"Iduna caligata","Booted Warbler",0.0761504545807838,70859,NA,NA
"Anthus spinoletta","Water Pipit",0.0695466697216034,70859,NA,NA
"Egretta garzetta","Little Egret",0.0672818273305893,70859,NA,NA
"Hieraaetus pennatus","Booted Eagle",0.0667474716901779,70859,NA,NA
"Dendrocopos syriacus","Syrian Woodpecker",0.0632909312844276,70859,NA,NA
"Emberiza rustica","Rustic Bunting",0.0624979585409164,70859,NA,NA
"Gyps fulvus","Griffon Vulture",0.0620867386460304,70859,NA,NA
"Platalea leucorodia","Eurasian Spoonbill",0.061051145195961,70859,NA,NA
"Cyanistes cyanus","Azure Tit",0.061034195125103,70859,NA,NA
"Anser erythropus","Lesser White-fronted Goose",0.0600889250636101,70859,NA,NA
"Xenus cinereus","Terek Sandpiper",0.0564578473567963,70859,NA,NA
"Fulmarus glacialis","Northern Fulmar",0.0547698773443699,70859,NA,NA
"Fratercula arctica","Atlantic Puffin",0.0483940541744232,70859,NA,NA
"Somateria spectabilis","King Eider",0.046017087996006,70859,NA,NA
"Lanius minor","Lesser Grey Shrike",0.0454438962042332,70859,NA,NA
"Cercotrichas galactotes","Rufous-tailed Scrub Robin",0.0445375964045525,70859,NA,NA
"Rissa tridactyla","Black-legged Kittiwake",0.0435260497033596,70859,NA,NA
"Anthus richardi","Richard's Pipit",0.0434431619942188,70859,NA,NA
"Himantopus himantopus","Black-winged Stilt",0.0423693805932999,70859,NA,NA
"Monticola saxatilis","Common Rock Thrush",0.0420009642839432,70859,NA,NA
"Bubulcus ibis","Western Cattle Egret",0.0409751646220684,70859,NA,NA
"Circus macrourus","Pallid Harrier",0.0403970405459404,70859,NA,NA
"Lanius senator","Woodchat Shrike",0.0401794984936714,70859,NA,NA
"Gavia adamsii","White-billed Diver",0.0400949120521545,70859,NA,NA
"Pyrrhocorax pyrrhocorax","Red-billed Chough",0.0388324558734894,70859,NA,NA
"Poecile cinctus","Siberian Tit",0.0364624448120594,70859,NA,NA
"Uria lomvia","Brünnich's Guillemot",0.0353456400334835,70859,NA,NA
"Prunella collaris","Alpine Accentor",0.0340841896831989,70859,NA,NA
"Aix galericulata","Mandarin Duck",0.0255773346871138,70859,NA,NA
"Merops persicus","Blue-cheeked Bee-eater",0.0251572523266077,70859,NA,NA
"Anser caerulescens","Snow Goose",0.0242304299026728,70859,NA,NA
"Ardea purpurea","Purple Heron",0.0232526417821646,70859,NA,NA
"Apus melba","Alpine Swift",0.0225585214793682,70859,NA,NA
"Pyrrhocorax graculus","Alpine Chough",0.0224513933062553,70859,NA,NA
"Emberiza pusilla","Little Bunting",0.0220547299832106,70859,NA,NA
"Emberiza cia","Rock Bunting",0.0209771413356066,70859,NA,NA
"Glareola pratincola","Collared Pratincole",0.0203294977545738,70859,NA,NA
"Ptyonoprogne rupestris","Eurasian Crag Martin",0.0199453961104155,70859,NA,NA
"Lanius borealis","Northern Shrike",0.0192868486046791,70859,NA,NA
"Iduna pallida","Eastern Olivaceous Warbler",0.01743826828897,70859,NA,NA
"Charadrius alexandrinus","Kentish Plover",0.0163391474634409,70859,NA,NA
"Falco naumanni","Lesser Kestrel",0.0159591306000948,70859,NA,NA
"Phoenicopterus roseus","Greater Flamingo",0.0157804358750582,70859,NA,NA
"Otus scops","Eurasian Scops Owl",0.0150226214900613,70859,NA,NA
"Cettia cetti","Cetti's Warbler",0.0149146560579538,70859,NA,NA
"Pterocles orientalis","Black-bellied Sandgrouse",0.0138826174661517,70859,NA,NA
"Passer hispaniolensis","Spanish Sparrow",0.0138424644246697,70859,NA,NA
"Burhinus oedicnemus","Stone-curlew",0.0133266849443316,70859,NA,NA
"Anser indicus","Bar-headed Goose",0.0128744645044208,70859,NA,NA
"Ardeola ralloides","Squacco Heron",0.0123769054189324,70859,NA,NA
"Melanocorypha calandra","Calandra Lark",0.0109993182122707,70859,NA,NA
"Tarsiger cyanurus","Red-flanked Bluetail",0.0101642077788711,70859,NA,NA
"Corvus cornix","Hooded Crow",0.998544454574585,70860,"Q3","M5"
"Parus major","Great Tit",0.995729804039001,70860,"Q3","M5"
"Motacilla alba","Pied Wagtail/White Wagtail",0.981527745723724,70860,"Q3","M5"
"Anas platyrhynchos","Mallard",0.980645656585693,70860,"Q3","M5"
"Chroicocephalus ridibundus","Black-headed Gull",0.975536823272705,70860,"Q3","M5"
"Fringilla coelebs","Common Chaffinch",0.963635802268982,70860,"Q3","M5"
"Hirundo rustica","Barn Swallow",0.961107552051544,70860,"Q3","M5"
"Sturnus vulgaris","Common Starling",0.959287524223328,70860,"Q3","M5"
"Larus argentatus","Herring Gull",0.956448435783386,70860,"Q3","M5"
"Cyanistes caeruleus","Eurasian Blue Tit",0.953665018081665,70860,"Q3","M5"
"Erithacus rubecula","European Robin",0.950930535793304,70860,"Q3","M5"
"Apus apus","Common Swift",0.949901282787323,70860,"Q3","M5"
"Columba palumbus","Common Woodpigeon",0.943358659744263,70860,"Q3","M5"
"Turdus merula","Eurasian Blackbird",0.943186640739441,70860,"Q3","M5"
"Cygnus olor","Mute Swan",0.927730321884155,70860,"Q3","M5"
"Corvus monedula","Eurasian Jackdaw",0.921984493732452,70860,"Q3","M5"
"Turdus pilaris","Fieldfare",0.913442134857178,70860,"Q3","M5"
"Bucephala clangula","Common Goldeneye",0.895208656787872,70860,"Q3","M5"
"Garrulus glandarius","Eurasian Jay",0.894669592380524,70860,"Q3","M5"
"Passer montanus","Eurasian Tree Sparrow",0.890927672386169,70860,"Q3","M5"
"Ardea cinerea","Grey Heron",0.886808753013611,70860,"Q3","M5"
"Pica pica","Common Magpie",0.878918707370758,70860,"Q3","M5"
"Phylloscopus collybita","Common Chiffchaff",0.876512110233307,70860,"Q3","M5"
"Larus canus","Common Gull",0.871797442436218,70860,"Q3","M5"
"Corvus corax","Common Raven",0.869408369064331,70860,"Q3","M5"
"Troglodytes troglodytes","Eurasian Wren",0.868164896965027,70860,"Q3","M5"
"Phalacrocorax carbo","Great Cormorant",0.864895701408386,70860,"Q3","M5"
"Vanellus vanellus","Northern Lapwing",0.863990068435669,70860,"Q3","M5"
"Alauda arvensis","Eurasian Skylark",0.863557577133179,70860,"Q3","M5"
"Emberiza citrinella","Yellowhammer",0.862453460693359,70860,"Q3","M5"
"Phylloscopus trochilus","Willow Warbler",0.851474404335022,70860,"Q3","M5"
"Mergus merganser","Goosander",0.840633988380432,70860,"Q3","M5"
"Delichon urbicum","Western House Martin",0.834468960762024,70860,"Q3","M5"
"Sterna hirundo","Common Tern",0.83240270614624,70860,"Q3","M5"
"Curruca communis","Common Whitethroat",0.829362571239471,70860,"Q3","M5"
"Turdus philomelos","Song Thrush",0.825695991516113,70860,"Q3","M5"
"Sylvia atricapilla","Eurasian Blackcap",0.821159780025482,70860,"Q3","M5"
"Regulus regulus","Goldcrest",0.819474697113037,70860,"Q3","M5"
"Dendrocopos major","Great Spotted Woodpecker",0.817250192165375,70860,"Q3","M5"
"Anthus pratensis","Meadow Pipit",0.816873669624329,70860,"Q3","M5"
"Chloris chloris","European Greenfinch",0.813139200210571,70860,"Q3","M5"
"Columba livia","Rock Dove",0.805907070636749,70860,"Q3","M5"
"Buteo buteo","Common Buzzard",0.804189205169678,70860,"Q3","M5"
"Carduelis carduelis","European Goldfinch",0.802597045898438,70860,"Q3","M5"
"Larus marinus","Great Black-backed Gull",0.791876494884491,70860,"Q3","M5"
"Pyrrhula pyrrhula","Eurasian Bullfinch",0.79170036315918,70860,"Q3","M5"
"Cygnus cygnus","Whooper Swan",0.790277421474457,70860,"Q3","M5"
"Podiceps cristatus","Great Crested Grebe",0.78817868232727,70860,"Q3","M5"
"Fulica atra","Eurasian Coot",0.777157068252563,70860,"Q3","M5"
"Spinus spinus","Eurasian Siskin",0.772192478179932,70860,"Q3","M5"
"Corvus frugilegus","Rook",0.77103590965271,70860,"Q3","M5"
"Passer domesticus","House Sparrow",0.768416225910187,70860,"Q3","M5"
"Linaria cannabina","Common Linnet",0.765202462673187,70860,"Q3","M5"
"Grus grus","Common Crane",0.763116121292114,70860,"Q3","M5"
"Certhia familiaris","Eurasian Treecreeper",0.760556519031525,70860,"Q3","M5"
"Cuculus canorus","Common Cuckoo",0.75563383102417,70860,"Q3","M5"
"Emberiza schoeniclus","Common Reed Bunting",0.75196784734726,70860,"Q3","M5"
"Accipiter nisus","Eurasian Sparrowhawk",0.746175050735474,70860,"Q3","M5"
"Sitta europaea","Eurasian Nuthatch",0.739768743515015,70860,"Q3","M5"
"Mareca penelope","Eurasian Wigeon",0.739262521266937,70860,"Q3","M5"
"Bombycilla garrulus","Bohemian Waxwing",0.73498797416687,70860,"Q3","M5"
"Fringilla montifringilla","Brambling",0.723380446434021,70860,"Q3","M5"
"Ficedula hypoleuca","European Pied Flycatcher",0.712597727775574,70860,"Q3","M5"
"Aythya fuligula","Tufted Duck",0.707336723804474,70860,"Q3","M5"
"Lophophanes cristatus","Crested Tit",0.70295774936676,70860,"Q3","M5"
"Gallinago gallinago","Common Snipe",0.702837228775024,70860,"Q3","M5"
"Saxicola rubetra","Whinchat",0.699695348739624,70860,"Q3","M5"
"Haliaeetus albicilla","White-tailed Eagle",0.698956727981567,70860,"Q3","M5"
"Circus aeruginosus","Western Marsh Harrier",0.698787569999695,70860,"Q3","M5"
"Ardea alba","Great White Egret",0.69821298122406,70860,"Q3","M5"
"Calidris alpina","Dunlin",0.695192694664001,70860,"Q3","M5"
"Luscinia luscinia","Thrush Nightingale",0.69344699382782,70860,"Q3","M5"
"Anas crecca","Eurasian/Green-winged Teal",0.689867079257965,70860,"Q3","M5"
"Phylloscopus sibilatrix","Wood Warbler",0.685889363288879,70860,"Q3","M5"
"Acrocephalus schoenobaenus","Sedge Warbler",0.685444712638855,70860,"Q3","M5"
"Turdus iliacus","Redwing",0.68524044752121,70860,"Q3","M5"
"Coccothraustes coccothraustes","Hawfinch",0.684995770454407,70860,"Q3","M5"
"Muscicapa striata","Spotted Flycatcher",0.681978821754456,70860,"Q3","M5"
"Anthus trivialis","Tree Pipit",0.680127382278442,70860,"Q3","M5"
"Haematopus ostralegus","Eurasian Oystercatcher",0.67838454246521,70860,"Q3","M5"
"Poecile palustris","Marsh Tit",0.677621185779572,70860,"Q3","M5"
"Ciconia ciconia","White Stork",0.676082849502563,70860,"Q3","M5"
"Curruca curruca","Lesser Whitethroat",0.674570202827454,70860,"Q3","M5"
"Lanius collurio","Red-backed Shrike",0.672746777534485,70860,"Q3","M5"
"Actitis hypoleucos","Common Sandpiper",0.671493768692017,70860,"Q3","M5"
"Phoenicurus ochruros","Black Redstart",0.67134827375412,70860,"Q3","M5"
"Motacilla flava","Western Yellow Wagtail",0.667490363121033,70860,"Q3","M5"
"Periparus ater","Coal Tit",0.665003418922424,70860,"Q3","M5"
"Anser albifrons","Greater White-fronted Goose",0.662012338638306,70860,"Q3","M5"
"Melanitta fusca","Velvet Scoter",0.660853743553162,70860,"Q3","M5"
"Larus fuscus","Lesser Black-backed Gull",0.654568433761597,70860,"Q3","M5"
"Tringa totanus","Common Redshank",0.654527425765991,70860,"Q3","M5"
"Clangula hyemalis","Long-tailed Duck",0.6544548869133,70860,"Q3","M5"
"Phoenicurus phoenicurus","Common Redstart",0.654298424720764,70860,"Q3","M5"
"Branta leucopsis","Barnacle Goose",0.653881847858429,70860,"Q3","M5"
"Circus cyaneus","Hen Harrier",0.652955949306488,70860,"Q3","M5"
"Aegithalos caudatus","Long-tailed Tit",0.651874780654907,70860,"Q3","M5"
"Dryocopus martius","Black Woodpecker",0.650207340717316,70860,"Q3","M5"
"Oenanthe oenanthe","Northern Wheatear",0.646657824516296,70860,"Q3","M5"
"Sylvia borin","Garden Warbler",0.643856644630432,70860,"Q3","M5"
"Tadorna tadorna","Common Shelduck",0.64304506778717,70860,"Q3","M5"
"Dryobates minor","Lesser Spotted Woodpecker",0.639308452606201,70860,"Q3","M5"
"Carpodacus erythrinus","Common Rosefinch",0.633198082447052,70860,"Q3","M5"
"Charadrius hiaticula","Common Ringed Plover",0.631216704845428,70860,"Q3","M5"
"Prunella modularis","Dunnock",0.628689050674438,70860,"Q3","M5"
"Lanius excubitor","Great Grey Shrike",0.628432989120483,70860,"Q3","M5"
"Loxia curvirostra","Common Crossbill",0.627990961074829,70860,"Q3","M5"
"Mergellus albellus","Smew",0.627820014953613,70860,"Q3","M5"
"Tringa nebularia","Common Greenshank",0.625050961971283,70860,"Q3","M5"
"Accipiter gentilis","Eurasian Goshawk",0.623208224773407,70860,"Q3","M5"
"Acrocephalus arundinaceus","Great Reed Warbler",0.620033144950867,70860,"Q3","M5"
"Turdus viscivorus","Mistle Thrush",0.619482398033142,70860,"Q3","M5"
"Poecile montanus","Willow Tit",0.61765843629837,70860,"Q3","M5"
"Dendrocoptes medius","Middle Spotted Woodpecker",0.61635148525238,70860,"Q3","M5"
"Lullula arborea","Woodlark",0.616108596324921,70860,"Q3","M5"
"Mareca strepera","Gadwall",0.612381458282471,70860,"Q3","M5"
"Hydrocoloeus minutus","Little Gull",0.611613512039185,70860,"Q3","M5"
"Aythya marila","Greater Scaup",0.605744004249573,70860,"Q3","M5"
"Hippolais icterina","Icterine Warbler",0.605042099952698,70860,"Q3","M5"
"Spatula clypeata","Northern Shoveler",0.598950147628784,70860,"Q3","M5"
"Melanitta nigra","Common Scoter",0.596767425537109,70860,"Q3","M5"
"Acrocephalus scirpaceus","Common Reed Warbler",0.591366946697235,70860,"Q3","M5"
"Calidris pugnax","Ruff",0.586783409118652,70860,"Q3","M5"
"Alcedo atthis","Common Kingfisher",0.586677134037018,70860,"Q3","M5"
"Cygnus columbianus","Bewick's Swan",0.58560299873352,70860,"Q3","M5"
"Panurus biarmicus","Bearded Tit",0.583336055278778,70860,"Q3","M5"
"Anser anser","Greylag Goose",0.579322338104248,70860,"Q3","M5"
"Chlidonias niger","Black Tern",0.579188466072083,70860,"Q3","M5"
"Pluvialis apricaria","European Golden Plover",0.57809841632843,70860,"Q3","M5"
"Acrocephalus palustris","Marsh Warbler",0.578025341033936,70860,"Q3","M5"
"Tringa glareola","Wood Sandpiper",0.577961921691895,70860,"Q3","M5"
"Riparia riparia","Sand Martin",0.577014088630676,70860,"Q3","M5"
"Mergus serrator","Red-breasted Merganser",0.575291633605957,70860,"Q3","M5"
"Gallinula chloropus","Common Moorhen",0.571947932243347,70860,"Q3","M5"
"Numenius arquata","Eurasian Curlew",0.567794561386108,70860,"Q3","M5"
"Botaurus stellaris","Great Bittern",0.567539811134338,70860,"Q3","M5"
"Acanthis flammea","Common Redpoll",0.567358613014221,70860,"Q3","M5"
"Rallus aquaticus","Water Rail",0.565829992294312,70860,"Q3","M5"
"Buteo lagopus","Rough-legged Buzzard",0.565114378929138,70860,"Q3","M5"
"Oriolus oriolus","Eurasian Golden Oriole",0.564026415348053,70860,"Q3","M5"
"Tringa ochropus","Green Sandpiper",0.563958704471588,70860,"Q3","M5"
"Anas acuta","Northern Pintail",0.5622438788414,70860,"Q3","M5"
"Columba oenas","Stock Dove",0.55823141336441,70860,"Q3","M5"
"Aythya ferina","Common Pochard",0.55762767791748,70860,"Q3","M5"
"Branta bernicla","Brent Goose",0.556852102279663,70860,"Q3","M5"
"Nucifraga caryocatactes","Spotted Nutcracker",0.552639722824097,70860,"Q3","M5"
"Perdix perdix","Grey Partridge",0.551119208335876,70860,"Q3","M5"
"Tachybaptus ruficollis","Little Grebe",0.545014023780823,70860,"Q3","M5"
"Remiz pendulinus","Eurasian Penduline Tit",0.537386834621429,70860,"Q3","M5"
"Podiceps grisegena","Red-necked Grebe",0.536093652248383,70860,"Q3","M5"
"Gavia stellata","Red-throated Diver",0.535582602024078,70860,"Q3","M5"
"Spatula querquedula","Garganey",0.535186588764191,70860,"Q3","M5"
"Aegolius funereus","Tengmalm's Owl",0.53457099199295,70860,"Q3","M5"
"Asio otus","Long-eared Owl",0.533656001091003,70860,"Q3","M5"
"Falco tinnunculus","Common Kestrel",0.528449535369873,70860,"Q3","M5"
"Scolopax rusticola","Eurasian Woodcock",0.528133690357208,70860,"Q3","M5"
"Falco columbarius","Merlin",0.528002619743347,70860,"Q3","M5"
"Plectrophenax nivalis","Snow Bunting",0.52788507938385,70860,"Q3","M5"
"Gavia arctica","Black-throated Diver",0.525870084762573,70860,"Q3","M5"
"Glaucidium passerinum","Eurasian Pygmy-Owl",0.524672150611877,70860,"Q3","M5"
"Pluvialis squatarola","Grey Plover",0.522315859794617,70860,"Q3","M5"
"Pandion haliaetus","Osprey",0.514015436172485,70860,"Q3","M5"
"Anthus petrosus","Rock Pipit",0.512767910957336,70860,"Q3","M5"
"Falco subbuteo","Eurasian Hobby",0.512339353561401,70860,"Q3","M5"
"Calcarius lapponicus","Lapland Bunting",0.507019877433777,70860,"Q3","M5"
"Anser serrirostris","Tundra Bean Goose",0.504706740379333,70860,"Q3","M5"
"Picus canus","Grey-headed Woodpecker",0.501046180725098,70860,"Q3","M5"
"Ficedula parva","Red-breasted Flycatcher",0.499718636274338,70860,"Q3","M5"
"Strix aluco","Tawny Owl",0.499609142541885,70860,"Q3","M5"
"Somateria mollissima","Common Eider",0.498202860355377,70860,"Q3","M5"
"Lymnocryptes minimus","Jack Snipe",0.496762841939926,70860,"Q3","M5"
"Lyrurus tetrix","Black Grouse",0.494246661663055,70860,"Q3","M5"
"Loxia pytyopsittacus","Parrot Crossbill",0.493054330348969,70860,"Q3","M5"
"Eremophila alpestris","Shore Lark",0.490700244903564,70860,"Q3","M5"
"Anser fabalis","Taiga Bean Goose",0.486854374408722,70860,"Q3","M5"
"Alca torda","Razorbill",0.48531898856163,70860,"Q3","M5"
"Linaria flavirostris","Twite",0.483034431934357,70860,"Q3","M5"
"Pernis apivorus","European Honey-buzzard",0.482916295528412,70860,"Q3","M5"
"Curruca nisoria","Barred Warbler",0.480849653482437,70860,"Q3","M5"
"Picoides tridactylus","Eurasian Three-toed Woodpecker",0.47902312874794,70860,"Q3","M5"
"Tetrastes bonasia","Hazel Grouse",0.47606834769249,70860,"Q3","M5"
"Asio flammeus","Short-eared Owl",0.473325252532959,70860,"Q3","M5"
"Tringa erythropus","Spotted Redshank",0.471897274255753,70860,"Q3","M5"
"Streptopelia decaocto","Collared Dove",0.469165563583374,70860,"Q3","M5"
"Locustella luscinioides","Savi's Warbler",0.465902090072632,70860,"Q3","M5"
"Falco peregrinus","Peregrine Falcon",0.464455425739288,70860,"Q3","M5"
"Upupa epops","Eurasian Hoopoe",0.462779313325882,70860,"Q3","M5"
"Limosa limosa","Black-tailed Godwit",0.461625248193741,70860,"Q3","M5"
"Jynx torquilla","Eurasian Wryneck",0.461395174264908,70860,"Q3","M5"
"Strix uralensis","Ural Owl",0.458740890026093,70860,"Q3","M5"
"Crex crex","Corncrake",0.456235647201538,70860,"Q3","M5"
"Calidris alba","Sanderling",0.451896101236343,70860,"Q3","M5"
"Calidris minuta","Little Stint",0.450071513652802,70860,"Q3","M5"
"Hydroprogne caspia","Caspian Tern",0.448982775211334,70860,"Q3","M5"
"Charadrius dubius","Little Ringed Plover",0.448754549026489,70860,"Q3","M5"
"Calidris ferruginea","Curlew Sandpiper",0.44489923119545,70860,"Q3","M5"
"Circus pygargus","Montagu's Harrier",0.444812595844269,70860,"Q3","M5"
"Bubo bubo","Eurasian Eagle Owl",0.44401490688324,70860,"Q3","M5"
"Pinicola enucleator","Pine Grosbeak",0.441939175128937,70860,"Q3","M5"
"Dendrocopos leucotos","White-backed Woodpecker",0.439305067062378,70860,"Q3","M5"
"Podiceps auritus","Slavonian Grebe",0.435841590166092,70860,"Q3","M5"
"Larus cachinnans","Caspian Gull",0.435367345809937,70860,"Q3","M5"
"Galerida cristata","Crested Lark",0.434117376804352,70860,"Q3","M5"
"Tetrao urogallus","Western Capercaillie",0.433916926383972,70860,"Q3","M5"
"Clanga pomarina","Lesser Spotted Eagle",0.431488692760468,70860,"Q3","M5"
"Sternula albifrons","Little Tern",0.430626779794693,70860,"Q3","M5"
"Chlidonias leucopterus","White-winged Black Tern",0.424116939306259,70860,"Q3","M5"
"Picus viridis","Eurasian Green Woodpecker",0.418859004974365,70860,"Q3","M5"
"Phalaropus lobatus","Red-necked Phalarope",0.41532289981842,70860,"Q3","M5"
"Podiceps nigricollis","Black-necked Grebe",0.400098085403442,70860,"Q3","M5"
"Ciconia nigra","Black Stork",0.394190520048141,70860,"Q3","M5"
"Anthus campestris","Tawny Pipit",0.39091169834137,70860,"Q3","M5"
"Sterna paradisaea","Arctic Tern",0.390435427427292,70860,"Q3","M5"
"Serinus serinus","European Serin",0.389128267765045,70860,"Q3","M5"
"Zapornia parva","Little Crake",0.386148601770401,70860,"Q3","M5"
"Calidris temminckii","Temminck's Stint",0.385769039392471,70860,"Q3","M5"
"Locustella fluviatilis","River Warbler",0.383822232484818,70860,"Q3","M5"
"Caprimulgus europaeus","Eurasian Nightjar",0.381820917129517,70860,"Q3","M5"
"Locustella naevia","Common Grasshopper Warbler",0.377871245145798,70860,"Q3","M5"
"Strix nebulosa","Great Grey Owl",0.372171700000763,70860,"Q3","M5"
"Larus hyperboreus","Glaucous Gull",0.371947109699249,70860,"Q3","M5"
"Calidris canutus","Red Knot",0.365497142076492,70860,"Q3","M5"
"Anthus cervinus","Red-throated Pipit",0.364128977060318,70860,"Q3","M5"
"Gallinago media","Great Snipe",0.362909764051437,70860,"Q3","M5"
"Phylloscopus trochiloides","Greenish Warbler",0.361878424882889,70860,"Q3","M5"
"Thalasseus sandvicensis","Sandwich Tern",0.355445116758347,70860,"Q3","M5"
"Regulus ignicapilla","Common Firecrest",0.348398268222809,70860,"Q3","M5"
"Porzana porzana","Spotted Crake",0.347710460424423,70860,"Q3","M5"
"Chlidonias hybrida","Whiskered Tern",0.34694692492485,70860,"Q3","M5"
"Emberiza calandra","Corn Bunting",0.344704627990723,70860,"Q3","M5"
"Milvus migrans","Black Kite",0.33916962146759,70860,"Q3","M5"
"Phasianus colchicus","Common Pheasant",0.338181912899017,70860,"Q3","M5"
"Luscinia svecica","Bluethroat",0.336683481931686,70860,"Q3","M5"
"Calidris falcinellus","Broad-billed Sandpiper",0.33378341794014,70860,"Q3","M5"
"Branta canadensis","Canada Goose",0.332016557455063,70860,"Q3","M5"
"Limosa lapponica","Bar-tailed Godwit",0.329676568508148,70860,"Q3","M5"
"Coturnix coturnix","Common Quail",0.328127533197403,70860,"Q3","M5"
"Stercorarius parasiticus","Arctic Skua",0.327613234519958,70860,"Q3","M5"
"Acrocephalus dumetorum","Blyth's Reed Warbler",0.32733803987503,70860,"Q3","M5"
"Cinclus cinclus","White-throated Dipper",0.32432895898819,70860,"Q3","M5"
"Milvus milvus","Red Kite",0.324317067861557,70860,"Q3","M5"
"Loxia leucoptera","Two-barred Crossbill",0.322035580873489,70860,"Q3","M5"
"Arenaria interpres","Ruddy Turnstone",0.321580648422241,70860,"Q3","M5"
"Falco vespertinus","Red-footed Falcon",0.31718510389328,70860,"Q3","M5"
"Streptopelia turtur","European Turtle Dove",0.314159661531448,70860,"Q3","M5"
"Motacilla cinerea","Grey Wagtail",0.313459813594818,70860,"Q3","M5"
"Emberiza hortulana","Ortolan Bunting",0.308227956295013,70860,"Q3","M5"
"Stercorarius longicaudus","Long-tailed Skua",0.305474907159805,70860,"Q3","M5"
"Surnia ulula","Northern Hawk Owl",0.292224496603012,70860,"Q3","M5"
"Ichthyaetus melanocephalus","Mediterranean Gull",0.291817098855972,70860,"Q3","M5"
"Acrocephalus paludicola","Aquatic Warbler",0.289995759725571,70860,"Q3","M5"
"Acanthis hornemanni","Arctic Redpoll",0.27009043097496,70860,"Q3","M5"
"Uria aalge","Common Guillemot",0.26857715845108,70860,"Q3","M5"
"Recurvirostra avosetta","Pied Avocet",0.252427667379379,70860,"Q3","M5"
"Stercorarius pomarinus","Pomarine Skua",0.248700842261314,70860,"Q3","M5"
"Tringa stagnatilis","Marsh Sandpiper",0.244162395596504,70860,"Q3","M5"
"Saxicola rubicola","European Stonechat",0.238633200526237,70860,"Q3","M5"
"Coracias garrulus","European Roller",0.237156227231026,70860,"Q3","M5"
"Lagopus muta","Rock Ptarmigan",0.234996184706688,70860,"Q3","M5"
"Motacilla citreola","Citrine Wagtail",0.229891940951347,70860,"Q3","M5"
"Athene noctua","Little Owl",0.221811860799789,70860,"Q3","M5"
"Lagopus lagopus","Red Grouse/Willow Grouse",0.218273356556892,70860,"Q3","M5"
"Numenius phaeopus","Whimbrel",0.215081363916397,70860,"Q3","M5"
"Calidris maritima","Purple Sandpiper",0.213370963931084,70860,"Q3","M5"
"Ixobrychus minutus","Little Bittern",0.207771271467209,70860,"Q3","M5"
"Phylloscopus inornatus","Yellow-browed Warbler",0.202658325433731,70860,"Q3","M5"
"Aquila chrysaetos","Golden Eagle",0.191938549280167,70860,"Q3","M5"
"Merops apiaster","European Bee-eater",0.181276798248291,70860,"Q3","M5"
"Cepphus grylle","Black Guillemot",0.171285659074783,70860,"Q3","M5"
"Netta rufina","Red-crested Pochard",0.164105266332626,70860,"Q3","M5"
"Certhia brachydactyla","Short-toed Treecreeper",0.159645944833755,70860,"Q3","M5"
"Bubo scandiacus","Snowy Owl",0.158297777175903,70860,"Q3","M5"
"Ficedula albicollis","Collared Flycatcher",0.150290578603745,70860,"Q3","M5"
"Clanga clanga","Greater Spotted Eagle",0.133956149220467,70860,"Q3","M5"
"Tyto alba","Barn Owl",0.128870531916618,70860,"Q3","M5"
"Anser brachyrhynchus","Pink-footed Goose",0.126979872584343,70860,"Q3","M5"
"Nycticorax nycticorax","Black-crowned Night Heron",0.126385793089867,70860,"Q3","M5"
"Aythya nyroca","Ferruginous Duck",0.126052871346474,70860,"Q3","M5"
"Stercorarius skua","Great Skua",0.124187119305134,70860,"Q3","M5"
"Luscinia megarhynchos","Common Nightingale",0.114949613809586,70860,"Q3","M5"
"Charadrius morinellus","Eurasian Dotterel",0.113879226148129,70860,"Q3","M5"
"Gavia immer","Great Northern Diver",0.110246807336807,70860,"Q3","M5"
"Circaetus gallicus","Short-toed Eagle",0.106450103223324,70860,"Q3","M5"
"Turdus torquatus","Ring Ouzel",0.10061864554882,70860,"Q3","M5"
"Phalaropus fulicarius","Grey Phalarope",0.0978329032659531,70860,"Q3","M5"
"Tadorna ferruginea","Ruddy Shelduck",0.0951357334852219,70860,"Q3","M5"
"Acanthis cabaret","Lesser Redpoll",0.0949584543704987,70860,"Q3","M5"
"Falco rusticolus","Gyr Falcon",0.0897686406970024,70860,"Q3","M5"
"Phylloscopus proregulus","Pallas's Warbler",0.0854821875691414,70860,"Q3","M5"
"Perisoreus infaustus","Siberian Jay",0.0820838436484337,70860,"Q3","M5"
"Iduna caligata","Booted Warbler",0.0780552700161934,70860,"Q3","M5"
"Anthus spinoletta","Water Pipit",0.0759093761444092,70860,"Q3","M5"
"Egretta garzetta","Little Egret",0.0742138177156448,70860,"Q3","M5"
"Hieraaetus pennatus","Booted Eagle",0.0717606246471405,70860,"Q3","M5"
"Dendrocopos syriacus","Syrian Woodpecker",0.0697677880525589,70860,"Q3","M5"
"Cyanistes cyanus","Azure Tit",0.0668232962489128,70860,"Q3","M5"
"Gyps fulvus","Griffon Vulture",0.0663806945085526,70860,"Q3","M5"
"Platalea leucorodia","Eurasian Spoonbill",0.0659332126379013,70860,"Q3","M5"
"Emberiza rustica","Rustic Bunting",0.0610609799623489,70860,"Q3","M5"
"Anser erythropus","Lesser White-fronted Goose",0.0602702684700489,70860,"Q3","M5"
"Xenus cinereus","Terek Sandpiper",0.0573797672986984,70860,"Q3","M5"
"Fulmarus glacialis","Northern Fulmar",0.0559424459934235,70860,"Q3","M5"
"Lanius minor","Lesser Grey Shrike",0.0514259822666645,70860,"Q3","M5"
"Cercotrichas galactotes","Rufous-tailed Scrub Robin",0.0511464402079582,70860,"Q3","M5"
"Fratercula arctica","Atlantic Puffin",0.0499217361211777,70860,"Q3","M5"
"Somateria spectabilis","King Eider",0.0469782240688801,70860,"Q3","M5"
"Monticola saxatilis","Common Rock Thrush",0.0465817414224148,70860,"Q3","M5"
"Himantopus himantopus","Black-winged Stilt",0.0448286682367325,70860,"Q3","M5"
"Lanius senator","Woodchat Shrike",0.0447232201695442,70860,"Q3","M5"
"Bubulcus ibis","Western Cattle Egret",0.0444199070334435,70860,"Q3","M5"
"Rissa tridactyla","Black-legged Kittiwake",0.0443474389612675,70860,"Q3","M5"
"Anthus richardi","Richard's Pipit",0.0439361967146397,70860,"Q3","M5"
"Pyrrhocorax pyrrhocorax","Red-billed Chough",0.0430805943906307,70860,"Q3","M5"
"Circus macrourus","Pallid Harrier",0.0411648079752922,70860,"Q3","M5"
"Gavia adamsii","White-billed Diver",0.0397171564400196,70860,"Q3","M5"
"Prunella collaris","Alpine Accentor",0.0371310040354729,70860,"Q3","M5"
"Uria lomvia","Brünnich's Guillemot",0.0362655855715275,70860,"Q3","M5"
"Poecile cinctus","Siberian Tit",0.0351418815553188,70860,"Q3","M5"
"Merops persicus","Blue-cheeked Bee-eater",0.0288225635886192,70860,"Q3","M5"
"Aix galericulata","Mandarin Duck",0.0276755504310131,70860,"Q3","M5"
"Ardea purpurea","Purple Heron",0.0262875556945801,70860,"Q3","M5"
"Apus melba","Alpine Swift",0.0251045878976583,70860,"Q3","M5"
"Pyrrhocorax graculus","Alpine Chough",0.0248261112719774,70860,"Q3","M5"
"Anser caerulescens","Snow Goose",0.0236032884567976,70860,"Q3","M5"
"Emberiza cia","Rock Bunting",0.0228294394910336,70860,"Q3","M5"
"Glareola pratincola","Collared Pratincole",0.0226498153060675,70860,"Q3","M5"
"Ptyonoprogne rupestris","Eurasian Crag Martin",0.0221208091825247,70860,"Q3","M5"
"Emberiza pusilla","Little Bunting",0.0212327614426613,70860,"Q3","M5"
"Iduna pallida","Eastern Olivaceous Warbler",0.019950445741415,70860,"Q3","M5"
"Lanius borealis","Northern Shrike",0.0197255332022905,70860,"Q3","M5"
"Charadrius alexandrinus","Kentish Plover",0.0181836187839508,70860,"Q3","M5"
"Phoenicopterus roseus","Greater Flamingo",0.0175835061818361,70860,"Q3","M5"
"Falco naumanni","Lesser Kestrel",0.0174785759299994,70860,"Q3","M5"
"Cettia cetti","Cetti's Warbler",0.0165697652846575,70860,"Q3","M5"
"Otus scops","Eurasian Scops Owl",0.0161482971161604,70860,"Q3","M5"
"Pterocles orientalis","Black-bellied Sandgrouse",0.0155566269531846,70860,"Q3","M5"
"Passer hispaniolensis","Spanish Sparrow",0.0154584646224976,70860,"Q3","M5"
"Burhinus oedicnemus","Stone-curlew",0.0147925429046154,70860,"Q3","M5"
"Ardeola ralloides","Squacco Heron",0.0137224281206727,70860,"Q3","M5"
"Anser indicus","Bar-headed Goose",0.0127637833356857,70860,"Q3","M5"
"Melanocorypha calandra","Calandra Lark",0.0120940543711185,70860,"Q3","M5"
"Oenanthe melanoleuca","Eastern Black-eared Wheatear",0.0108766481280327,70860,"Q3","M5"
"Corvus cornix","Hooded Crow",0.998581349849701,70861,"Q3","M4"
"Parus major","Great Tit",0.995653688907623,70861,"Q3","M4"
"Motacilla alba","Pied Wagtail/White Wagtail",0.981506526470184,70861,"Q3","M4"
"Anas platyrhynchos","Mallard",0.980489909648895,70861,"Q3","M4"
"Chroicocephalus ridibundus","Black-headed Gull",0.97523021697998,70861,"Q3","M4"
"Fringilla coelebs","Common Chaffinch",0.963774502277374,70861,"Q3","M4"
"Hirundo rustica","Barn Swallow",0.961039066314697,70861,"Q3","M4"
"Sturnus vulgaris","Common Starling",0.958728492259979,70861,"Q3","M4"
"Larus argentatus","Herring Gull",0.956178426742554,70861,"Q3","M4"
"Cyanistes caeruleus","Eurasian Blue Tit",0.9538893699646,70861,"Q3","M4"
"Erithacus rubecula","European Robin",0.950827240943909,70861,"Q3","M4"
"Apus apus","Common Swift",0.949454069137573,70861,"Q3","M4"
"Turdus merula","Eurasian Blackbird",0.943233370780945,70861,"Q3","M4"
"Columba palumbus","Common Woodpigeon",0.943125784397125,70861,"Q3","M4"
"Cygnus olor","Mute Swan",0.926690578460693,70861,"Q3","M4"
"Corvus monedula","Eurasian Jackdaw",0.922029793262482,70861,"Q3","M4"
"Turdus pilaris","Fieldfare",0.914319217205048,70861,"Q3","M4"
"Bucephala clangula","Common Goldeneye",0.89574009180069,70861,"Q3","M4"
"Garrulus glandarius","Eurasian Jay",0.893908500671387,70861,"Q3","M4"
"Passer montanus","Eurasian Tree Sparrow",0.890891134738922,70861,"Q3","M4"
"Ardea cinerea","Grey Heron",0.886150062084198,70861,"Q3","M4"
"Pica pica","Common Magpie",0.878216564655304,70861,"Q3","M4"
"Phylloscopus collybita","Common Chiffchaff",0.875907778739929,70861,"Q3","M4"
"Larus canus","Common Gull",0.872200906276703,70861,"Q3","M4"
"Corvus corax","Common Raven",0.86867356300354,70861,"Q3","M4"
"Troglodytes troglodytes","Eurasian Wren",0.866926848888397,70861,"Q3","M4"
"Vanellus vanellus","Northern Lapwing",0.864037156105042,70861,"Q3","M4"
"Phalacrocorax carbo","Great Cormorant",0.863430380821228,70861,"Q3","M4"
"Alauda arvensis","Eurasian Skylark",0.863001048564911,70861,"Q3","M4"
"Emberiza citrinella","Yellowhammer",0.862054526805878,70861,"Q3","M4"
"Phylloscopus trochilus","Willow Warbler",0.85165137052536,70861,"Q3","M4"
"Mergus merganser","Goosander",0.840859472751617,70861,"Q3","M4"
"Sterna hirundo","Common Tern",0.832939028739929,70861,"Q3","M4"
"Delichon urbicum","Western House Martin",0.83289909362793,70861,"Q3","M4"
"Curruca communis","Common Whitethroat",0.827952980995178,70861,"Q3","M4"
"Turdus philomelos","Song Thrush",0.825547099113464,70861,"Q3","M4"
"Sylvia atricapilla","Eurasian Blackcap",0.81979250907898,70861,"Q3","M4"
"Regulus regulus","Goldcrest",0.819434762001038,70861,"Q3","M4"
"Dendrocopos major","Great Spotted Woodpecker",0.81817364692688,70861,"Q3","M4"
"Anthus pratensis","Meadow Pipit",0.816188931465149,70861,"Q3","M4"
"Chloris chloris","European Greenfinch",0.813071012496948,70861,"Q3","M4"
"Columba livia","Rock Dove",0.80529797077179,70861,"Q3","M4"
"Carduelis carduelis","European Goldfinch",0.801893472671509,70861,"Q3","M4"
"Buteo buteo","Common Buzzard",0.80179351568222,70861,"Q3","M4"
"Pyrrhula pyrrhula","Eurasian Bullfinch",0.792128026485443,70861,"Q3","M4"
"Cygnus cygnus","Whooper Swan",0.792027235031128,70861,"Q3","M4"
"Larus marinus","Great Black-backed Gull",0.790574312210083,70861,"Q3","M4"
"Podiceps cristatus","Great Crested Grebe",0.788408637046814,70861,"Q3","M4"
"Fulica atra","Eurasian Coot",0.776455163955688,70861,"Q3","M4"
"Spinus spinus","Eurasian Siskin",0.773488759994507,70861,"Q3","M4"
"Corvus frugilegus","Rook",0.768100082874298,70861,"Q3","M4"
"Passer domesticus","House Sparrow",0.766708254814148,70861,"Q3","M4"
"Linaria cannabina","Common Linnet",0.762989938259125,70861,"Q3","M4"
"Grus grus","Common Crane",0.762085556983948,70861,"Q3","M4"
"Certhia familiaris","Eurasian Treecreeper",0.760740995407104,70861,"Q3","M4"
"Cuculus canorus","Common Cuckoo",0.755649566650391,70861,"Q3","M4"
"Emberiza schoeniclus","Common Reed Bunting",0.751007199287415,70861,"Q3","M4"
"Accipiter nisus","Eurasian Sparrowhawk",0.745158433914185,70861,"Q3","M4"
"Sitta europaea","Eurasian Nuthatch",0.739572405815125,70861,"Q3","M4"
"Mareca penelope","Eurasian Wigeon",0.739356458187103,70861,"Q3","M4"
"Bombycilla garrulus","Bohemian Waxwing",0.735433459281921,70861,"Q3","M4"
"Fringilla montifringilla","Brambling",0.723239541053772,70861,"Q3","M4"
"Ficedula hypoleuca","European Pied Flycatcher",0.713693737983704,70861,"Q3","M4"
"Aythya fuligula","Tufted Duck",0.709006905555725,70861,"Q3","M4"
"Gallinago gallinago","Common Snipe",0.703194797039032,70861,"Q3","M4"
"Lophophanes cristatus","Crested Tit",0.702249884605408,70861,"Q3","M4"
"Haliaeetus albicilla","White-tailed Eagle",0.698974192142487,70861,"Q3","M4"
"Saxicola rubetra","Whinchat",0.69894278049469,70861,"Q3","M4"
"Circus aeruginosus","Western Marsh Harrier",0.696898579597473,70861,"Q3","M4"
"Ardea alba","Great White Egret",0.695836842060089,70861,"Q3","M4"
"Calidris alpina","Dunlin",0.695157766342163,70861,"Q3","M4"
"Luscinia luscinia","Thrush Nightingale",0.693246304988861,70861,"Q3","M4"
"Anas crecca","Eurasian/Green-winged Teal",0.691311657428741,70861,"Q3","M4"
"Turdus iliacus","Redwing",0.687043190002441,70861,"Q3","M4"
"Phylloscopus sibilatrix","Wood Warbler",0.68545013666153,70861,"Q3","M4"
"Acrocephalus schoenobaenus","Sedge Warbler",0.685063302516937,70861,"Q3","M4"
"Coccothraustes coccothraustes","Hawfinch",0.683727145195007,70861,"Q3","M4"
"Muscicapa striata","Spotted Flycatcher",0.682209253311157,70861,"Q3","M4"
"Anthus trivialis","Tree Pipit",0.68099570274353,70861,"Q3","M4"
"Haematopus ostralegus","Eurasian Oystercatcher",0.678881943225861,70861,"Q3","M4"
"Poecile palustris","Marsh Tit",0.675285577774048,70861,"Q3","M4"
"Curruca curruca","Lesser Whitethroat",0.674457669258118,70861,"Q3","M4"
"Actitis hypoleucos","Common Sandpiper",0.672386884689331,70861,"Q3","M4"
"Lanius collurio","Red-backed Shrike",0.671010911464691,70861,"Q3","M4"
"Phoenicurus ochruros","Black Redstart",0.669863879680634,70861,"Q3","M4"
"Ciconia ciconia","White Stork",0.669643640518188,70861,"Q3","M4"
"Motacilla flava","Western Yellow Wagtail",0.666070818901062,70861,"Q3","M4"
"Periparus ater","Coal Tit",0.665756821632385,70861,"Q3","M4"
"Anser albifrons","Greater White-fronted Goose",0.662235915660858,70861,"Q3","M4"
"Melanitta fusca","Velvet Scoter",0.659247994422913,70861,"Q3","M4"
"Branta leucopsis","Barnacle Goose",0.65606027841568,70861,"Q3","M4"
"Larus fuscus","Lesser Black-backed Gull",0.655966758728027,70861,"Q3","M4"
"Phoenicurus phoenicurus","Common Redstart",0.65337073802948,70861,"Q3","M4"
"Tringa totanus","Common Redshank",0.653043687343597,70861,"Q3","M4"
"Clangula hyemalis","Long-tailed Duck",0.65272331237793,70861,"Q3","M4"
"Circus cyaneus","Hen Harrier",0.652425408363342,70861,"Q3","M4"
"Aegithalos caudatus","Long-tailed Tit",0.651092290878296,70861,"Q3","M4"
"Dryocopus martius","Black Woodpecker",0.650774598121643,70861,"Q3","M4"
"Oenanthe oenanthe","Northern Wheatear",0.646942436695099,70861,"Q3","M4"
"Sylvia borin","Garden Warbler",0.64532470703125,70861,"Q3","M4"
"Tadorna tadorna","Common Shelduck",0.640852570533752,70861,"Q3","M4"
"Dryobates minor","Lesser Spotted Woodpecker",0.638402998447418,70861,"Q3","M4"
"Carpodacus erythrinus","Common Rosefinch",0.634556829929352,70861,"Q3","M4"
"Charadrius hiaticula","Common Ringed Plover",0.63191431760788,70861,"Q3","M4"
"Prunella modularis","Dunnock",0.628535866737366,70861,"Q3","M4"
"Lanius excubitor","Great Grey Shrike",0.6282719373703,70861,"Q3","M4"
"Loxia curvirostra","Common Crossbill",0.628156185150146,70861,"Q3","M4"
"Mergellus albellus","Smew",0.627543449401855,70861,"Q3","M4"
"Tringa nebularia","Common Greenshank",0.626119256019592,70861,"Q3","M4"
"Accipiter gentilis","Eurasian Goshawk",0.623188495635986,70861,"Q3","M4"
"Turdus viscivorus","Mistle Thrush",0.619158625602722,70861,"Q3","M4"
"Acrocephalus arundinaceus","Great Reed Warbler",0.617698431015015,70861,"Q3","M4"
"Poecile montanus","Willow Tit",0.617533624172211,70861,"Q3","M4"
"Lullula arborea","Woodlark",0.615955412387848,70861,"Q3","M4"
"Mareca strepera","Gadwall",0.613202810287476,70861,"Q3","M4"
"Dendrocoptes medius","Middle Spotted Woodpecker",0.612458050251007,70861,"Q3","M4"
"Hydrocoloeus minutus","Little Gull",0.611843466758728,70861,"Q3","M4"
"Aythya marila","Greater Scaup",0.606068849563599,70861,"Q3","M4"
"Hippolais icterina","Icterine Warbler",0.604123115539551,70861,"Q3","M4"
"Spatula clypeata","Northern Shoveler",0.599696755409241,70861,"Q3","M4"
"Melanitta nigra","Common Scoter",0.595115184783936,70861,"Q3","M4"
"Acrocephalus scirpaceus","Common Reed Warbler",0.589720487594604,70861,"Q3","M4"
"Calidris pugnax","Ruff",0.587088763713837,70861,"Q3","M4"
"Alcedo atthis","Common Kingfisher",0.585982382297516,70861,"Q3","M4"
"Cygnus columbianus","Bewick's Swan",0.585774183273315,70861,"Q3","M4"
"Panurus biarmicus","Bearded Tit",0.581842660903931,70861,"Q3","M4"
"Tringa glareola","Wood Sandpiper",0.579318642616272,70861,"Q3","M4"
"Anser anser","Greylag Goose",0.579012989997864,70861,"Q3","M4"
"Acrocephalus palustris","Marsh Warbler",0.577791929244995,70861,"Q3","M4"
"Chlidonias niger","Black Tern",0.57745224237442,70861,"Q3","M4"
"Pluvialis apricaria","European Golden Plover",0.576992034912109,70861,"Q3","M4"
"Riparia riparia","Sand Martin",0.576599955558777,70861,"Q3","M4"
"Mergus serrator","Red-breasted Merganser",0.575475335121155,70861,"Q3","M4"
"Gallinula chloropus","Common Moorhen",0.571143865585327,70861,"Q3","M4"
"Numenius arquata","Eurasian Curlew",0.569807052612305,70861,"Q3","M4"
"Acanthis flammea","Common Redpoll",0.567683696746826,70861,"Q3","M4"
"Botaurus stellaris","Great Bittern",0.56708836555481,70861,"Q3","M4"
"Rallus aquaticus","Water Rail",0.565637826919556,70861,"Q3","M4"
"Buteo lagopus","Rough-legged Buzzard",0.564449071884155,70861,"Q3","M4"
"Tringa ochropus","Green Sandpiper",0.564236640930176,70861,"Q3","M4"
"Anas acuta","Northern Pintail",0.561848640441895,70861,"Q3","M4"
"Oriolus oriolus","Eurasian Golden Oriole",0.561096727848053,70861,"Q3","M4"
"Columba oenas","Stock Dove",0.55823826789856,70861,"Q3","M4"
"Aythya ferina","Common Pochard",0.557521462440491,70861,"Q3","M4"
"Branta bernicla","Brent Goose",0.555585145950317,70861,"Q3","M4"
"Nucifraga caryocatactes","Spotted Nutcracker",0.55257511138916,70861,"Q3","M4"
"Perdix perdix","Grey Partridge",0.550203800201416,70861,"Q3","M4"
"Tachybaptus ruficollis","Little Grebe",0.544103264808655,70861,"Q3","M4"
"Podiceps grisegena","Red-necked Grebe",0.537293076515198,70861,"Q3","M4"
"Gavia stellata","Red-throated Diver",0.535394668579102,70861,"Q3","M4"
"Remiz pendulinus","Eurasian Penduline Tit",0.53412914276123,70861,"Q3","M4"
"Asio otus","Long-eared Owl",0.533463597297668,70861,"Q3","M4"
"Spatula querquedula","Garganey",0.533411800861359,70861,"Q3","M4"
"Aegolius funereus","Tengmalm's Owl",0.533176064491272,70861,"Q3","M4"
"Scolopax rusticola","Eurasian Woodcock",0.528448581695557,70861,"Q3","M4"
"Falco tinnunculus","Common Kestrel",0.528367042541504,70861,"Q3","M4"
"Falco columbarius","Merlin",0.527952194213867,70861,"Q3","M4"
"Plectrophenax nivalis","Snow Bunting",0.526983320713043,70861,"Q3","M4"
"Gavia arctica","Black-throated Diver",0.526524364948273,70861,"Q3","M4"
"Glaucidium passerinum","Eurasian Pygmy-Owl",0.523932099342346,70861,"Q3","M4"
"Pluvialis squatarola","Grey Plover",0.52325028181076,70861,"Q3","M4"
"Pandion haliaetus","Osprey",0.515581607818604,70861,"Q3","M4"
"Falco subbuteo","Eurasian Hobby",0.513428926467896,70861,"Q3","M4"
"Anthus petrosus","Rock Pipit",0.50920045375824,70861,"Q3","M4"
"Calcarius lapponicus","Lapland Bunting",0.505813956260681,70861,"Q3","M4"
"Anser serrirostris","Tundra Bean Goose",0.504120290279388,70861,"Q3","M4"
"Picus canus","Grey-headed Woodpecker",0.502059459686279,70861,"Q3","M4"
"Strix aluco","Tawny Owl",0.500243663787842,70861,"Q3","M4"
"Ficedula parva","Red-breasted Flycatcher",0.500202238559723,70861,"Q3","M4"
"Somateria mollissima","Common Eider",0.497161865234375,70861,"Q3","M4"
"Lymnocryptes minimus","Jack Snipe",0.496860891580582,70861,"Q3","M4"
"Lyrurus tetrix","Black Grouse",0.495438605546951,70861,"Q3","M4"
"Loxia pytyopsittacus","Parrot Crossbill",0.491764813661575,70861,"Q3","M4"
"Eremophila alpestris","Shore Lark",0.489415884017944,70861,"Q3","M4"
"Anser fabalis","Taiga Bean Goose",0.489107370376587,70861,"Q3","M4"
"Pernis apivorus","European Honey-buzzard",0.483617633581161,70861,"Q3","M4"
"Alca torda","Razorbill",0.483164250850677,70861,"Q3","M4"
"Curruca nisoria","Barred Warbler",0.481316596269608,70861,"Q3","M4"
"Linaria flavirostris","Twite",0.481178045272827,70861,"Q3","M4"
"Picoides tridactylus","Eurasian Three-toed Woodpecker",0.479278951883316,70861,"Q3","M4"
"Tetrastes bonasia","Hazel Grouse",0.476780652999878,70861,"Q3","M4"
"Asio flammeus","Short-eared Owl",0.474295735359192,70861,"Q3","M4"
"Tringa erythropus","Spotted Redshank",0.472162336111069,70861,"Q3","M4"
"Streptopelia decaocto","Collared Dove",0.466006875038147,70861,"Q3","M4"
"Falco peregrinus","Peregrine Falcon",0.465214252471924,70861,"Q3","M4"
"Locustella luscinioides","Savi's Warbler",0.464377582073212,70861,"Q3","M4"
"Jynx torquilla","Eurasian Wryneck",0.463175505399704,70861,"Q3","M4"
"Limosa limosa","Black-tailed Godwit",0.461335390806198,70861,"Q3","M4"
"Upupa epops","Eurasian Hoopoe",0.45865935087204,70861,"Q3","M4"
"Strix uralensis","Ural Owl",0.458528965711594,70861,"Q3","M4"
"Crex crex","Corncrake",0.456305503845215,70861,"Q3","M4"
"Calidris alba","Sanderling",0.454037725925446,70861,"Q3","M4"
"Calidris minuta","Little Stint",0.450557798147202,70861,"Q3","M4"
"Charadrius dubius","Little Ringed Plover",0.448738753795624,70861,"Q3","M4"
"Hydroprogne caspia","Caspian Tern",0.447721540927887,70861,"Q3","M4"
"Calidris ferruginea","Curlew Sandpiper",0.445551842451096,70861,"Q3","M4"
"Bubo bubo","Eurasian Eagle Owl",0.444850265979767,70861,"Q3","M4"
"Circus pygargus","Montagu's Harrier",0.442099094390869,70861,"Q3","M4"
"Pinicola enucleator","Pine Grosbeak",0.441495090723038,70861,"Q3","M4"
"Dendrocopos leucotos","White-backed Woodpecker",0.439563155174255,70861,"Q3","M4"
"Podiceps auritus","Slavonian Grebe",0.437645703554153,70861,"Q3","M4"
"Tetrao urogallus","Western Capercaillie",0.434113502502441,70861,"Q3","M4"
"Sternula albifrons","Little Tern",0.427211135625839,70861,"Q3","M4"
"Larus cachinnans","Caspian Gull",0.42712277173996,70861,"Q3","M4"
"Clanga pomarina","Lesser Spotted Eagle",0.426832139492035,70861,"Q3","M4"
"Galerida cristata","Crested Lark",0.426673740148544,70861,"Q3","M4"
"Chlidonias leucopterus","White-winged Black Tern",0.419195890426636,70861,"Q3","M4"
"Picus viridis","Eurasian Green Woodpecker",0.418528974056244,70861,"Q3","M4"
"Phalaropus lobatus","Red-necked Phalarope",0.41602498292923,70861,"Q3","M4"
"Podiceps nigricollis","Black-necked Grebe",0.394985407590866,70861,"Q3","M4"
"Sterna paradisaea","Arctic Tern",0.394684374332428,70861,"Q3","M4"
"Ciconia nigra","Black Stork",0.391181707382202,70861,"Q3","M4"
"Calidris temminckii","Temminck's Stint",0.386811852455139,70861,"Q3","M4"
"Serinus serinus","European Serin",0.386250466108322,70861,"Q3","M4"
"Anthus campestris","Tawny Pipit",0.386086255311966,70861,"Q3","M4"
"Zapornia parva","Little Crake",0.383447051048279,70861,"Q3","M4"
"Locustella fluviatilis","River Warbler",0.382910370826721,70861,"Q3","M4"
"Caprimulgus europaeus","Eurasian Nightjar",0.38273012638092,70861,"Q3","M4"
"Locustella naevia","Common Grasshopper Warbler",0.37825545668602,70861,"Q3","M4"
"Strix nebulosa","Great Grey Owl",0.372000604867935,70861,"Q3","M4"
"Larus hyperboreus","Glaucous Gull",0.371348202228546,70861,"Q3","M4"
"Calidris canutus","Red Knot",0.366596549749374,70861,"Q3","M4"
"Anthus cervinus","Red-throated Pipit",0.365910887718201,70861,"Q3","M4"
"Gallinago media","Great Snipe",0.363707631826401,70861,"Q3","M4"
"Phylloscopus trochiloides","Greenish Warbler",0.363263219594955,70861,"Q3","M4"
"Thalasseus sandvicensis","Sandwich Tern",0.353030741214752,70861,"Q3","M4"
"Porzana porzana","Spotted Crake",0.348825991153717,70861,"Q3","M4"
"Regulus ignicapilla","Common Firecrest",0.344108432531357,70861,"Q3","M4"
"Chlidonias hybrida","Whiskered Tern",0.339861541986465,70861,"Q3","M4"
"Milvus migrans","Black Kite",0.338169246912003,70861,"Q3","M4"
"Luscinia svecica","Bluethroat",0.337271481752396,70861,"Q3","M4"
"Emberiza calandra","Corn Bunting",0.337084889411926,70861,"Q3","M4"
"Phasianus colchicus","Common Pheasant",0.336765468120575,70861,"Q3","M4"
"Calidris falcinellus","Broad-billed Sandpiper",0.335716784000397,70861,"Q3","M4"
"Branta canadensis","Canada Goose",0.333548843860626,70861,"Q3","M4"
"Limosa lapponica","Bar-tailed Godwit",0.332635521888733,70861,"Q3","M4"
"Stercorarius parasiticus","Arctic Skua",0.330745816230774,70861,"Q3","M4"
"Acrocephalus dumetorum","Blyth's Reed Warbler",0.329975247383118,70861,"Q3","M4"
"Coturnix coturnix","Common Quail",0.329490214586258,70861,"Q3","M4"
"Cinclus cinclus","White-throated Dipper",0.325783997774124,70861,"Q3","M4"
"Arenaria interpres","Ruddy Turnstone",0.324021190404892,70861,"Q3","M4"
"Loxia leucoptera","Two-barred Crossbill",0.323375254869461,70861,"Q3","M4"
"Milvus milvus","Red Kite",0.32097190618515,70861,"Q3","M4"
"Streptopelia turtur","European Turtle Dove",0.315319180488586,70861,"Q3","M4"
"Falco vespertinus","Red-footed Falcon",0.315301388502121,70861,"Q3","M4"
"Motacilla cinerea","Grey Wagtail",0.314366340637207,70861,"Q3","M4"
"Emberiza hortulana","Ortolan Bunting",0.308645009994507,70861,"Q3","M4"
"Stercorarius longicaudus","Long-tailed Skua",0.305572420358658,70861,"Q3","M4"
"Surnia ulula","Northern Hawk Owl",0.293375372886658,70861,"Q3","M4"
"Ichthyaetus melanocephalus","Mediterranean Gull",0.289158999919891,70861,"Q3","M4"
"Acrocephalus paludicola","Aquatic Warbler",0.284757763147354,70861,"Q3","M4"
"Acanthis hornemanni","Arctic Redpoll",0.270755738019943,70861,"Q3","M4"
"Uria aalge","Common Guillemot",0.266224652528763,70861,"Q3","M4"
"Stercorarius pomarinus","Pomarine Skua",0.25013479590416,70861,"Q3","M4"
"Recurvirostra avosetta","Pied Avocet",0.249522805213928,70861,"Q3","M4"
"Tringa stagnatilis","Marsh Sandpiper",0.2417933344841,70861,"Q3","M4"
"Saxicola rubicola","European Stonechat",0.23647940158844,70861,"Q3","M4"
"Coracias garrulus","European Roller",0.235206961631775,70861,"Q3","M4"
"Lagopus muta","Rock Ptarmigan",0.23411999642849,70861,"Q3","M4"
"Motacilla citreola","Citrine Wagtail",0.226794943213463,70861,"Q3","M4"
"Athene noctua","Little Owl",0.219863086938858,70861,"Q3","M4"
"Lagopus lagopus","Red Grouse/Willow Grouse",0.219619542360306,70861,"Q3","M4"
"Numenius phaeopus","Whimbrel",0.218537837266922,70861,"Q3","M4"
"Calidris maritima","Purple Sandpiper",0.215238675475121,70861,"Q3","M4"
"Ixobrychus minutus","Little Bittern",0.206215560436249,70861,"Q3","M4"
"Phylloscopus inornatus","Yellow-browed Warbler",0.204201102256775,70861,"Q3","M4"
"Aquila chrysaetos","Golden Eagle",0.194151788949966,70861,"Q3","M4"
"Merops apiaster","European Bee-eater",0.17779915034771,70861,"Q3","M4"
"Cepphus grylle","Black Guillemot",0.172267511487007,70861,"Q3","M4"
"Netta rufina","Red-crested Pochard",0.161295622587204,70861,"Q3","M4"
"Bubo scandiacus","Snowy Owl",0.157896384596825,70861,"Q3","M4"
"Certhia brachydactyla","Short-toed Treecreeper",0.154679521918297,70861,"Q3","M4"
"Ficedula albicollis","Collared Flycatcher",0.148083359003067,70861,"Q3","M4"
"Clanga clanga","Greater Spotted Eagle",0.132471397519112,70861,"Q3","M4"
"Anser brachyrhynchus","Pink-footed Goose",0.126999720931053,70861,"Q3","M4"
"Tyto alba","Barn Owl",0.126597613096237,70861,"Q3","M4"
"Stercorarius skua","Great Skua",0.1235486343503,70861,"Q3","M4"
"Nycticorax nycticorax","Black-crowned Night Heron",0.123465545475483,70861,"Q3","M4"
"Aythya nyroca","Ferruginous Duck",0.122514590620995,70861,"Q3","M4"
"Charadrius morinellus","Eurasian Dotterel",0.114800132811069,70861,"Q3","M4"
"Luscinia megarhynchos","Common Nightingale",0.111105434596539,70861,"Q3","M4"
"Gavia immer","Great Northern Diver",0.109614782035351,70861,"Q3","M4"
"Circaetus gallicus","Short-toed Eagle",0.104406207799911,70861,"Q3","M4"
"Turdus torquatus","Ring Ouzel",0.10146526247263,70861,"Q3","M4"
"Phalaropus fulicarius","Grey Phalarope",0.0978904366493225,70861,"Q3","M4"
"Tadorna ferruginea","Ruddy Shelduck",0.0942084789276123,70861,"Q3","M4"
"Acanthis cabaret","Lesser Redpoll",0.0917768329381943,70861,"Q3","M4"
"Falco rusticolus","Gyr Falcon",0.0905827581882477,70861,"Q3","M4"
"Phylloscopus proregulus","Pallas's Warbler",0.0857415348291397,70861,"Q3","M4"
"Perisoreus infaustus","Siberian Jay",0.083846278488636,70861,"Q3","M4"
"Iduna caligata","Booted Warbler",0.0786036252975464,70861,"Q3","M4"
"Anthus spinoletta","Water Pipit",0.0735928043723106,70861,"Q3","M4"
"Egretta garzetta","Little Egret",0.0720776543021202,70861,"Q3","M4"
"Hieraaetus pennatus","Booted Eagle",0.0706719905138016,70861,"Q3","M4"
"Dendrocopos syriacus","Syrian Woodpecker",0.0677433460950851,70861,"Q3","M4"
"Cyanistes cyanus","Azure Tit",0.0654313340783119,70861,"Q3","M4"
"Gyps fulvus","Griffon Vulture",0.0651606842875481,70861,"Q3","M4"
"Platalea leucorodia","Eurasian Spoonbill",0.0643482357263565,70861,"Q3","M4"
"Emberiza rustica","Rustic Bunting",0.0625414475798607,70861,"Q3","M4"
"Anser erythropus","Lesser White-fronted Goose",0.0608583204448223,70861,"Q3","M4"
"Xenus cinereus","Terek Sandpiper",0.0576967820525169,70861,"Q3","M4"
"Fulmarus glacialis","Northern Fulmar",0.0559764243662357,70861,"Q3","M4"
"Lanius minor","Lesser Grey Shrike",0.0498776249587536,70861,"Q3","M4"
"Fratercula arctica","Atlantic Puffin",0.0495467372238636,70861,"Q3","M4"
"Cercotrichas galactotes","Rufous-tailed Scrub Robin",0.0492348410189152,70861,"Q3","M4"
"Somateria spectabilis","King Eider",0.0468968451023102,70861,"Q3","M4"
"Monticola saxatilis","Common Rock Thrush",0.0452262051403522,70861,"Q3","M4"
"Rissa tridactyla","Black-legged Kittiwake",0.0444037057459354,70861,"Q3","M4"
"Himantopus himantopus","Black-winged Stilt",0.0442716106772423,70861,"Q3","M4"
"Anthus richardi","Richard's Pipit",0.0442111194133759,70861,"Q3","M4"
"Bubulcus ibis","Western Cattle Egret",0.0434372536838055,70861,"Q3","M4"
"Lanius senator","Woodchat Shrike",0.0432661585509777,70861,"Q3","M4"
"Pyrrhocorax pyrrhocorax","Red-billed Chough",0.0418009646236897,70861,"Q3","M4"
"Circus macrourus","Pallid Harrier",0.0412972792983055,70861,"Q3","M4"
"Gavia adamsii","White-billed Diver",0.040315218269825,70861,"Q3","M4"
"Prunella collaris","Alpine Accentor",0.0362240858376026,70861,"Q3","M4"
"Uria lomvia","Brünnich's Guillemot",0.0361424535512924,70861,"Q3","M4"
"Poecile cinctus","Siberian Tit",0.036121740937233,70861,"Q3","M4"
"Merops persicus","Blue-cheeked Bee-eater",0.0278074275702238,70861,"Q3","M4"
"Aix galericulata","Mandarin Duck",0.0266247726976871,70861,"Q3","M4"
"Ardea purpurea","Purple Heron",0.0253242161124945,70861,"Q3","M4"
"Apus melba","Alpine Swift",0.0244177374988794,70861,"Q3","M4"
"Pyrrhocorax graculus","Alpine Chough",0.0241811890155077,70861,"Q3","M4"
"Anser caerulescens","Snow Goose",0.0237443894147873,70861,"Q3","M4"
"Emberiza cia","Rock Bunting",0.0223362892866135,70861,"Q3","M4"
"Glareola pratincola","Collared Pratincole",0.0220632720738649,70861,"Q3","M4"
"Emberiza pusilla","Little Bunting",0.0218977574259043,70861,"Q3","M4"
"Ptyonoprogne rupestris","Eurasian Crag Martin",0.0215153023600578,70861,"Q3","M4"
"Lanius borealis","Northern Shrike",0.0195647068321705,70861,"Q3","M4"
"Iduna pallida","Eastern Olivaceous Warbler",0.0192119088023901,70861,"Q3","M4"
"Charadrius alexandrinus","Kentish Plover",0.0176283698529005,70861,"Q3","M4"
"Falco naumanni","Lesser Kestrel",0.0170744489878416,70861,"Q3","M4"
"Phoenicopterus roseus","Greater Flamingo",0.0169040430337191,70861,"Q3","M4"
"Cettia cetti","Cetti's Warbler",0.0161420870572329,70861,"Q3","M4"
"Otus scops","Eurasian Scops Owl",0.0158893000334501,70861,"Q3","M4"
"Pterocles orientalis","Black-bellied Sandgrouse",0.0151452021673322,70861,"Q3","M4"
"Passer hispaniolensis","Spanish Sparrow",0.0150194801390171,70861,"Q3","M4"
"Burhinus oedicnemus","Stone-curlew",0.0143928918987513,70861,"Q3","M4"
"Ardeola ralloides","Squacco Heron",0.0133321546018124,70861,"Q3","M4"
"Anser indicus","Bar-headed Goose",0.0127427466213703,70861,"Q3","M4"
"Melanocorypha calandra","Calandra Lark",0.0118639310821891,70861,"Q3","M4"
"Oenanthe melanoleuca","Eastern Black-eared Wheatear",0.0105400215834379,70861,"Q3","M4"
"Tarsiger cyanurus","Red-flanked Bluetail",0.0101420758292079,70861,"Q3","M4"
"Corvus cornix","Hooded Crow",0.99852180480957,71822,"Q4","M1"
"Parus major","Great Tit",0.995847761631012,71822,"Q4","M1"
"Motacilla alba","Pied Wagtail/White Wagtail",0.981697916984558,71822,"Q4","M1"
"Anas platyrhynchos","Mallard",0.980879247188568,71822,"Q4","M1"
"Chroicocephalus ridibundus","Black-headed Gull",0.975860714912415,71822,"Q4","M1"
"Fringilla coelebs","Common Chaffinch",0.963598549365997,71822,"Q4","M1"
"Hirundo rustica","Barn Swallow",0.961347341537476,71822,"Q4","M1"
"Sturnus vulgaris","Common Starling",0.959841132164001,71822,"Q4","M1"
"Larus argentatus","Herring Gull",0.956583738327026,71822,"Q4","M1"
"Cyanistes caeruleus","Eurasian Blue Tit",0.953821063041687,71822,"Q4","M1"
"Erithacus rubecula","European Robin",0.95144647359848,71822,"Q4","M1"
"Apus apus","Common Swift",0.951151669025421,71822,"Q4","M1"
"Columba palumbus","Common Woodpigeon",0.943597197532654,71822,"Q4","M1"
"Turdus merula","Eurasian Blackbird",0.943121135234833,71822,"Q4","M1"
"Cygnus olor","Mute Swan",0.928351819515228,71822,"Q4","M1"
"Corvus monedula","Eurasian Jackdaw",0.922390758991241,71822,"Q4","M1"
"Turdus pilaris","Fieldfare",0.91272109746933,71822,"Q4","M1"
"Garrulus glandarius","Eurasian Jay",0.895957052707672,71822,"Q4","M1"
"Bucephala clangula","Common Goldeneye",0.89476466178894,71822,"Q4","M1"
"Passer montanus","Eurasian Tree Sparrow",0.892111897468567,71822,"Q4","M1"
"Ardea cinerea","Grey Heron",0.887371838092804,71822,"Q4","M1"
"Pica pica","Common Magpie",0.880628705024719,71822,"Q4","M1"
"Phylloscopus collybita","Common Chiffchaff",0.878304421901703,71822,"Q4","M1"
"Larus canus","Common Gull",0.871574282646179,71822,"Q4","M1"
"Corvus corax","Common Raven",0.87142664194107,71822,"Q4","M1"
"Troglodytes troglodytes","Eurasian Wren",0.870011329650879,71822,"Q4","M1"
"Phalacrocorax carbo","Great Cormorant",0.865435242652893,71822,"Q4","M1"
"Alauda arvensis","Eurasian Skylark",0.86441957950592,71822,"Q4","M1"
"Vanellus vanellus","Northern Lapwing",0.863826930522919,71822,"Q4","M1"
"Emberiza citrinella","Yellowhammer",0.86338621377945,71822,"Q4","M1"
"Phylloscopus trochilus","Willow Warbler",0.852218091487885,71822,"Q4","M1"
"Mergus merganser","Goosander",0.840228855609894,71822,"Q4","M1"
"Delichon urbicum","Western House Martin",0.837074458599091,71822,"Q4","M1"
"Sterna hirundo","Common Tern",0.833204567432404,71822,"Q4","M1"
"Curruca communis","Common Whitethroat",0.831697702407837,71822,"Q4","M1"
"Turdus philomelos","Song Thrush",0.826790750026703,71822,"Q4","M1"
"Sylvia atricapilla","Eurasian Blackcap",0.82359516620636,71822,"Q4","M1"
"Regulus regulus","Goldcrest",0.820740163326263,71822,"Q4","M1"
"Anthus pratensis","Meadow Pipit",0.818298101425171,71822,"Q4","M1"
"Dendrocopos major","Great Spotted Woodpecker",0.817789614200592,71822,"Q4","M1"
"Chloris chloris","European Greenfinch",0.81485641002655,71822,"Q4","M1"
"Columba livia","Rock Dove",0.808884084224701,71822,"Q4","M1"
"Buteo buteo","Common Buzzard",0.807121098041534,71822,"Q4","M1"
"Carduelis carduelis","European Goldfinch",0.804583728313446,71822,"Q4","M1"
"Larus marinus","Great Black-backed Gull",0.793086051940918,71822,"Q4","M1"
"Pyrrhula pyrrhula","Eurasian Bullfinch",0.793037414550781,71822,"Q4","M1"
"Podiceps cristatus","Great Crested Grebe",0.789608538150787,71822,"Q4","M1"
"Cygnus cygnus","Whooper Swan",0.789081037044525,71822,"Q4","M1"
"Fulica atra","Eurasian Coot",0.779987931251526,71822,"Q4","M1"
"Corvus frugilegus","Rook",0.774777948856354,71822,"Q4","M1"
"Spinus spinus","Eurasian Siskin",0.771991193294525,71822,"Q4","M1"
"Passer domesticus","House Sparrow",0.770682454109192,71822,"Q4","M1"
"Linaria cannabina","Common Linnet",0.768206357955933,71822,"Q4","M1"
"Grus grus","Common Crane",0.763853132724762,71822,"Q4","M1"
"Certhia familiaris","Eurasian Treecreeper",0.763347625732422,71822,"Q4","M1"
"Cuculus canorus","Common Cuckoo",0.757492959499359,71822,"Q4","M1"
"Emberiza schoeniclus","Common Reed Bunting",0.753906846046448,71822,"Q4","M1"
"Accipiter nisus","Eurasian Sparrowhawk",0.748634159564972,71822,"Q4","M1"
"Sitta europaea","Eurasian Nuthatch",0.742393970489502,71822,"Q4","M1"
"Mareca penelope","Eurasian Wigeon",0.740671992301941,71822,"Q4","M1"
"Bombycilla garrulus","Bohemian Waxwing",0.736158490180969,71822,"Q4","M1"
"Fringilla montifringilla","Brambling",0.724883198738098,71822,"Q4","M1"
"Ficedula hypoleuca","European Pied Flycatcher",0.713631510734558,71822,"Q4","M1"
"Aythya fuligula","Tufted Duck",0.708221912384033,71822,"Q4","M1"
"Lophophanes cristatus","Crested Tit",0.706854939460754,71822,"Q4","M1"
"Gallinago gallinago","Common Snipe",0.704206109046936,71822,"Q4","M1"
"Saxicola rubetra","Whinchat",0.702462553977966,71822,"Q4","M1"
"Ardea alba","Great White Egret",0.702233374118805,71822,"Q4","M1"
"Circus aeruginosus","Western Marsh Harrier",0.701365828514099,71822,"Q4","M1"
"Haliaeetus albicilla","White-tailed Eagle",0.699109435081482,71822,"Q4","M1"
"Luscinia luscinia","Thrush Nightingale",0.696673274040222,71822,"Q4","M1"
"Calidris alpina","Dunlin",0.696389555931091,71822,"Q4","M1"
"Anas crecca","Eurasian/Green-winged Teal",0.689920902252197,71822,"Q4","M1"
"Phylloscopus sibilatrix","Wood Warbler",0.688916563987732,71822,"Q4","M1"
"Coccothraustes coccothraustes","Hawfinch",0.688785672187805,71822,"Q4","M1"
"Acrocephalus schoenobaenus","Sedge Warbler",0.68803745508194,71822,"Q4","M1"
"Turdus iliacus","Redwing",0.684758603572845,71822,"Q4","M1"
"Muscicapa striata","Spotted Flycatcher",0.684255301952362,71822,"Q4","M1"
"Ciconia ciconia","White Stork",0.684184074401855,71822,"Q4","M1"
"Poecile palustris","Marsh Tit",0.681765913963318,71822,"Q4","M1"
"Anthus trivialis","Tree Pipit",0.68134868144989,71822,"Q4","M1"
"Haematopus ostralegus","Eurasian Oystercatcher",0.679753065109253,71822,"Q4","M1"
"Lanius collurio","Red-backed Shrike",0.676072359085083,71822,"Q4","M1"
"Curruca curruca","Lesser Whitethroat",0.675614953041077,71822,"Q4","M1"
"Phoenicurus ochruros","Black Redstart",0.675183057785034,71822,"Q4","M1"
"Actitis hypoleucos","Common Sandpiper",0.672377347946167,71822,"Q4","M1"
"Motacilla flava","Western Yellow Wagtail",0.670841336250305,71822,"Q4","M1"
"Periparus ater","Coal Tit",0.667222201824188,71822,"Q4","M1"
"Anser albifrons","Greater White-fronted Goose",0.664385318756104,71822,"Q4","M1"
"Melanitta fusca","Velvet Scoter",0.664308667182922,71822,"Q4","M1"
"Tringa totanus","Common Redshank",0.657143592834473,71822,"Q4","M1"
"Phoenicurus phoenicurus","Common Redstart",0.656937420368195,71822,"Q4","M1"
"Clangula hyemalis","Long-tailed Duck",0.656557202339172,71822,"Q4","M1"
"Circus cyaneus","Hen Harrier",0.656265258789062,71822,"Q4","M1"
"Larus fuscus","Lesser Black-backed Gull",0.655977249145508,71822,"Q4","M1"
"Aegithalos caudatus","Long-tailed Tit",0.655827641487122,71822,"Q4","M1"
"Branta leucopsis","Barnacle Goose",0.65247654914856,71822,"Q4","M1"
"Dryocopus martius","Black Woodpecker",0.652129292488098,71822,"Q4","M1"
"Oenanthe oenanthe","Northern Wheatear",0.64807939529419,71822,"Q4","M1"
"Tadorna tadorna","Common Shelduck",0.646394848823547,71822,"Q4","M1"
"Sylvia borin","Garden Warbler",0.645243883132935,71822,"Q4","M1"
"Dryobates minor","Lesser Spotted Woodpecker",0.642722129821777,71822,"Q4","M1"
"Carpodacus erythrinus","Common Rosefinch",0.634712040424347,71822,"Q4","M1"
"Charadrius hiaticula","Common Ringed Plover",0.63219940662384,71822,"Q4","M1"
"Lanius excubitor","Great Grey Shrike",0.631238102912903,71822,"Q4","M1"
"Mergellus albellus","Smew",0.631022691726685,71822,"Q4","M1"
"Prunella modularis","Dunnock",0.630549550056458,71822,"Q4","M1"
"Loxia curvirostra","Common Crossbill",0.629877746105194,71822,"Q4","M1"
"Accipiter gentilis","Eurasian Goshawk",0.625611543655396,71822,"Q4","M1"
"Tringa nebularia","Common Greenshank",0.625343561172485,71822,"Q4","M1"
"Acrocephalus arundinaceus","Great Reed Warbler",0.624052107334137,71822,"Q4","M1"
"Dendrocoptes medius","Middle Spotted Woodpecker",0.623818874359131,71822,"Q4","M1"
"Turdus viscivorus","Mistle Thrush",0.621963143348694,71822,"Q4","M1"
"Poecile montanus","Willow Tit",0.621466159820557,71822,"Q4","M1"
"Lullula arborea","Woodlark",0.619799256324768,71822,"Q4","M1"
"Mareca strepera","Gadwall",0.613772630691528,71822,"Q4","M1"
"Hydrocoloeus minutus","Little Gull",0.612988591194153,71822,"Q4","M1"
"Aythya marila","Greater Scaup",0.608355462551117,71822,"Q4","M1"
"Hippolais icterina","Icterine Warbler",0.607535243034363,71822,"Q4","M1"
"Spatula clypeata","Northern Shoveler",0.601078391075134,71822,"Q4","M1"
"Melanitta nigra","Common Scoter",0.599873542785645,71822,"Q4","M1"
"Acrocephalus scirpaceus","Common Reed Warbler",0.594713449478149,71822,"Q4","M1"
"Alcedo atthis","Common Kingfisher",0.590097427368164,71822,"Q4","M1"
"Cygnus columbianus","Bewick's Swan",0.588271737098694,71822,"Q4","M1"
"Calidris pugnax","Ruff",0.588169813156128,71822,"Q4","M1"
"Panurus biarmicus","Bearded Tit",0.587483286857605,71822,"Q4","M1"
"Chlidonias niger","Black Tern",0.582937955856323,71822,"Q4","M1"
"Acrocephalus palustris","Marsh Warbler",0.580767869949341,71822,"Q4","M1"
"Pluvialis apricaria","European Golden Plover",0.580759286880493,71822,"Q4","M1"
"Riparia riparia","Sand Martin",0.580226182937622,71822,"Q4","M1"
"Tringa glareola","Wood Sandpiper",0.579141020774841,71822,"Q4","M1"
"Anser anser","Greylag Goose",0.579091310501099,71822,"Q4","M1"
"Mergus serrator","Red-breasted Merganser",0.577572882175446,71822,"Q4","M1"
"Gallinula chloropus","Common Moorhen",0.576913237571716,71822,"Q4","M1"
"Botaurus stellaris","Great Bittern",0.570519745349884,71822,"Q4","M1"
"Acanthis flammea","Common Redpoll",0.569361388683319,71822,"Q4","M1"
"Oriolus oriolus","Eurasian Golden Oriole",0.568958103656769,71822,"Q4","M1"
"Rallus aquaticus","Water Rail",0.568924069404602,71822,"Q4","M1"
"Buteo lagopus","Rough-legged Buzzard",0.568243622779846,71822,"Q4","M1"
"Tringa ochropus","Green Sandpiper",0.567012906074524,71822,"Q4","M1"
"Numenius arquata","Eurasian Curlew",0.566840052604675,71822,"Q4","M1"
"Anas acuta","Northern Pintail",0.565820455551147,71822,"Q4","M1"
"Columba oenas","Stock Dove",0.561571717262268,71822,"Q4","M1"
"Aythya ferina","Common Pochard",0.561172366142273,71822,"Q4","M1"
"Branta bernicla","Brent Goose",0.559539556503296,71822,"Q4","M1"
"Nucifraga caryocatactes","Spotted Nutcracker",0.556491017341614,71822,"Q4","M1"
"Perdix perdix","Grey Partridge",0.55579936504364,71822,"Q4","M1"
"Tachybaptus ruficollis","Little Grebe",0.548735022544861,71822,"Q4","M1"
"Remiz pendulinus","Eurasian Penduline Tit",0.54316258430481,71822,"Q4","M1"
"Spatula querquedula","Garganey",0.539793968200684,71822,"Q4","M1"
"Aegolius funereus","Tengmalm's Owl",0.538756966590881,71822,"Q4","M1"
"Gavia stellata","Red-throated Diver",0.538146734237671,71822,"Q4","M1"
"Asio otus","Long-eared Owl",0.537465512752533,71822,"Q4","M1"
"Podiceps grisegena","Red-necked Grebe",0.537309885025024,71822,"Q4","M1"
"Plectrophenax nivalis","Snow Bunting",0.530890107154846,71822,"Q4","M1"
"Scolopax rusticola","Eurasian Woodcock",0.530687093734741,71822,"Q4","M1"
"Falco columbarius","Merlin",0.530458569526672,71822,"Q4","M1"
"Falco tinnunculus","Common Kestrel",0.530057191848755,71822,"Q4","M1"
"Glaucidium passerinum","Eurasian Pygmy-Owl",0.528470575809479,71822,"Q4","M1"
"Gavia arctica","Black-throated Diver",0.52765154838562,71822,"Q4","M1"
"Pluvialis squatarola","Grey Plover",0.523436963558197,71822,"Q4","M1"
"Pandion haliaetus","Osprey",0.515276253223419,71822,"Q4","M1"
"Falco subbuteo","Eurasian Hobby",0.514653861522675,71822,"Q4","M1"
"Anthus petrosus","Rock Pipit",0.514123916625977,71822,"Q4","M1"
"Calcarius lapponicus","Lapland Bunting",0.510998845100403,71822,"Q4","M1"
"Anser serrirostris","Tundra Bean Goose",0.507582783699036,71822,"Q4","M1"
"Picus canus","Grey-headed Woodpecker",0.504633367061615,71822,"Q4","M1"
"Ficedula parva","Red-breasted Flycatcher",0.502990484237671,71822,"Q4","M1"
"Strix aluco","Tawny Owl",0.502864837646484,71822,"Q4","M1"
"Somateria mollissima","Common Eider",0.500826060771942,71822,"Q4","M1"
"Lymnocryptes minimus","Jack Snipe",0.498485147953033,71822,"Q4","M1"
"Lyrurus tetrix","Black Grouse",0.496432274580002,71822,"Q4","M1"
"Loxia pytyopsittacus","Parrot Crossbill",0.495254039764404,71822,"Q4","M1"
"Eremophila alpestris","Shore Lark",0.494868665933609,71822,"Q4","M1"
"Alca torda","Razorbill",0.4874487221241,71822,"Q4","M1"
"Anser fabalis","Taiga Bean Goose",0.487012505531311,71822,"Q4","M1"
"Pernis apivorus","European Honey-buzzard",0.485811352729797,71822,"Q4","M1"
"Linaria flavirostris","Twite",0.484927803277969,71822,"Q4","M1"
"Curruca nisoria","Barred Warbler",0.484105706214905,71822,"Q4","M1"
"Picoides tridactylus","Eurasian Three-toed Woodpecker",0.482193559408188,71822,"Q4","M1"
"Tetrastes bonasia","Hazel Grouse",0.47967603802681,71822,"Q4","M1"
"Asio flammeus","Short-eared Owl",0.475488543510437,71822,"Q4","M1"
"Tringa erythropus","Spotted Redshank",0.474217623472214,71822,"Q4","M1"
"Streptopelia decaocto","Collared Dove",0.472754001617432,71822,"Q4","M1"
"Locustella luscinioides","Savi's Warbler",0.470433413982391,71822,"Q4","M1"
"Upupa epops","Eurasian Hoopoe",0.470235228538513,71822,"Q4","M1"
"Falco peregrinus","Peregrine Falcon",0.466161966323853,71822,"Q4","M1"
"Limosa limosa","Black-tailed Godwit",0.465237379074097,71822,"Q4","M1"
"Jynx torquilla","Eurasian Wryneck",0.463730454444885,71822,"Q4","M1"
"Strix uralensis","Ural Owl",0.462921321392059,71822,"Q4","M1"
"Crex crex","Corncrake",0.459262937307358,71822,"Q4","M1"
"Calidris minuta","Little Stint",0.452256500720978,71822,"Q4","M1"
"Calidris alba","Sanderling",0.451823830604553,71822,"Q4","M1"
"Charadrius dubius","Little Ringed Plover",0.451819509267807,71822,"Q4","M1"
"Circus pygargus","Montagu's Harrier",0.450350493192673,71822,"Q4","M1"
"Hydroprogne caspia","Caspian Tern",0.4497871696949,71822,"Q4","M1"
"Bubo bubo","Eurasian Eagle Owl",0.447759956121445,71822,"Q4","M1"
"Calidris ferruginea","Curlew Sandpiper",0.446918040513992,71822,"Q4","M1"
"Galerida cristata","Crested Lark",0.444665014743805,71822,"Q4","M1"
"Pinicola enucleator","Pine Grosbeak",0.444508939981461,71822,"Q4","M1"
"Dendrocopos leucotos","White-backed Woodpecker",0.444335460662842,71822,"Q4","M1"
"Larus cachinnans","Caspian Gull",0.443027526140213,71822,"Q4","M1"
"Clanga pomarina","Lesser Spotted Eagle",0.440379679203033,71822,"Q4","M1"
"Podiceps auritus","Slavonian Grebe",0.437577098608017,71822,"Q4","M1"
"Tetrao urogallus","Western Capercaillie",0.436879336833954,71822,"Q4","M1"
"Sternula albifrons","Little Tern",0.435806542634964,71822,"Q4","M1"
"Chlidonias leucopterus","White-winged Black Tern",0.431953758001328,71822,"Q4","M1"
"Picus viridis","Eurasian Green Woodpecker",0.421932876110077,71822,"Q4","M1"
"Phalaropus lobatus","Red-necked Phalarope",0.417162179946899,71822,"Q4","M1"
"Podiceps nigricollis","Black-necked Grebe",0.408811062574387,71822,"Q4","M1"
"Ciconia nigra","Black Stork",0.40064087510109,71822,"Q4","M1"
"Anthus campestris","Tawny Pipit",0.398516684770584,71822,"Q4","M1"
"Serinus serinus","European Serin",0.395377933979034,71822,"Q4","M1"
"Zapornia parva","Little Crake",0.393492132425308,71822,"Q4","M1"
"Calidris temminckii","Temminck's Stint",0.387687206268311,71822,"Q4","M1"
"Sterna paradisaea","Arctic Tern",0.387395828962326,71822,"Q4","M1"
"Locustella fluviatilis","River Warbler",0.387100636959076,71822,"Q4","M1"
"Caprimulgus europaeus","Eurasian Nightjar",0.384208112955093,71822,"Q4","M1"
"Locustella naevia","Common Grasshopper Warbler",0.380243450403214,71822,"Q4","M1"
"Strix nebulosa","Great Grey Owl",0.375196576118469,71822,"Q4","M1"
"Larus hyperboreus","Glaucous Gull",0.374639689922333,71822,"Q4","M1"
"Gallinago media","Great Snipe",0.36562979221344,71822,"Q4","M1"
"Anthus cervinus","Red-throated Pipit",0.365558087825775,71822,"Q4","M1"
"Calidris canutus","Red Knot",0.36538764834404,71822,"Q4","M1"
"Phylloscopus trochiloides","Greenish Warbler",0.365052878856659,71822,"Q4","M1"
"Thalasseus sandvicensis","Sandwich Tern",0.357511878013611,71822,"Q4","M1"
"Chlidonias hybrida","Whiskered Tern",0.35627144575119,71822,"Q4","M1"
"Regulus ignicapilla","Common Firecrest",0.355909764766693,71822,"Q4","M1"
"Emberiza calandra","Corn Bunting",0.354043930768967,71822,"Q4","M1"
"Porzana porzana","Spotted Crake",0.349775642156601,71822,"Q4","M1"
"Milvus migrans","Black Kite",0.344204753637314,71822,"Q4","M1"
"Luscinia svecica","Bluethroat",0.339670211076736,71822,"Q4","M1"
"Phasianus colchicus","Common Pheasant",0.338111788034439,71822,"Q4","M1"
"Calidris falcinellus","Broad-billed Sandpiper",0.335381507873535,71822,"Q4","M1"
"Acrocephalus dumetorum","Blyth's Reed Warbler",0.330336600542068,71822,"Q4","M1"
"Branta canadensis","Canada Goose",0.330292671918869,71822,"Q4","M1"
"Coturnix coturnix","Common Quail",0.329836934804916,71822,"Q4","M1"
"Limosa lapponica","Bar-tailed Godwit",0.329564213752747,71822,"Q4","M1"
"Milvus milvus","Red Kite",0.327772289514542,71822,"Q4","M1"
"Stercorarius parasiticus","Arctic Skua",0.327384889125824,71822,"Q4","M1"
"Cinclus cinclus","White-throated Dipper",0.324342578649521,71822,"Q4","M1"
"Falco vespertinus","Red-footed Falcon",0.322930037975311,71822,"Q4","M1"
"Loxia leucoptera","Two-barred Crossbill",0.322750896215439,71822,"Q4","M1"
"Arenaria interpres","Ruddy Turnstone",0.320851176977158,71822,"Q4","M1"
"Streptopelia turtur","European Turtle Dove",0.317256957292557,71822,"Q4","M1"
"Motacilla cinerea","Grey Wagtail",0.313092052936554,71822,"Q4","M1"
"Emberiza hortulana","Ortolan Bunting",0.310190975666046,71822,"Q4","M1"
"Stercorarius longicaudus","Long-tailed Skua",0.307190835475922,71822,"Q4","M1"
"Acrocephalus paludicola","Aquatic Warbler",0.298980444669724,71822,"Q4","M1"
"Ichthyaetus melanocephalus","Mediterranean Gull",0.296176552772522,71822,"Q4","M1"
"Surnia ulula","Northern Hawk Owl",0.293769299983978,71822,"Q4","M1"
"Acanthis hornemanni","Arctic Redpoll",0.272145926952362,71822,"Q4","M1"
"Uria aalge","Common Guillemot",0.270912557840347,71822,"Q4","M1"
"Recurvirostra avosetta","Pied Avocet",0.25690296292305,71822,"Q4","M1"
"Tringa stagnatilis","Marsh Sandpiper",0.250318169593811,71822,"Q4","M1"
"Stercorarius pomarinus","Pomarine Skua",0.249064937233925,71822,"Q4","M1"
"Coracias garrulus","European Roller",0.241903558373451,71822,"Q4","M1"
"Saxicola rubicola","European Stonechat",0.241883009672165,71822,"Q4","M1"
"Lagopus muta","Rock Ptarmigan",0.237831622362137,71822,"Q4","M1"
"Motacilla citreola","Citrine Wagtail",0.236363083124161,71822,"Q4","M1"
"Athene noctua","Little Owl",0.227146655321121,71822,"Q4","M1"
"Lagopus lagopus","Red Grouse/Willow Grouse",0.219379410147667,71822,"Q4","M1"
"Numenius phaeopus","Whimbrel",0.212948635220528,71822,"Q4","M1"
"Calidris maritima","Purple Sandpiper",0.212692752480507,71822,"Q4","M1"
"Ixobrychus minutus","Little Bittern",0.212192565202713,71822,"Q4","M1"
"Phylloscopus inornatus","Yellow-browed Warbler",0.203178718686104,71822,"Q4","M1"
"Aquila chrysaetos","Golden Eagle",0.19178132712841,71822,"Q4","M1"
"Merops apiaster","European Bee-eater",0.18801686167717,71822,"Q4","M1"
"Cepphus grylle","Black Guillemot",0.17143702507019,71822,"Q4","M1"
"Netta rufina","Red-crested Pochard",0.168830290436745,71822,"Q4","M1"
"Certhia brachydactyla","Short-toed Treecreeper",0.165455937385559,71822,"Q4","M1"
"Bubo scandiacus","Snowy Owl",0.160023659467697,71822,"Q4","M1"
"Ficedula albicollis","Collared Flycatcher",0.155205950140953,71822,"Q4","M1"
"Clanga clanga","Greater Spotted Eagle",0.137630686163902,71822,"Q4","M1"
"Tyto alba","Barn Owl",0.131373792886734,71822,"Q4","M1"
"Aythya nyroca","Ferruginous Duck",0.130951538681984,71822,"Q4","M1"
"Nycticorax nycticorax","Black-crowned Night Heron",0.130377724766731,71822,"Q4","M1"
"Stercorarius skua","Great Skua",0.126504719257355,71822,"Q4","M1"
"Anser brachyrhynchus","Pink-footed Goose",0.124441057443619,71822,"Q4","M1"
"Luscinia megarhynchos","Common Nightingale",0.118459463119507,71822,"Q4","M1"
"Charadrius morinellus","Eurasian Dotterel",0.113566868007183,71822,"Q4","M1"
"Gavia immer","Great Northern Diver",0.111864313483238,71822,"Q4","M1"
"Circaetus gallicus","Short-toed Eagle",0.110772706568241,71822,"Q4","M1"
"Turdus torquatus","Ring Ouzel",0.100035198032856,71822,"Q4","M1"
"Phalaropus fulicarius","Grey Phalarope",0.0992856696248055,71822,"Q4","M1"
"Tadorna ferruginea","Ruddy Shelduck",0.0977000370621681,71822,"Q4","M1"
"Acanthis cabaret","Lesser Redpoll",0.095077820122242,71822,"Q4","M1"
"Falco rusticolus","Gyr Falcon",0.0902283191680908,71822,"Q4","M1"
"Phylloscopus proregulus","Pallas's Warbler",0.0866606757044792,71822,"Q4","M1"
"Perisoreus infaustus","Siberian Jay",0.0822471082210541,71822,"Q4","M1"
"Iduna caligata","Booted Warbler",0.0794709995388985,71822,"Q4","M1"
"Anthus spinoletta","Water Pipit",0.0786567404866219,71822,"Q4","M1"
"Egretta garzetta","Little Egret",0.0771820694208145,71822,"Q4","M1"
"Hieraaetus pennatus","Booted Eagle",0.0739792734384537,71822,"Q4","M1"
"Dendrocopos syriacus","Syrian Woodpecker",0.072859063744545,71822,"Q4","M1"
"Cyanistes cyanus","Azure Tit",0.0699216574430466,71822,"Q4","M1"
"Gyps fulvus","Griffon Vulture",0.0682647228240967,71822,"Q4","M1"
"Platalea leucorodia","Eurasian Spoonbill",0.0679436102509499,71822,"Q4","M1"
"Emberiza rustica","Rustic Bunting",0.0611330643296242,71822,"Q4","M1"
"Anser erythropus","Lesser White-fronted Goose",0.0608159080147743,71822,"Q4","M1"
"Xenus cinereus","Terek Sandpiper",0.058229424059391,71822,"Q4","M1"
"Fulmarus glacialis","Northern Fulmar",0.056826788932085,71822,"Q4","M1"
"Lanius minor","Lesser Grey Shrike",0.0543307401239872,71822,"Q4","M1"
"Cercotrichas galactotes","Rufous-tailed Scrub Robin",0.0542677640914917,71822,"Q4","M1"
"Fratercula arctica","Atlantic Puffin",0.0507836118340492,71822,"Q4","M1"
"Monticola saxatilis","Common Rock Thrush",0.048588115721941,71822,"Q4","M1"
"Somateria spectabilis","King Eider",0.0475738905370235,71822,"Q4","M1"
"Lanius senator","Woodchat Shrike",0.0467003174126148,71822,"Q4","M1"
"Himantopus himantopus","Black-winged Stilt",0.0461416766047478,71822,"Q4","M1"
"Bubulcus ibis","Western Cattle Egret",0.0459232851862907,71822,"Q4","M1"
"Rissa tridactyla","Black-legged Kittiwake",0.0449805520474911,71822,"Q4","M1"
"Pyrrhocorax pyrrhocorax","Red-billed Chough",0.0449575744569302,71822,"Q4","M1"
"Anthus richardi","Richard's Pipit",0.0445051752030849,71822,"Q4","M1"
"Circus macrourus","Pallid Harrier",0.041844081133604,71822,"Q4","M1"
"Gavia adamsii","White-billed Diver",0.0398367531597614,71822,"Q4","M1"
"Prunella collaris","Alpine Accentor",0.0385114215314388,71822,"Q4","M1"
"Uria lomvia","Brünnich's Guillemot",0.0368070378899574,71822,"Q4","M1"
"Poecile cinctus","Siberian Tit",0.0349540486931801,71822,"Q4","M1"
"Merops persicus","Blue-cheeked Bee-eater",0.0306042395532131,71822,"Q4","M1"
"Aix galericulata","Mandarin Duck",0.0284713692963123,71822,"Q4","M1"
"Ardea purpurea","Purple Heron",0.0276118107140064,71822,"Q4","M1"
"Apus melba","Alpine Swift",0.0262800604104996,71822,"Q4","M1"
"Pyrrhocorax graculus","Alpine Chough",0.0259332694113255,71822,"Q4","M1"
"Glareola pratincola","Collared Pratincole",0.0237450189888477,71822,"Q4","M1"
"Emberiza cia","Rock Bunting",0.0236770231276751,71822,"Q4","M1"
"Anser caerulescens","Snow Goose",0.0231402236968279,71822,"Q4","M1"
"Ptyonoprogne rupestris","Eurasian Crag Martin",0.023112379014492,71822,"Q4","M1"
"Emberiza pusilla","Little Bunting",0.0211240891367197,71822,"Q4","M1"
"Iduna pallida","Eastern Olivaceous Warbler",0.0211185477674007,71822,"Q4","M1"
"Lanius borealis","Northern Shrike",0.0198805127292871,71822,"Q4","M1"
"Charadrius alexandrinus","Kentish Plover",0.0189847089350224,71822,"Q4","M1"
"Phoenicopterus roseus","Greater Flamingo",0.0182823650538921,71822,"Q4","M1"
"Falco naumanni","Lesser Kestrel",0.0181417111307383,71822,"Q4","M1"
"Cettia cetti","Cetti's Warbler",0.0173647403717041,71822,"Q4","M1"
"Otus scops","Eurasian Scops Owl",0.0166737399995327,71822,"Q4","M1"
"Pterocles orientalis","Black-bellied Sandgrouse",0.0163919050246477,71822,"Q4","M1"
"Passer hispaniolensis","Spanish Sparrow",0.0162122845649719,71822,"Q4","M1"
"Burhinus oedicnemus","Stone-curlew",0.0154588697478175,71822,"Q4","M1"
"Ardeola ralloides","Squacco Heron",0.0143098067492247,71822,"Q4","M1"
"Anser indicus","Bar-headed Goose",0.0126795209944248,71822,"Q4","M1"
"Melanocorypha calandra","Calandra Lark",0.0126530481502414,71822,"Q4","M1"
"Oenanthe melanoleuca","Eastern Black-eared Wheatear",0.0114882318302989,71822,"Q4","M1"
"Plegadis falcinellus","Glossy Ibis",0.0101549467071891,71822,"Q4","M1"
"Larus michahellis","Yellow-legged Gull",0.0100392298772931,71822,"Q4","M1"
"Corvus cornix","Hooded Crow",0.998572826385498,71823,"Q4","M2"
"Parus major","Great Tit",0.995923519134521,71823,"Q4","M2"
"Motacilla alba","Pied Wagtail/White Wagtail",0.982043385505676,71823,"Q4","M2"
"Anas platyrhynchos","Mallard",0.981024861335754,71823,"Q4","M2"
"Chroicocephalus ridibundus","Black-headed Gull",0.975831687450409,71823,"Q4","M2"
"Fringilla coelebs","Common Chaffinch",0.963931798934937,71823,"Q4","M2"
"Hirundo rustica","Barn Swallow",0.961737513542175,71823,"Q4","M2"
"Sturnus vulgaris","Common Starling",0.959630131721497,71823,"Q4","M2"
"Larus argentatus","Herring Gull",0.956215620040894,71823,"Q4","M2"
"Cyanistes caeruleus","Eurasian Blue Tit",0.954891502857208,71823,"Q4","M2"
"Apus apus","Common Swift",0.952978789806366,71823,"Q4","M2"
"Erithacus rubecula","European Robin",0.952437281608582,71823,"Q4","M2"
"Columba palumbus","Common Woodpigeon",0.943559646606445,71823,"Q4","M2"
"Turdus merula","Eurasian Blackbird",0.943134844303131,71823,"Q4","M2"
"Cygnus olor","Mute Swan",0.926934123039246,71823,"Q4","M2"
"Corvus monedula","Eurasian Jackdaw",0.923616528511047,71823,"Q4","M2"
"Turdus pilaris","Fieldfare",0.913476407527924,71823,"Q4","M2"
"Garrulus glandarius","Eurasian Jay",0.896894097328186,71823,"Q4","M2"
"Bucephala clangula","Common Goldeneye",0.895270824432373,71823,"Q4","M2"
"Passer montanus","Eurasian Tree Sparrow",0.894943714141846,71823,"Q4","M2"
"Ardea cinerea","Grey Heron",0.886899054050446,71823,"Q4","M2"
"Pica pica","Common Magpie",0.88268256187439,71823,"Q4","M2"
"Phylloscopus collybita","Common Chiffchaff",0.880872011184692,71823,"Q4","M2"
"Corvus corax","Common Raven",0.874332427978516,71823,"Q4","M2"
"Larus canus","Common Gull",0.872337996959686,71823,"Q4","M2"
"Troglodytes troglodytes","Eurasian Wren",0.871148824691772,71823,"Q4","M2"
"Alauda arvensis","Eurasian Skylark",0.865094065666199,71823,"Q4","M2"
"Emberiza citrinella","Yellowhammer",0.864466190338135,71823,"Q4","M2"
"Vanellus vanellus","Northern Lapwing",0.863707363605499,71823,"Q4","M2"
"Phalacrocorax carbo","Great Cormorant",0.862638354301453,71823,"Q4","M2"
"Phylloscopus trochilus","Willow Warbler",0.854628205299377,71823,"Q4","M2"
"Mergus merganser","Goosander",0.839985013008118,71823,"Q4","M2"
"Delichon urbicum","Western House Martin",0.839169859886169,71823,"Q4","M2"
"Sterna hirundo","Common Tern",0.836861073970795,71823,"Q4","M2"
"Curruca communis","Common Whitethroat",0.83354663848877,71823,"Q4","M2"
"Turdus philomelos","Song Thrush",0.829108357429504,71823,"Q4","M2"
"Sylvia atricapilla","Eurasian Blackcap",0.825742423534393,71823,"Q4","M2"
"Regulus regulus","Goldcrest",0.823880076408386,71823,"Q4","M2"
"Dendrocopos major","Great Spotted Woodpecker",0.821733713150024,71823,"Q4","M2"
"Anthus pratensis","Meadow Pipit",0.819649994373322,71823,"Q4","M2"
"Chloris chloris","European Greenfinch",0.818807721138,71823,"Q4","M2"
"Columba livia","Rock Dove",0.814473867416382,71823,"Q4","M2"
"Buteo buteo","Common Buzzard",0.807647347450256,71823,"Q4","M2"
"Carduelis carduelis","European Goldfinch",0.807530045509338,71823,"Q4","M2"
"Pyrrhula pyrrhula","Eurasian Bullfinch",0.797632694244385,71823,"Q4","M2"
"Podiceps cristatus","Great Crested Grebe",0.793908655643463,71823,"Q4","M2"
"Larus marinus","Great Black-backed Gull",0.792429149150848,71823,"Q4","M2"
"Cygnus cygnus","Whooper Swan",0.791456282138824,71823,"Q4","M2"
"Fulica atra","Eurasian Coot",0.785184741020203,71823,"Q4","M2"
"Corvus frugilegus","Rook",0.775898396968842,71823,"Q4","M2"
"Spinus spinus","Eurasian Siskin",0.775262475013733,71823,"Q4","M2"
"Passer domesticus","House Sparrow",0.771286010742188,71823,"Q4","M2"
"Certhia familiaris","Eurasian Treecreeper",0.770829081535339,71823,"Q4","M2"
"Linaria cannabina","Common Linnet",0.769358038902283,71823,"Q4","M2"
"Grus grus","Common Crane",0.762471318244934,71823,"Q4","M2"
"Cuculus canorus","Common Cuckoo",0.76231324672699,71823,"Q4","M2"
"Emberiza schoeniclus","Common Reed Bunting",0.75587123632431,71823,"Q4","M2"
"Accipiter nisus","Eurasian Sparrowhawk",0.751851081848145,71823,"Q4","M2"
"Sitta europaea","Eurasian Nuthatch",0.748216271400452,71823,"Q4","M2"
"Mareca penelope","Eurasian Wigeon",0.744551420211792,71823,"Q4","M2"
"Bombycilla garrulus","Bohemian Waxwing",0.74033659696579,71823,"Q4","M2"
"Fringilla montifringilla","Brambling",0.728150367736816,71823,"Q4","M2"
"Ficedula hypoleuca","European Pied Flycatcher",0.719597220420837,71823,"Q4","M2"
"Aythya fuligula","Tufted Duck",0.715452075004578,71823,"Q4","M2"
"Lophophanes cristatus","Crested Tit",0.714263796806335,71823,"Q4","M2"
"Gallinago gallinago","Common Snipe",0.708738923072815,71823,"Q4","M2"
"Saxicola rubetra","Whinchat",0.707136988639832,71823,"Q4","M2"
"Ardea alba","Great White Egret",0.705834150314331,71823,"Q4","M2"
"Luscinia luscinia","Thrush Nightingale",0.704218626022339,71823,"Q4","M2"
"Circus aeruginosus","Western Marsh Harrier",0.702264666557312,71823,"Q4","M2"
"Haliaeetus albicilla","White-tailed Eagle",0.699591636657715,71823,"Q4","M2"
"Calidris alpina","Dunlin",0.699164390563965,71823,"Q4","M2"
"Phylloscopus sibilatrix","Wood Warbler",0.695243835449219,71823,"Q4","M2"
"Coccothraustes coccothraustes","Hawfinch",0.69441145658493,71823,"Q4","M2"
"Anas crecca","Eurasian/Green-winged Teal",0.694389581680298,71823,"Q4","M2"
"Acrocephalus schoenobaenus","Sedge Warbler",0.693335890769958,71823,"Q4","M2"
"Muscicapa striata","Spotted Flycatcher",0.690621137619019,71823,"Q4","M2"
"Turdus iliacus","Redwing",0.68884801864624,71823,"Q4","M2"
"Ciconia ciconia","White Stork",0.687419652938843,71823,"Q4","M2"
"Anthus trivialis","Tree Pipit",0.687039196491241,71823,"Q4","M2"
"Poecile palustris","Marsh Tit",0.685480892658234,71823,"Q4","M2"
"Haematopus ostralegus","Eurasian Oystercatcher",0.684908509254456,71823,"Q4","M2"
"Phoenicurus ochruros","Black Redstart",0.6802659034729,71823,"Q4","M2"
"Lanius collurio","Red-backed Shrike",0.679261684417725,71823,"Q4","M2"
"Curruca curruca","Lesser Whitethroat",0.678040623664856,71823,"Q4","M2"
"Actitis hypoleucos","Common Sandpiper",0.67718505859375,71823,"Q4","M2"
"Periparus ater","Coal Tit",0.675202488899231,71823,"Q4","M2"
"Motacilla flava","Western Yellow Wagtail",0.674878597259521,71823,"Q4","M2"
"Anser albifrons","Greater White-fronted Goose",0.671224594116211,71823,"Q4","M2"
"Melanitta fusca","Velvet Scoter",0.668212413787842,71823,"Q4","M2"
"Larus fuscus","Lesser Black-backed Gull",0.663604557514191,71823,"Q4","M2"
"Aegithalos caudatus","Long-tailed Tit",0.663451552391052,71823,"Q4","M2"
"Circus cyaneus","Hen Harrier",0.66301417350769,71823,"Q4","M2"
"Phoenicurus phoenicurus","Common Redstart",0.661036849021912,71823,"Q4","M2"
"Tringa totanus","Common Redshank",0.659398257732391,71823,"Q4","M2"
"Dryocopus martius","Black Woodpecker",0.658641040325165,71823,"Q4","M2"
"Clangula hyemalis","Long-tailed Duck",0.656955003738403,71823,"Q4","M2"
"Branta leucopsis","Barnacle Goose",0.655644357204437,71823,"Q4","M2"
"Sylvia borin","Garden Warbler",0.65314257144928,71823,"Q4","M2"
"Oenanthe oenanthe","Northern Wheatear",0.65259176492691,71823,"Q4","M2"
"Tadorna tadorna","Common Shelduck",0.64872670173645,71823,"Q4","M2"
"Dryobates minor","Lesser Spotted Woodpecker",0.648705244064331,71823,"Q4","M2"
"Carpodacus erythrinus","Common Rosefinch",0.642575085163116,71823,"Q4","M2"
"Mergellus albellus","Smew",0.638144850730896,71823,"Q4","M2"
"Lanius excubitor","Great Grey Shrike",0.637813329696655,71823,"Q4","M2"
"Charadrius hiaticula","Common Ringed Plover",0.636663198471069,71823,"Q4","M2"
"Loxia curvirostra","Common Crossbill",0.635146379470825,71823,"Q4","M2"
"Prunella modularis","Dunnock",0.63471120595932,71823,"Q4","M2"
"Dendrocoptes medius","Middle Spotted Woodpecker",0.632397651672363,71823,"Q4","M2"
"Accipiter gentilis","Eurasian Goshawk",0.631697833538055,71823,"Q4","M2"
"Poecile montanus","Willow Tit",0.630535900592804,71823,"Q4","M2"
"Tringa nebularia","Common Greenshank",0.629351079463959,71823,"Q4","M2"
"Lullula arborea","Woodlark",0.628418326377869,71823,"Q4","M2"
"Acrocephalus arundinaceus","Great Reed Warbler",0.627461731433868,71823,"Q4","M2"
"Turdus viscivorus","Mistle Thrush",0.627368688583374,71823,"Q4","M2"
"Mareca strepera","Gadwall",0.619959354400635,71823,"Q4","M2"
"Hydrocoloeus minutus","Little Gull",0.617242336273193,71823,"Q4","M2"
"Aythya marila","Greater Scaup",0.615846395492554,71823,"Q4","M2"
"Hippolais icterina","Icterine Warbler",0.611122250556946,71823,"Q4","M2"
"Spatula clypeata","Northern Shoveler",0.608651161193848,71823,"Q4","M2"
"Melanitta nigra","Common Scoter",0.602725148200989,71823,"Q4","M2"
"Acrocephalus scirpaceus","Common Reed Warbler",0.598332047462463,71823,"Q4","M2"
"Alcedo atthis","Common Kingfisher",0.596748411655426,71823,"Q4","M2"
"Cygnus columbianus","Bewick's Swan",0.59562623500824,71823,"Q4","M2"
"Panurus biarmicus","Bearded Tit",0.594272196292877,71823,"Q4","M2"
"Calidris pugnax","Ruff",0.592650651931763,71823,"Q4","M2"
"Riparia riparia","Sand Martin",0.587126851081848,71823,"Q4","M2"
"Gallinula chloropus","Common Moorhen",0.587036848068237,71823,"Q4","M2"
"Chlidonias niger","Black Tern",0.586963176727295,71823,"Q4","M2"
"Acrocephalus palustris","Marsh Warbler",0.586689710617065,71823,"Q4","M2"
"Tringa glareola","Wood Sandpiper",0.586107611656189,71823,"Q4","M2"
"Pluvialis apricaria","European Golden Plover",0.584082126617432,71823,"Q4","M2"
"Mergus serrator","Red-breasted Merganser",0.584048628807068,71823,"Q4","M2"
"Anser anser","Greylag Goose",0.577642440795898,71823,"Q4","M2"
"Botaurus stellaris","Great Bittern",0.576680064201355,71823,"Q4","M2"
"Rallus aquaticus","Water Rail",0.57614141702652,71823,"Q4","M2"
"Tringa ochropus","Green Sandpiper",0.575499296188354,71823,"Q4","M2"
"Acanthis flammea","Common Redpoll",0.575154185295105,71823,"Q4","M2"
"Buteo lagopus","Rough-legged Buzzard",0.574128866195679,71823,"Q4","M2"
"Oriolus oriolus","Eurasian Golden Oriole",0.573529362678528,71823,"Q4","M2"
"Anas acuta","Northern Pintail",0.573520660400391,71823,"Q4","M2"
"Numenius arquata","Eurasian Curlew",0.570595800876617,71823,"Q4","M2"
"Aythya ferina","Common Pochard",0.569961667060852,71823,"Q4","M2"
"Columba oenas","Stock Dove",0.569653153419495,71823,"Q4","M2"
"Nucifraga caryocatactes","Spotted Nutcracker",0.565924823284149,71823,"Q4","M2"
"Perdix perdix","Grey Partridge",0.564660549163818,71823,"Q4","M2"
"Branta bernicla","Brent Goose",0.562658667564392,71823,"Q4","M2"
"Tachybaptus ruficollis","Little Grebe",0.555394351482391,71823,"Q4","M2"
"Remiz pendulinus","Eurasian Penduline Tit",0.548878729343414,71823,"Q4","M2"
"Asio otus","Long-eared Owl",0.546558856964111,71823,"Q4","M2"
"Spatula querquedula","Garganey",0.545806169509888,71823,"Q4","M2"
"Aegolius funereus","Tengmalm's Owl",0.545040249824524,71823,"Q4","M2"
"Podiceps grisegena","Red-necked Grebe",0.544103264808655,71823,"Q4","M2"
"Gavia stellata","Red-throated Diver",0.543904423713684,71823,"Q4","M2"
"Scolopax rusticola","Eurasian Woodcock",0.53815233707428,71823,"Q4","M2"
"Falco columbarius","Merlin",0.536519408226013,71823,"Q4","M2"
"Plectrophenax nivalis","Snow Bunting",0.536145329475403,71823,"Q4","M2"
"Glaucidium passerinum","Eurasian Pygmy-Owl",0.535698652267456,71823,"Q4","M2"
"Gavia arctica","Black-throated Diver",0.534093976020813,71823,"Q4","M2"
"Falco tinnunculus","Common Kestrel",0.533947110176086,71823,"Q4","M2"
"Pluvialis squatarola","Grey Plover",0.528892517089844,71823,"Q4","M2"
"Falco subbuteo","Eurasian Hobby",0.523718357086182,71823,"Q4","M2"
"Pandion haliaetus","Osprey",0.52325838804245,71823,"Q4","M2"
"Calcarius lapponicus","Lapland Bunting",0.517119288444519,71823,"Q4","M2"
"Picus canus","Grey-headed Woodpecker",0.516400873661041,71823,"Q4","M2"
"Anser serrirostris","Tundra Bean Goose",0.513130187988281,71823,"Q4","M2"
"Ficedula parva","Red-breasted Flycatcher",0.51296329498291,71823,"Q4","M2"
"Strix aluco","Tawny Owl",0.512751519680023,71823,"Q4","M2"
"Anthus petrosus","Rock Pipit",0.506763815879822,71823,"Q4","M2"
"Lyrurus tetrix","Black Grouse",0.505453109741211,71823,"Q4","M2"
"Somateria mollissima","Common Eider",0.504621863365173,71823,"Q4","M2"
"Lymnocryptes minimus","Jack Snipe",0.503160119056702,71823,"Q4","M2"
"Eremophila alpestris","Shore Lark",0.501527369022369,71823,"Q4","M2"
"Loxia pytyopsittacus","Parrot Crossbill",0.496993839740753,71823,"Q4","M2"
"Pernis apivorus","European Honey-buzzard",0.495149791240692,71823,"Q4","M2"
"Anser fabalis","Taiga Bean Goose",0.494145929813385,71823,"Q4","M2"
"Curruca nisoria","Barred Warbler",0.494094997644424,71823,"Q4","M2"
"Tetrastes bonasia","Hazel Grouse",0.490829646587372,71823,"Q4","M2"
"Picoides tridactylus","Eurasian Three-toed Woodpecker",0.490727961063385,71823,"Q4","M2"
"Alca torda","Razorbill",0.486539959907532,71823,"Q4","M2"
"Linaria flavirostris","Twite",0.484162300825119,71823,"Q4","M2"
"Asio flammeus","Short-eared Owl",0.48386812210083,71823,"Q4","M2"
"Tringa erythropus","Spotted Redshank",0.480662405490875,71823,"Q4","M2"
"Upupa epops","Eurasian Hoopoe",0.478130221366882,71823,"Q4","M2"
"Locustella luscinioides","Savi's Warbler",0.478064447641373,71823,"Q4","M2"
"Jynx torquilla","Eurasian Wryneck",0.474830001592636,71823,"Q4","M2"
"Limosa limosa","Black-tailed Godwit",0.473413735628128,71823,"Q4","M2"
"Falco peregrinus","Peregrine Falcon",0.47286856174469,71823,"Q4","M2"
"Strix uralensis","Ural Owl",0.472659468650818,71823,"Q4","M2"
"Streptopelia decaocto","Collared Dove",0.472333937883377,71823,"Q4","M2"
"Crex crex","Corncrake",0.467151045799255,71823,"Q4","M2"
"Bubo bubo","Eurasian Eagle Owl",0.459642112255096,71823,"Q4","M2"
"Charadrius dubius","Little Ringed Plover",0.459495931863785,71823,"Q4","M2"
"Calidris minuta","Little Stint",0.459055006504059,71823,"Q4","M2"
"Dendrocopos leucotos","White-backed Woodpecker",0.4582439661026,71823,"Q4","M2"
"Calidris alba","Sanderling",0.457870990037918,71823,"Q4","M2"
"Circus pygargus","Montagu's Harrier",0.45669612288475,71823,"Q4","M2"
"Calidris ferruginea","Curlew Sandpiper",0.453884273767471,71823,"Q4","M2"
"Galerida cristata","Crested Lark",0.451241105794907,71823,"Q4","M2"
"Clanga pomarina","Lesser Spotted Eagle",0.451017141342163,71823,"Q4","M2"
"Pinicola enucleator","Pine Grosbeak",0.449470698833466,71823,"Q4","M2"
"Hydroprogne caspia","Caspian Tern",0.448262631893158,71823,"Q4","M2"
"Podiceps auritus","Slavonian Grebe",0.447287172079086,71823,"Q4","M2"
"Tetrao urogallus","Western Capercaillie",0.444941610097885,71823,"Q4","M2"
"Larus cachinnans","Caspian Gull",0.43947222828865,71823,"Q4","M2"
"Sternula albifrons","Little Tern",0.43925666809082,71823,"Q4","M2"
"Chlidonias leucopterus","White-winged Black Tern",0.438684314489365,71823,"Q4","M2"
"Picus viridis","Eurasian Green Woodpecker",0.428091645240784,71823,"Q4","M2"
"Phalaropus lobatus","Red-necked Phalarope",0.42343133687973,71823,"Q4","M2"
"Podiceps nigricollis","Black-necked Grebe",0.416487962007523,71823,"Q4","M2"
"Ciconia nigra","Black Stork",0.409362852573395,71823,"Q4","M2"
"Anthus campestris","Tawny Pipit",0.405537068843842,71823,"Q4","M2"
"Zapornia parva","Little Crake",0.405479282140732,71823,"Q4","M2"
"Serinus serinus","European Serin",0.403772711753845,71823,"Q4","M2"
"Calidris temminckii","Temminck's Stint",0.395591676235199,71823,"Q4","M2"
"Caprimulgus europaeus","Eurasian Nightjar",0.392733484506607,71823,"Q4","M2"
"Locustella fluviatilis","River Warbler",0.392506629228592,71823,"Q4","M2"
"Sterna paradisaea","Arctic Tern",0.392132967710495,71823,"Q4","M2"
"Locustella naevia","Common Grasshopper Warbler",0.387312144041061,71823,"Q4","M2"
"Strix nebulosa","Great Grey Owl",0.381925761699677,71823,"Q4","M2"
"Larus hyperboreus","Glaucous Gull",0.380092740058899,71823,"Q4","M2"
"Phylloscopus trochiloides","Greenish Warbler",0.377734929323196,71823,"Q4","M2"
"Gallinago media","Great Snipe",0.374748319387436,71823,"Q4","M2"
"Anthus cervinus","Red-throated Pipit",0.374589949846268,71823,"Q4","M2"
"Calidris canutus","Red Knot",0.368284463882446,71823,"Q4","M2"
"Regulus ignicapilla","Common Firecrest",0.362980157136917,71823,"Q4","M2"
"Chlidonias hybrida","Whiskered Tern",0.360818207263947,71823,"Q4","M2"
"Porzana porzana","Spotted Crake",0.358204424381256,71823,"Q4","M2"
"Emberiza calandra","Corn Bunting",0.356620013713837,71823,"Q4","M2"
"Thalasseus sandvicensis","Sandwich Tern",0.35589200258255,71823,"Q4","M2"
"Milvus migrans","Black Kite",0.354768663644791,71823,"Q4","M2"
"Luscinia svecica","Bluethroat",0.348919183015823,71823,"Q4","M2"
"Acrocephalus dumetorum","Blyth's Reed Warbler",0.346461981534958,71823,"Q4","M2"
"Calidris falcinellus","Broad-billed Sandpiper",0.345152765512466,71823,"Q4","M2"
"Limosa lapponica","Bar-tailed Godwit",0.338140040636063,71823,"Q4","M2"
"Coturnix coturnix","Common Quail",0.338063716888428,71823,"Q4","M2"
"Stercorarius parasiticus","Arctic Skua",0.335934519767761,71823,"Q4","M2"
"Phasianus colchicus","Common Pheasant",0.333547055721283,71823,"Q4","M2"
"Falco vespertinus","Red-footed Falcon",0.33247771859169,71823,"Q4","M2"
"Branta canadensis","Canada Goose",0.33010521531105,71823,"Q4","M2"
"Streptopelia turtur","European Turtle Dove",0.329072713851929,71823,"Q4","M2"
"Loxia leucoptera","Two-barred Crossbill",0.328739702701569,71823,"Q4","M2"
"Cinclus cinclus","White-throated Dipper",0.328554570674896,71823,"Q4","M2"
"Milvus milvus","Red Kite",0.327935874462128,71823,"Q4","M2"
"Arenaria interpres","Ruddy Turnstone",0.326258510351181,71823,"Q4","M2"
"Emberiza hortulana","Ortolan Bunting",0.316239416599274,71823,"Q4","M2"
"Motacilla cinerea","Grey Wagtail",0.314755201339722,71823,"Q4","M2"
"Stercorarius longicaudus","Long-tailed Skua",0.311816334724426,71823,"Q4","M2"
"Acrocephalus paludicola","Aquatic Warbler",0.306694507598877,71823,"Q4","M2"
"Surnia ulula","Northern Hawk Owl",0.300940960645676,71823,"Q4","M2"
"Ichthyaetus melanocephalus","Mediterranean Gull",0.300911962985992,71823,"Q4","M2"
"Acanthis hornemanni","Arctic Redpoll",0.279147356748581,71823,"Q4","M2"
"Uria aalge","Common Guillemot",0.26986375451088,71823,"Q4","M2"
"Recurvirostra avosetta","Pied Avocet",0.260214447975159,71823,"Q4","M2"
"Tringa stagnatilis","Marsh Sandpiper",0.259658753871918,71823,"Q4","M2"
"Stercorarius pomarinus","Pomarine Skua",0.254526823759079,71823,"Q4","M2"
"Coracias garrulus","European Roller",0.249813213944435,71823,"Q4","M2"
"Motacilla citreola","Citrine Wagtail",0.244190946221352,71823,"Q4","M2"
"Saxicola rubicola","European Stonechat",0.24369503557682,71823,"Q4","M2"
"Lagopus muta","Rock Ptarmigan",0.24227936565876,71823,"Q4","M2"
"Athene noctua","Little Owl",0.235742032527924,71823,"Q4","M2"
"Lagopus lagopus","Red Grouse/Willow Grouse",0.226269066333771,71823,"Q4","M2"
"Ixobrychus minutus","Little Bittern",0.219695851206779,71823,"Q4","M2"
"Numenius phaeopus","Whimbrel",0.2175562530756,71823,"Q4","M2"
"Calidris maritima","Purple Sandpiper",0.216579869389534,71823,"Q4","M2"
"Phylloscopus inornatus","Yellow-browed Warbler",0.208896338939667,71823,"Q4","M2"
"Aquila chrysaetos","Golden Eagle",0.197907701134682,71823,"Q4","M2"
"Merops apiaster","European Bee-eater",0.195414528250694,71823,"Q4","M2"
"Cepphus grylle","Black Guillemot",0.174812242388725,71823,"Q4","M2"
"Netta rufina","Red-crested Pochard",0.172811284661293,71823,"Q4","M2"
"Certhia brachydactyla","Short-toed Treecreeper",0.166000708937645,71823,"Q4","M2"
"Bubo scandiacus","Snowy Owl",0.163226470351219,71823,"Q4","M2"
"Ficedula albicollis","Collared Flycatcher",0.161742150783539,71823,"Q4","M2"
"Clanga clanga","Greater Spotted Eagle",0.143067255616188,71823,"Q4","M2"
"Aythya nyroca","Ferruginous Duck",0.133469015359879,71823,"Q4","M2"
"Nycticorax nycticorax","Black-crowned Night Heron",0.132812187075615,71823,"Q4","M2"
"Tyto alba","Barn Owl",0.131653487682343,71823,"Q4","M2"
"Stercorarius skua","Great Skua",0.130434721708298,71823,"Q4","M2"
"Anser brachyrhynchus","Pink-footed Goose",0.118304066359997,71823,"Q4","M2"
"Luscinia megarhynchos","Common Nightingale",0.116584032773972,71823,"Q4","M2"
"Circaetus gallicus","Short-toed Eagle",0.116581842303276,71823,"Q4","M2"
"Charadrius morinellus","Eurasian Dotterel",0.115412212908268,71823,"Q4","M2"
"Gavia immer","Great Northern Diver",0.114009641110897,71823,"Q4","M2"
"Phalaropus fulicarius","Grey Phalarope",0.103137716650963,71823,"Q4","M2"
"Tadorna ferruginea","Ruddy Shelduck",0.10166285187006,71823,"Q4","M2"
"Turdus torquatus","Ring Ouzel",0.100937731564045,71823,"Q4","M2"
"Falco rusticolus","Gyr Falcon",0.0939136445522308,71823,"Q4","M2"
"Phylloscopus proregulus","Pallas's Warbler",0.090634249150753,71823,"Q4","M2"
"Perisoreus infaustus","Siberian Jay",0.0879909321665764,71823,"Q4","M2"
"Acanthis cabaret","Lesser Redpoll",0.0861708521842957,71823,"Q4","M2"
"Iduna caligata","Booted Warbler",0.0852386876940727,71823,"Q4","M2"
"Egretta garzetta","Little Egret",0.0787877514958382,71823,"Q4","M2"
"Anthus spinoletta","Water Pipit",0.07875756919384,71823,"Q4","M2"
"Hieraaetus pennatus","Booted Eagle",0.0770306289196014,71823,"Q4","M2"
"Dendrocopos syriacus","Syrian Woodpecker",0.0747538283467293,71823,"Q4","M2"
"Cyanistes cyanus","Azure Tit",0.0738475173711777,71823,"Q4","M2"
"Gyps fulvus","Griffon Vulture",0.069712869822979,71823,"Q4","M2"
"Platalea leucorodia","Eurasian Spoonbill",0.0686173811554909,71823,"Q4","M2"
"Emberiza rustica","Rustic Bunting",0.0658018887042999,71823,"Q4","M2"
"Anser erythropus","Lesser White-fronted Goose",0.0640293136239052,71823,"Q4","M2"
"Xenus cinereus","Terek Sandpiper",0.061452828347683,71823,"Q4","M2"
"Fulmarus glacialis","Northern Fulmar",0.0591990984976292,71823,"Q4","M2"
"Lanius minor","Lesser Grey Shrike",0.057530365884304,71823,"Q4","M2"
"Cercotrichas galactotes","Rufous-tailed Scrub Robin",0.0568458437919617,71823,"Q4","M2"
"Fratercula arctica","Atlantic Puffin",0.0518137589097023,71823,"Q4","M2"
"Monticola saxatilis","Common Rock Thrush",0.0499524064362049,71823,"Q4","M2"
"Somateria spectabilis","King Eider",0.048888523131609,71823,"Q4","M2"
"Himantopus himantopus","Black-winged Stilt",0.0478962548077106,71823,"Q4","M2"
"Lanius senator","Woodchat Shrike",0.0475846976041794,71823,"Q4","M2"
"Bubulcus ibis","Western Cattle Egret",0.0470692552626133,71823,"Q4","M2"
"Anthus richardi","Richard's Pipit",0.0468056462705135,71823,"Q4","M2"
"Rissa tridactyla","Black-legged Kittiwake",0.0467841885983944,71823,"Q4","M2"
"Pyrrhocorax pyrrhocorax","Red-billed Chough",0.0461599193513393,71823,"Q4","M2"
"Circus macrourus","Pallid Harrier",0.0439832508563995,71823,"Q4","M2"
"Gavia adamsii","White-billed Diver",0.0420008338987827,71823,"Q4","M2"
"Prunella collaris","Alpine Accentor",0.0394606441259384,71823,"Q4","M2"
"Uria lomvia","Brünnich's Guillemot",0.0378526039421558,71823,"Q4","M2"
"Poecile cinctus","Siberian Tit",0.0373854264616966,71823,"Q4","M2"
"Merops persicus","Blue-cheeked Bee-eater",0.0323099717497826,71823,"Q4","M2"
"Ardea purpurea","Purple Heron",0.028256069868803,71823,"Q4","M2"
"Apus melba","Alpine Swift",0.0274120848625898,71823,"Q4","M2"
"Aix galericulata","Mandarin Duck",0.0272442884743214,71823,"Q4","M2"
"Pyrrhocorax graculus","Alpine Chough",0.0269843190908432,71823,"Q4","M2"
"Glareola pratincola","Collared Pratincole",0.0249801967293024,71823,"Q4","M2"
"Emberiza cia","Rock Bunting",0.0245001595467329,71823,"Q4","M2"
"Ptyonoprogne rupestris","Eurasian Crag Martin",0.0239801984280348,71823,"Q4","M2"
"Emberiza pusilla","Little Bunting",0.0228626728057861,71823,"Q4","M2"
"Anser caerulescens","Snow Goose",0.0225291009992361,71823,"Q4","M2"
"Iduna pallida","Eastern Olivaceous Warbler",0.0220191385596991,71823,"Q4","M2"
"Lanius borealis","Northern Shrike",0.0198309682309628,71823,"Q4","M2"
"Charadrius alexandrinus","Kentish Plover",0.0194880086928606,71823,"Q4","M2"
"Falco naumanni","Lesser Kestrel",0.0187696292996407,71823,"Q4","M2"
"Cettia cetti","Cetti's Warbler",0.0182286743074656,71823,"Q4","M2"
"Phoenicopterus roseus","Greater Flamingo",0.0180982779711485,71823,"Q4","M2"
"Pterocles orientalis","Black-bellied Sandgrouse",0.0174135118722916,71823,"Q4","M2"
"Otus scops","Eurasian Scops Owl",0.0173478666692972,71823,"Q4","M2"
"Passer hispaniolensis","Spanish Sparrow",0.0169338714331388,71823,"Q4","M2"
"Burhinus oedicnemus","Stone-curlew",0.0160754267126322,71823,"Q4","M2"
"Ardeola ralloides","Squacco Heron",0.0147405080497265,71823,"Q4","M2"
"Melanocorypha calandra","Calandra Lark",0.0134935406967998,71823,"Q4","M2"
"Anser indicus","Bar-headed Goose",0.0124006737023592,71823,"Q4","M2"
"Oenanthe melanoleuca","Eastern Black-eared Wheatear",0.0121177146211267,71823,"Q4","M2"
"Tarsiger cyanurus","Red-flanked Bluetail",0.0107955504208803,71823,"Q4","M2"
"Aegypius monachus","Black Vulture",0.0105368494987488,71823,"Q4","M2"
"Plegadis falcinellus","Glossy Ibis",0.0105263441801071,71823,"Q4","M2"
"Larus michahellis","Yellow-legged Gull",0.0103763015940785,71823,"Q4","M2"
"Aquila heliaca","Imperial Eagle",0.0103024700656533,71823,"Q4","M2"
"Calandrella brachydactyla","Greater Short-toed Lark",0.010196746326983,71823,"Q4","M2"
"Corvus cornix","Hooded Crow",0.998635649681091,71824,"Q4","M3"
"Parus major","Great Tit",0.996002376079559,71824,"Q4","M3"
"Motacilla alba","Pied Wagtail/White Wagtail",0.982439279556274,71824,"Q4","M3"
"Anas platyrhynchos","Mallard",0.981181561946869,71824,"Q4","M3"
"Chroicocephalus ridibundus","Black-headed Gull",0.975773751735687,71824,"Q4","M3"
"Fringilla coelebs","Common Chaffinch",0.964354634284973,71824,"Q4","M3"
"Hirundo rustica","Barn Swallow",0.962187588214874,71824,"Q4","M3"
"Sturnus vulgaris","Common Starling",0.95930403470993,71824,"Q4","M3"
"Cyanistes caeruleus","Eurasian Blue Tit",0.956185817718506,71824,"Q4","M3"
"Larus argentatus","Herring Gull",0.955768406391144,71824,"Q4","M3"
"Apus apus","Common Swift",0.955037772655487,71824,"Q4","M3"
"Erithacus rubecula","European Robin",0.953588366508484,71824,"Q4","M3"
"Columba palumbus","Common Woodpigeon",0.943499147891998,71824,"Q4","M3"
"Turdus merula","Eurasian Blackbird",0.943173587322235,71824,"Q4","M3"
"Corvus monedula","Eurasian Jackdaw",0.925101518630981,71824,"Q4","M3"
"Cygnus olor","Mute Swan",0.925069272518158,71824,"Q4","M3"
"Turdus pilaris","Fieldfare",0.914482712745667,71824,"Q4","M3"
"Passer montanus","Eurasian Tree Sparrow",0.89824903011322,71824,"Q4","M3"
"Garrulus glandarius","Eurasian Jay",0.897868752479553,71824,"Q4","M3"
"Bucephala clangula","Common Goldeneye",0.895971179008484,71824,"Q4","M3"
"Ardea cinerea","Grey Heron",0.886250376701355,71824,"Q4","M3"
"Pica pica","Common Magpie",0.884933829307556,71824,"Q4","M3"
"Phylloscopus collybita","Common Chiffchaff",0.88374662399292,71824,"Q4","M3"
"Corvus corax","Common Raven",0.877651751041412,71824,"Q4","M3"
"Larus canus","Common Gull",0.873363852500916,71824,"Q4","M3"
"Troglodytes troglodytes","Eurasian Wren",0.872373819351196,71824,"Q4","M3"
"Alauda arvensis","Eurasian Skylark",0.86587917804718,71824,"Q4","M3"
"Emberiza citrinella","Yellowhammer",0.865654051303864,71824,"Q4","M3"
"Vanellus vanellus","Northern Lapwing",0.863634943962097,71824,"Q4","M3"
"Phalacrocorax carbo","Great Cormorant",0.859069406986237,71824,"Q4","M3"
"Phylloscopus trochilus","Willow Warbler",0.857515811920166,71824,"Q4","M3"
"Delichon urbicum","Western House Martin",0.841496348381042,71824,"Q4","M3"
"Sterna hirundo","Common Tern",0.841275334358215,71824,"Q4","M3"
"Mergus merganser","Goosander",0.839770615100861,71824,"Q4","M3"
"Curruca communis","Common Whitethroat",0.83558988571167,71824,"Q4","M3"
"Turdus philomelos","Song Thrush",0.83184003829956,71824,"Q4","M3"
"Sylvia atricapilla","Eurasian Blackcap",0.828109979629517,71824,"Q4","M3"
"Regulus regulus","Goldcrest",0.827624201774597,71824,"Q4","M3"
"Dendrocopos major","Great Spotted Woodpecker",0.82645970582962,71824,"Q4","M3"
"Chloris chloris","European Greenfinch",0.823396325111389,71824,"Q4","M3"
"Anthus pratensis","Meadow Pipit",0.821068525314331,71824,"Q4","M3"
"Columba livia","Rock Dove",0.820918440818787,71824,"Q4","M3"
"Carduelis carduelis","European Goldfinch",0.810933828353882,71824,"Q4","M3"
"Buteo buteo","Common Buzzard",0.807994246482849,71824,"Q4","M3"
"Pyrrhula pyrrhula","Eurasian Bullfinch",0.80310845375061,71824,"Q4","M3"
"Podiceps cristatus","Great Crested Grebe",0.799039006233215,71824,"Q4","M3"
"Cygnus cygnus","Whooper Swan",0.794616222381592,71824,"Q4","M3"
"Larus marinus","Great Black-backed Gull",0.791502594947815,71824,"Q4","M3"
"Fulica atra","Eurasian Coot",0.791283965110779,71824,"Q4","M3"
"Certhia familiaris","Eurasian Treecreeper",0.779617428779602,71824,"Q4","M3"
"Spinus spinus","Eurasian Siskin",0.779307186603546,71824,"Q4","M3"
"Corvus frugilegus","Rook",0.776939630508423,71824,"Q4","M3"
"Passer domesticus","House Sparrow",0.771727800369263,71824,"Q4","M3"
"Linaria cannabina","Common Linnet",0.770448625087738,71824,"Q4","M3"
"Cuculus canorus","Common Cuckoo",0.768068909645081,71824,"Q4","M3"
"Grus grus","Common Crane",0.760562241077423,71824,"Q4","M3"
"Emberiza schoeniclus","Common Reed Bunting",0.758036673069,71824,"Q4","M3"
"Accipiter nisus","Eurasian Sparrowhawk",0.755542278289795,71824,"Q4","M3"
"Sitta europaea","Eurasian Nuthatch",0.754992306232452,71824,"Q4","M3"
"Mareca penelope","Eurasian Wigeon",0.74919992685318,71824,"Q4","M3"
"Bombycilla garrulus","Bohemian Waxwing",0.74532675743103,71824,"Q4","M3"
"Fringilla montifringilla","Brambling",0.731977105140686,71824,"Q4","M3"
"Ficedula hypoleuca","European Pied Flycatcher",0.726881265640259,71824,"Q4","M3"
"Aythya fuligula","Tufted Duck",0.724269568920135,71824,"Q4","M3"
"Lophophanes cristatus","Crested Tit",0.722801566123962,71824,"Q4","M3"
"Gallinago gallinago","Common Snipe",0.714195489883423,71824,"Q4","M3"
"Luscinia luscinia","Thrush Nightingale",0.713136553764343,71824,"Q4","M3"
"Saxicola rubetra","Whinchat",0.712559223175049,71824,"Q4","M3"
"Ardea alba","Great White Egret",0.709985494613647,71824,"Q4","M3"
"Circus aeruginosus","Western Marsh Harrier",0.703050434589386,71824,"Q4","M3"
"Phylloscopus sibilatrix","Wood Warbler",0.702696323394775,71824,"Q4","M3"
"Calidris alpina","Dunlin",0.702412128448486,71824,"Q4","M3"
"Coccothraustes coccothraustes","Hawfinch",0.70084285736084,71824,"Q4","M3"
"Haliaeetus albicilla","White-tailed Eagle",0.700191378593445,71824,"Q4","M3"
"Anas crecca","Eurasian/Green-winged Teal",0.699941396713257,71824,"Q4","M3"
"Acrocephalus schoenobaenus","Sedge Warbler",0.699539363384247,71824,"Q4","M3"
"Muscicapa striata","Spotted Flycatcher",0.69819438457489,71824,"Q4","M3"
"Turdus iliacus","Redwing",0.693964838981628,71824,"Q4","M3"
"Anthus trivialis","Tree Pipit",0.693949580192566,71824,"Q4","M3"
"Haematopus ostralegus","Eurasian Oystercatcher",0.691219925880432,71824,"Q4","M3"
"Ciconia ciconia","White Stork",0.691083312034607,71824,"Q4","M3"
"Poecile palustris","Marsh Tit",0.68964010477066,71824,"Q4","M3"
"Phoenicurus ochruros","Black Redstart",0.686018466949463,71824,"Q4","M3"
"Periparus ater","Coal Tit",0.684848487377167,71824,"Q4","M3"
"Actitis hypoleucos","Common Sandpiper",0.683015465736389,71824,"Q4","M3"
"Lanius collurio","Red-backed Shrike",0.682791173458099,71824,"Q4","M3"
"Curruca curruca","Lesser Whitethroat",0.680977702140808,71824,"Q4","M3"
"Anser albifrons","Greater White-fronted Goose",0.67946869134903,71824,"Q4","M3"
"Motacilla flava","Western Yellow Wagtail",0.679396033287048,71824,"Q4","M3"
"Larus fuscus","Lesser Black-backed Gull",0.672839879989624,71824,"Q4","M3"
"Melanitta fusca","Velvet Scoter",0.67261153459549,71824,"Q4","M3"
"Aegithalos caudatus","Long-tailed Tit",0.672388672828674,71824,"Q4","M3"
"Circus cyaneus","Hen Harrier",0.670955657958984,71824,"Q4","M3"
"Dryocopus martius","Black Woodpecker",0.666470527648926,71824,"Q4","M3"
"Phoenicurus phoenicurus","Common Redstart",0.665876865386963,71824,"Q4","M3"
"Sylvia borin","Garden Warbler",0.662765860557556,71824,"Q4","M3"
"Tringa totanus","Common Redshank",0.661894738674164,71824,"Q4","M3"
"Branta leucopsis","Barnacle Goose",0.659851431846619,71824,"Q4","M3"
"Oenanthe oenanthe","Northern Wheatear",0.658058404922485,71824,"Q4","M3"
"Clangula hyemalis","Long-tailed Duck",0.657269954681396,71824,"Q4","M3"
"Dryobates minor","Lesser Spotted Woodpecker",0.655728697776794,71824,"Q4","M3"
"Carpodacus erythrinus","Common Rosefinch",0.652137637138367,71824,"Q4","M3"
"Tadorna tadorna","Common Shelduck",0.651350557804108,71824,"Q4","M3"
"Mergellus albellus","Smew",0.646531581878662,71824,"Q4","M3"
"Lanius excubitor","Great Grey Shrike",0.645619034767151,71824,"Q4","M3"
"Dendrocoptes medius","Middle Spotted Woodpecker",0.642577528953552,71824,"Q4","M3"
"Charadrius hiaticula","Common Ringed Plover",0.642061233520508,71824,"Q4","M3"
"Loxia curvirostra","Common Crossbill",0.641469478607178,71824,"Q4","M3"
"Poecile montanus","Willow Tit",0.641240477561951,71824,"Q4","M3"
"Prunella modularis","Dunnock",0.639628112316132,71824,"Q4","M3"
"Accipiter gentilis","Eurasian Goshawk",0.638993859291077,71824,"Q4","M3"
"Lullula arborea","Woodlark",0.638557076454163,71824,"Q4","M3"
"Tringa nebularia","Common Greenshank",0.634341478347778,71824,"Q4","M3"
"Turdus viscivorus","Mistle Thrush",0.633822798728943,71824,"Q4","M3"
"Acrocephalus arundinaceus","Great Reed Warbler",0.631272554397583,71824,"Q4","M3"
"Mareca strepera","Gadwall",0.627568304538727,71824,"Q4","M3"
"Aythya marila","Greater Scaup",0.624804854393005,71824,"Q4","M3"
"Hydrocoloeus minutus","Little Gull",0.622407257556915,71824,"Q4","M3"
"Spatula clypeata","Northern Shoveler",0.61778974533081,71824,"Q4","M3"
"Hippolais icterina","Icterine Warbler",0.615287661552429,71824,"Q4","M3"
"Melanitta nigra","Common Scoter",0.605855464935303,71824,"Q4","M3"
"Alcedo atthis","Common Kingfisher",0.604628145694733,71824,"Q4","M3"
"Cygnus columbianus","Bewick's Swan",0.604482233524323,71824,"Q4","M3"
"Panurus biarmicus","Bearded Tit",0.602489829063416,71824,"Q4","M3"
"Acrocephalus scirpaceus","Common Reed Warbler",0.602441787719727,71824,"Q4","M3"
"Gallinula chloropus","Common Moorhen",0.598985195159912,71824,"Q4","M3"
"Calidris pugnax","Ruff",0.598090171813965,71824,"Q4","M3"
"Riparia riparia","Sand Martin",0.595324277877808,71824,"Q4","M3"
"Tringa glareola","Wood Sandpiper",0.594618618488312,71824,"Q4","M3"
"Acrocephalus palustris","Marsh Warbler",0.593607664108276,71824,"Q4","M3"
"Mergus serrator","Red-breasted Merganser",0.59189647436142,71824,"Q4","M3"
"Chlidonias niger","Black Tern",0.59139895439148,71824,"Q4","M3"
"Pluvialis apricaria","European Golden Plover",0.587849259376526,71824,"Q4","M3"
"Tringa ochropus","Green Sandpiper",0.585661053657532,71824,"Q4","M3"
"Rallus aquaticus","Water Rail",0.5847327709198,71824,"Q4","M3"
"Botaurus stellaris","Great Bittern",0.583973169326782,71824,"Q4","M3"
"Anas acuta","Northern Pintail",0.582600712776184,71824,"Q4","M3"
"Acanthis flammea","Common Redpoll",0.582039833068848,71824,"Q4","M3"
"Buteo lagopus","Rough-legged Buzzard",0.581057548522949,71824,"Q4","M3"
"Aythya ferina","Common Pochard",0.580520033836365,71824,"Q4","M3"
"Columba oenas","Stock Dove",0.579156517982483,71824,"Q4","M3"
"Oriolus oriolus","Eurasian Golden Oriole",0.578923881053925,71824,"Q4","M3"
"Nucifraga caryocatactes","Spotted Nutcracker",0.577151656150818,71824,"Q4","M3"
"Anser anser","Greylag Goose",0.575873017311096,71824,"Q4","M3"
"Numenius arquata","Eurasian Curlew",0.575475215911865,71824,"Q4","M3"
"Perdix perdix","Grey Partridge",0.575018405914307,71824,"Q4","M3"
"Branta bernicla","Brent Goose",0.566250264644623,71824,"Q4","M3"
"Tachybaptus ruficollis","Little Grebe",0.563218832015991,71824,"Q4","M3"
"Asio otus","Long-eared Owl",0.557434678077698,71824,"Q4","M3"
"Remiz pendulinus","Eurasian Penduline Tit",0.555589914321899,71824,"Q4","M3"
"Spatula querquedula","Garganey",0.552590548992157,71824,"Q4","M3"
"Podiceps grisegena","Red-necked Grebe",0.552495002746582,71824,"Q4","M3"
"Aegolius funereus","Tengmalm's Owl",0.552302002906799,71824,"Q4","M3"
"Gavia stellata","Red-throated Diver",0.550709187984467,71824,"Q4","M3"
"Scolopax rusticola","Eurasian Woodcock",0.547180891036987,71824,"Q4","M3"
"Glaucidium passerinum","Eurasian Pygmy-Owl",0.544181227684021,71824,"Q4","M3"
"Falco columbarius","Merlin",0.54378068447113,71824,"Q4","M3"
"Plectrophenax nivalis","Snow Bunting",0.54246175289154,71824,"Q4","M3"
"Gavia arctica","Black-throated Diver",0.541917681694031,71824,"Q4","M3"
"Falco tinnunculus","Common Kestrel",0.538632452487946,71824,"Q4","M3"
"Pluvialis squatarola","Grey Plover",0.535508573055267,71824,"Q4","M3"
"Falco subbuteo","Eurasian Hobby",0.534739971160889,71824,"Q4","M3"
"Pandion haliaetus","Osprey",0.533125281333923,71824,"Q4","M3"
"Picus canus","Grey-headed Woodpecker",0.530531525611877,71824,"Q4","M3"
"Ficedula parva","Red-breasted Flycatcher",0.525122880935669,71824,"Q4","M3"
"Strix aluco","Tawny Owl",0.524609684944153,71824,"Q4","M3"
"Calcarius lapponicus","Lapland Bunting",0.524130940437317,71824,"Q4","M3"
"Anser serrirostris","Tundra Bean Goose",0.519709467887878,71824,"Q4","M3"
"Lyrurus tetrix","Black Grouse",0.516445517539978,71824,"Q4","M3"
"Eremophila alpestris","Shore Lark",0.509309649467468,71824,"Q4","M3"
"Somateria mollissima","Common Eider",0.509142160415649,71824,"Q4","M3"
"Lymnocryptes minimus","Jack Snipe",0.508799433708191,71824,"Q4","M3"
"Pernis apivorus","European Honey-buzzard",0.506446838378906,71824,"Q4","M3"
"Curruca nisoria","Barred Warbler",0.50633430480957,71824,"Q4","M3"
"Tetrastes bonasia","Hazel Grouse",0.504307806491852,71824,"Q4","M3"
"Anser fabalis","Taiga Bean Goose",0.503068208694458,71824,"Q4","M3"
"Picoides tridactylus","Eurasian Three-toed Woodpecker",0.500923037528992,71824,"Q4","M3"
"Loxia pytyopsittacus","Parrot Crossbill",0.498897671699524,71824,"Q4","M3"
"Anthus petrosus","Rock Pipit",0.497302442789078,71824,"Q4","M3"
"Asio flammeus","Short-eared Owl",0.494103968143463,71824,"Q4","M3"
"Jynx torquilla","Eurasian Wryneck",0.488411366939545,71824,"Q4","M3"
"Tringa erythropus","Spotted Redshank",0.488357871770859,71824,"Q4","M3"
"Upupa epops","Eurasian Hoopoe",0.487582713365555,71824,"Q4","M3"
"Locustella luscinioides","Savi's Warbler",0.487323671579361,71824,"Q4","M3"
"Alca torda","Razorbill",0.485179156064987,71824,"Q4","M3"
"Strix uralensis","Ural Owl",0.484259009361267,71824,"Q4","M3"
"Limosa limosa","Black-tailed Godwit",0.483164697885513,71824,"Q4","M3"
"Linaria flavirostris","Twite",0.482951074838638,71824,"Q4","M3"
"Falco peregrinus","Peregrine Falcon",0.481108039617538,71824,"Q4","M3"
"Crex crex","Corncrake",0.476668000221252,71824,"Q4","M3"
"Dendrocopos leucotos","White-backed Woodpecker",0.475243002176285,71824,"Q4","M3"
"Bubo bubo","Eurasian Eagle Owl",0.474057137966156,71824,"Q4","M3"
"Streptopelia decaocto","Collared Dove",0.471316456794739,71824,"Q4","M3"
"Charadrius dubius","Little Ringed Plover",0.468721866607666,71824,"Q4","M3"
"Calidris minuta","Little Stint",0.467234194278717,71824,"Q4","M3"
"Calidris alba","Sanderling",0.465413898229599,71824,"Q4","M3"
"Circus pygargus","Montagu's Harrier",0.464109510183334,71824,"Q4","M3"
"Clanga pomarina","Lesser Spotted Eagle",0.46403694152832,71824,"Q4","M3"
"Calidris ferruginea","Curlew Sandpiper",0.462335020303726,71824,"Q4","M3"
"Podiceps auritus","Slavonian Grebe",0.459250181913376,71824,"Q4","M3"
"Galerida cristata","Crested Lark",0.458974987268448,71824,"Q4","M3"
"Pinicola enucleator","Pine Grosbeak",0.455286860466003,71824,"Q4","M3"
"Tetrao urogallus","Western Capercaillie",0.454683750867844,71824,"Q4","M3"
"Chlidonias leucopterus","White-winged Black Tern",0.446749687194824,71824,"Q4","M3"
"Hydroprogne caspia","Caspian Tern",0.446325868368149,71824,"Q4","M3"
"Sternula albifrons","Little Tern",0.443124890327454,71824,"Q4","M3"
"Picus viridis","Eurasian Green Woodpecker",0.435183942317963,71824,"Q4","M3"
"Larus cachinnans","Caspian Gull",0.434712946414948,71824,"Q4","M3"
"Phalaropus lobatus","Red-necked Phalarope",0.430887579917908,71824,"Q4","M3"
"Podiceps nigricollis","Black-necked Grebe",0.425379723310471,71824,"Q4","M3"
"Zapornia parva","Little Crake",0.420236736536026,71824,"Q4","M3"
"Ciconia nigra","Black Stork",0.420055449008942,71824,"Q4","M3"
"Anthus campestris","Tawny Pipit",0.414254039525986,71824,"Q4","M3"
"Serinus serinus","European Serin",0.413999736309052,71824,"Q4","M3"
"Calidris temminckii","Temminck's Stint",0.405282527208328,71824,"Q4","M3"
"Caprimulgus europaeus","Eurasian Nightjar",0.403086215257645,71824,"Q4","M3"
"Locustella fluviatilis","River Warbler",0.398815840482712,71824,"Q4","M3"
"Sterna paradisaea","Arctic Tern",0.398417383432388,71824,"Q4","M3"
"Locustella naevia","Common Grasshopper Warbler",0.395878612995148,71824,"Q4","M3"
"Phylloscopus trochiloides","Greenish Warbler",0.393604338169098,71824,"Q4","M3"
"Strix nebulosa","Great Grey Owl",0.389854311943054,71824,"Q4","M3"
"Larus hyperboreus","Glaucous Gull",0.386771410703659,71824,"Q4","M3"
"Gallinago media","Great Snipe",0.385859429836273,71824,"Q4","M3"
"Anthus cervinus","Red-throated Pipit",0.385859280824661,71824,"Q4","M3"
"Calidris canutus","Red Knot",0.371905088424683,71824,"Q4","M3"
"Regulus ignicapilla","Common Firecrest",0.371281027793884,71824,"Q4","M3"
"Porzana porzana","Spotted Crake",0.368543833494186,71824,"Q4","M3"
"Milvus migrans","Black Kite",0.367814689874649,71824,"Q4","M3"
"Acrocephalus dumetorum","Blyth's Reed Warbler",0.366951316595078,71824,"Q4","M3"
"Chlidonias hybrida","Whiskered Tern",0.366218507289886,71824,"Q4","M3"
"Luscinia svecica","Bluethroat",0.360214680433273,71824,"Q4","M3"
"Emberiza calandra","Corn Bunting",0.359387040138245,71824,"Q4","M3"
"Calidris falcinellus","Broad-billed Sandpiper",0.357327997684479,71824,"Q4","M3"
"Thalasseus sandvicensis","Sandwich Tern",0.353744149208069,71824,"Q4","M3"
"Limosa lapponica","Bar-tailed Godwit",0.349056512117386,71824,"Q4","M3"
"Coturnix coturnix","Common Quail",0.348192989826202,71824,"Q4","M3"
"Stercorarius parasiticus","Arctic Skua",0.346736937761307,71824,"Q4","M3"
"Falco vespertinus","Red-footed Falcon",0.344087153673172,71824,"Q4","M3"
"Streptopelia turtur","European Turtle Dove",0.343921333551407,71824,"Q4","M3"
"Loxia leucoptera","Two-barred Crossbill",0.336291432380676,71824,"Q4","M3"
"Cinclus cinclus","White-throated Dipper",0.333802193403244,71824,"Q4","M3"
"Arenaria interpres","Ruddy Turnstone",0.333187103271484,71824,"Q4","M3"
"Branta canadensis","Canada Goose",0.32994019985199,71824,"Q4","M3"
"Milvus milvus","Red Kite",0.328251421451569,71824,"Q4","M3"
"Phasianus colchicus","Common Pheasant",0.327812939882278,71824,"Q4","M3"
"Emberiza hortulana","Ortolan Bunting",0.323567450046539,71824,"Q4","M3"
"Stercorarius longicaudus","Long-tailed Skua",0.31743049621582,71824,"Q4","M3"
"Motacilla cinerea","Grey Wagtail",0.316851198673248,71824,"Q4","M3"
"Acrocephalus paludicola","Aquatic Warbler",0.315590739250183,71824,"Q4","M3"
"Surnia ulula","Northern Hawk Owl",0.309771746397018,71824,"Q4","M3"
"Ichthyaetus melanocephalus","Mediterranean Gull",0.306979984045029,71824,"Q4","M3"
"Acanthis hornemanni","Arctic Redpoll",0.287700861692429,71824,"Q4","M3"
"Tringa stagnatilis","Marsh Sandpiper",0.271127969026566,71824,"Q4","M3"
"Uria aalge","Common Guillemot",0.268293559551239,71824,"Q4","M3"
"Recurvirostra avosetta","Pied Avocet",0.264088034629822,71824,"Q4","M3"
"Stercorarius pomarinus","Pomarine Skua",0.261527925729752,71824,"Q4","M3"
"Coracias garrulus","European Roller",0.259982794523239,71824,"Q4","M3"
"Motacilla citreola","Citrine Wagtail",0.25362965464592,71824,"Q4","M3"
"Lagopus muta","Rock Ptarmigan",0.247497662901878,71824,"Q4","M3"
"Athene noctua","Little Owl",0.246417388319969,71824,"Q4","M3"
"Saxicola rubicola","European Stonechat",0.245570689439774,71824,"Q4","M3"
"Lagopus lagopus","Red Grouse/Willow Grouse",0.234965458512306,71824,"Q4","M3"
"Ixobrychus minutus","Little Bittern",0.229105263948441,71824,"Q4","M3"
"Numenius phaeopus","Whimbrel",0.223626807332039,71824,"Q4","M3"
"Calidris maritima","Purple Sandpiper",0.221629783511162,71824,"Q4","M3"
"Phylloscopus inornatus","Yellow-browed Warbler",0.2160564661026,71824,"Q4","M3"
"Aquila chrysaetos","Golden Eagle",0.205765470862389,71824,"Q4","M3"
"Merops apiaster","European Bee-eater",0.204358652234077,71824,"Q4","M3"
"Cepphus grylle","Black Guillemot",0.179116576910019,71824,"Q4","M3"
"Netta rufina","Red-crested Pochard",0.17745566368103,71824,"Q4","M3"
"Ficedula albicollis","Collared Flycatcher",0.169810727238655,71824,"Q4","M3"
"Bubo scandiacus","Snowy Owl",0.167082935571671,71824,"Q4","M3"
"Certhia brachydactyla","Short-toed Treecreeper",0.166334584355354,71824,"Q4","M3"
"Clanga clanga","Greater Spotted Eagle",0.149820894002914,71824,"Q4","M3"
"Aythya nyroca","Ferruginous Duck",0.136387854814529,71824,"Q4","M3"
"Nycticorax nycticorax","Black-crowned Night Heron",0.135861977934837,71824,"Q4","M3"
"Stercorarius skua","Great Skua",0.135150745511055,71824,"Q4","M3"
"Tyto alba","Barn Owl",0.132003635168076,71824,"Q4","M3"
"Circaetus gallicus","Short-toed Eagle",0.123997218906879,71824,"Q4","M3"
"Charadrius morinellus","Eurasian Dotterel",0.117758981883526,71824,"Q4","M3"
"Gavia immer","Great Northern Diver",0.116501845419407,71824,"Q4","M3"
"Luscinia megarhynchos","Common Nightingale",0.114221975207329,71824,"Q4","M3"
"Anser brachyrhynchus","Pink-footed Goose",0.111292116343975,71824,"Q4","M3"
"Phalaropus fulicarius","Grey Phalarope",0.107915654778481,71824,"Q4","M3"
"Tadorna ferruginea","Ruddy Shelduck",0.106540329754353,71824,"Q4","M3"
"Turdus torquatus","Ring Ouzel",0.102105692028999,71824,"Q4","M3"
"Falco rusticolus","Gyr Falcon",0.0986706539988518,71824,"Q4","M3"
"Phylloscopus proregulus","Pallas's Warbler",0.0957245081663132,71824,"Q4","M3"
"Perisoreus infaustus","Siberian Jay",0.0956523343920708,71824,"Q4","M3"
"Iduna caligata","Booted Warbler",0.0929315611720085,71824,"Q4","M3"
"Hieraaetus pennatus","Booted Eagle",0.0809807926416397,71824,"Q4","M3"
"Egretta garzetta","Little Egret",0.0806929916143417,71824,"Q4","M3"
"Cyanistes cyanus","Azure Tit",0.0786820724606514,71824,"Q4","M3"
"Anthus spinoletta","Water Pipit",0.0786280408501625,71824,"Q4","M3"
"Dendrocopos syriacus","Syrian Woodpecker",0.0768716633319855,71824,"Q4","M3"
"Acanthis cabaret","Lesser Redpoll",0.0760783776640892,71824,"Q4","M3"
"Emberiza rustica","Rustic Bunting",0.0720934420824051,71824,"Q4","M3"
"Gyps fulvus","Griffon Vulture",0.071461871266365,71824,"Q4","M3"
"Platalea leucorodia","Eurasian Spoonbill",0.0693705603480339,71824,"Q4","M3"
"Anser erythropus","Lesser White-fronted Goose",0.0681983381509781,71824,"Q4","M3"
"Xenus cinereus","Terek Sandpiper",0.0656153932213783,71824,"Q4","M3"
"Fulmarus glacialis","Northern Fulmar",0.0621676295995712,71824,"Q4","M3"
"Lanius minor","Lesser Grey Shrike",0.0615761950612068,71824,"Q4","M3"
"Cercotrichas galactotes","Rufous-tailed Scrub Robin",0.060012087225914,71824,"Q4","M3"
"Fratercula arctica","Atlantic Puffin",0.0530025474727154,71824,"Q4","M3"
"Monticola saxatilis","Common Rock Thrush",0.051610179245472,71824,"Q4","M3"
"Somateria spectabilis","King Eider",0.0505161993205547,71824,"Q4","M3"
"Himantopus himantopus","Black-winged Stilt",0.0500298514962196,71824,"Q4","M3"
"Anthus richardi","Richard's Pipit",0.0497542507946491,71824,"Q4","M3"
"Rissa tridactyla","Black-legged Kittiwake",0.049049012362957,71824,"Q4","M3"
"Lanius senator","Woodchat Shrike",0.0485941283404827,71824,"Q4","M3"
"Bubulcus ibis","Western Cattle Egret",0.0484685264527798,71824,"Q4","M3"
"Pyrrhocorax pyrrhocorax","Red-billed Chough",0.0476014167070389,71824,"Q4","M3"
"Circus macrourus","Pallid Harrier",0.0466943494975567,71824,"Q4","M3"
"Gavia adamsii","White-billed Diver",0.0448686145246029,71824,"Q4","M3"
"Poecile cinctus","Siberian Tit",0.0406741872429848,71824,"Q4","M3"
"Prunella collaris","Alpine Accentor",0.0405804105103016,71824,"Q4","M3"
"Uria lomvia","Brünnich's Guillemot",0.0391401164233685,71824,"Q4","M3"
"Merops persicus","Blue-cheeked Bee-eater",0.0344356819987297,71824,"Q4","M3"
"Ardea purpurea","Purple Heron",0.0290115736424923,71824,"Q4","M3"
"Apus melba","Alpine Swift",0.0288288164883852,71824,"Q4","M3"
"Pyrrhocorax graculus","Alpine Chough",0.0282866060733795,71824,"Q4","M3"
"Glareola pratincola","Collared Pratincole",0.0265522059053183,71824,"Q4","M3"
"Aix galericulata","Mandarin Duck",0.0256802588701248,71824,"Q4","M3"
"Emberiza cia","Rock Bunting",0.0255206227302551,71824,"Q4","M3"
"Emberiza pusilla","Little Bunting",0.0252588707953691,71824,"Q4","M3"
"Ptyonoprogne rupestris","Eurasian Crag Martin",0.0250548124313354,71824,"Q4","M3"
"Iduna pallida","Eastern Olivaceous Warbler",0.0231227874755859,71824,"Q4","M3"
"Anser caerulescens","Snow Goose",0.0218888372182846,71824,"Q4","M3"
"Charadrius alexandrinus","Kentish Plover",0.0200994946062565,71824,"Q4","M3"
"Lanius borealis","Northern Shrike",0.0197661891579628,71824,"Q4","M3"
"Falco naumanni","Lesser Kestrel",0.0195646826177835,71824,"Q4","M3"
"Cettia cetti","Cetti's Warbler",0.0193135403096676,71824,"Q4","M3"
"Pterocles orientalis","Black-bellied Sandgrouse",0.0187147743999958,71824,"Q4","M3"
"Otus scops","Eurasian Scops Owl",0.0182031393051147,71824,"Q4","M3"
"Phoenicopterus roseus","Greater Flamingo",0.0178405083715916,71824,"Q4","M3"
"Passer hispaniolensis","Spanish Sparrow",0.0178353879600763,71824,"Q4","M3"
"Burhinus oedicnemus","Stone-curlew",0.0168469361960888,71824,"Q4","M3"
"Ardeola ralloides","Squacco Heron",0.015272568911314,71824,"Q4","M3"
"Melanocorypha calandra","Calandra Lark",0.0145811261609197,71824,"Q4","M3"
"Oenanthe melanoleuca","Eastern Black-eared Wheatear",0.0129071027040482,71824,"Q4","M3"
"Tarsiger cyanurus","Red-flanked Bluetail",0.0122041096910834,71824,"Q4","M3"
"Anser indicus","Bar-headed Goose",0.0120674427598715,71824,"Q4","M3"
"Aegypius monachus","Black Vulture",0.0115095051005483,71824,"Q4","M3"
"Plegadis falcinellus","Glossy Ibis",0.0109974723309278,71824,"Q4","M3"
"Aquila heliaca","Imperial Eagle",0.010986378416419,71824,"Q4","M3"
"Calandrella brachydactyla","Greater Short-toed Lark",0.0108224088326097,71824,"Q4","M3"
"Larus michahellis","Yellow-legged Gull",0.0107766091823578,71824,"Q4","M3"
"Corvus cornix","Hooded Crow",0.998625218868256,78652,"Q4","M4"
"Parus major","Great Tit",0.996018350124359,78652,"Q4","M4"
"Motacilla alba","Pied Wagtail/White Wagtail",0.982439815998077,78652,"Q4","M4"
"Anas platyrhynchos","Mallard",0.981205105781555,78652,"Q4","M4"
"Chroicocephalus ridibundus","Black-headed Gull",0.975819706916809,78652,"Q4","M4"
"Fringilla coelebs","Common Chaffinch",0.964282751083374,78652,"Q4","M4"
"Hirundo rustica","Barn Swallow",0.962194502353668,78652,"Q4","M4"
"Sturnus vulgaris","Common Starling",0.959454715251923,78652,"Q4","M4"
"Cyanistes caeruleus","Eurasian Blue Tit",0.956044316291809,78652,"Q4","M4"
"Larus argentatus","Herring Gull",0.955793082714081,78652,"Q4","M4"
"Apus apus","Common Swift",0.955030083656311,78652,"Q4","M4"
"Erithacus rubecula","European Robin",0.95355498790741,78652,"Q4","M4"
"Columba palumbus","Common Woodpigeon",0.943527579307556,78652,"Q4","M4"
"Turdus merula","Eurasian Blackbird",0.943124711513519,78652,"Q4","M4"
"Cygnus olor","Mute Swan",0.925399422645569,78652,"Q4","M4"
"Corvus monedula","Eurasian Jackdaw",0.92495459318161,78652,"Q4","M4"
"Turdus pilaris","Fieldfare",0.914227306842804,78652,"Q4","M4"
"Passer montanus","Eurasian Tree Sparrow",0.898103892803192,78652,"Q4","M4"
"Garrulus glandarius","Eurasian Jay",0.898084580898285,78652,"Q4","M4"
"Bucephala clangula","Common Goldeneye",0.895750761032104,78652,"Q4","M4"
"Ardea cinerea","Grey Heron",0.886426627635956,78652,"Q4","M4"
"Pica pica","Common Magpie",0.885152161121368,78652,"Q4","M4"
"Phylloscopus collybita","Common Chiffchaff",0.883882820606232,78652,"Q4","M4"
"Corvus corax","Common Raven",0.877676486968994,78652,"Q4","M4"
"Larus canus","Common Gull",0.873095631599426,78652,"Q4","M4"
"Troglodytes troglodytes","Eurasian Wren",0.872552514076233,78652,"Q4","M4"
"Alauda arvensis","Eurasian Skylark",0.865877449512482,78652,"Q4","M4"
"Emberiza citrinella","Yellowhammer",0.865781426429749,78652,"Q4","M4"
"Vanellus vanellus","Northern Lapwing",0.863497316837311,78652,"Q4","M4"
"Phalacrocorax carbo","Great Cormorant",0.859515070915222,78652,"Q4","M4"
"Phylloscopus trochilus","Willow Warbler",0.857306122779846,78652,"Q4","M4"
"Delichon urbicum","Western House Martin",0.841690480709076,78652,"Q4","M4"
"Sterna hirundo","Common Tern",0.840853810310364,78652,"Q4","M4"
"Mergus merganser","Goosander",0.839624762535095,78652,"Q4","M4"
"Curruca communis","Common Whitethroat",0.835782468318939,78652,"Q4","M4"
"Turdus philomelos","Song Thrush",0.831739783287048,78652,"Q4","M4"
"Sylvia atricapilla","Eurasian Blackcap",0.828333139419556,78652,"Q4","M4"
"Regulus regulus","Goldcrest",0.827379465103149,78652,"Q4","M4"
"Dendrocopos major","Great Spotted Woodpecker",0.826079428195953,78652,"Q4","M4"
"Chloris chloris","European Greenfinch",0.823303878307343,78652,"Q4","M4"
"Anthus pratensis","Meadow Pipit",0.821367502212524,78652,"Q4","M4"
"Columba livia","Rock Dove",0.820802271366119,78652,"Q4","M4"
"Carduelis carduelis","European Goldfinch",0.810934126377106,78652,"Q4","M4"
"Buteo buteo","Common Buzzard",0.808506608009338,78652,"Q4","M4"
"Pyrrhula pyrrhula","Eurasian Bullfinch",0.802727103233337,78652,"Q4","M4"
"Podiceps cristatus","Great Crested Grebe",0.798688054084778,78652,"Q4","M4"
"Cygnus cygnus","Whooper Swan",0.793823957443237,78652,"Q4","M4"
"Larus marinus","Great Black-backed Gull",0.791804552078247,78652,"Q4","M4"
"Fulica atra","Eurasian Coot",0.791029930114746,78652,"Q4","M4"
"Certhia familiaris","Eurasian Treecreeper",0.779146432876587,78652,"Q4","M4"
"Spinus spinus","Eurasian Siskin",0.778801441192627,78652,"Q4","M4"
"Corvus frugilegus","Rook",0.777452230453491,78652,"Q4","M4"
"Passer domesticus","House Sparrow",0.772254884243011,78652,"Q4","M4"
"Linaria cannabina","Common Linnet",0.77093780040741,78652,"Q4","M4"
"Cuculus canorus","Common Cuckoo",0.767689287662506,78652,"Q4","M4"
"Grus grus","Common Crane",0.761109709739685,78652,"Q4","M4"
"Emberiza schoeniclus","Common Reed Bunting",0.758266508579254,78652,"Q4","M4"
"Accipiter nisus","Eurasian Sparrowhawk",0.755616903305054,78652,"Q4","M4"
"Sitta europaea","Eurasian Nuthatch",0.754851281642914,78652,"Q4","M4"
"Mareca penelope","Eurasian Wigeon",0.748894453048706,78652,"Q4","M4"
"Bombycilla garrulus","Bohemian Waxwing",0.745019972324371,78652,"Q4","M4"
"Fringilla montifringilla","Brambling",0.731906712055206,78652,"Q4","M4"
"Ficedula hypoleuca","European Pied Flycatcher",0.726111471652985,78652,"Q4","M4"
"Aythya fuligula","Tufted Duck",0.723311066627502,78652,"Q4","M4"
"Lophophanes cristatus","Crested Tit",0.722792625427246,78652,"Q4","M4"
"Gallinago gallinago","Common Snipe",0.713797926902771,78652,"Q4","M4"
"Luscinia luscinia","Thrush Nightingale",0.712711334228516,78652,"Q4","M4"
"Saxicola rubetra","Whinchat",0.712550282478333,78652,"Q4","M4"
"Ardea alba","Great White Egret",0.710044503211975,78652,"Q4","M4"
"Circus aeruginosus","Western Marsh Harrier",0.703565359115601,78652,"Q4","M4"
"Phylloscopus sibilatrix","Wood Warbler",0.702431082725525,78652,"Q4","M4"
"Calidris alpina","Dunlin",0.702376008033752,78652,"Q4","M4"
"Coccothraustes coccothraustes","Hawfinch",0.70100462436676,78652,"Q4","M4"
"Haliaeetus albicilla","White-tailed Eagle",0.700121283531189,78652,"Q4","M4"
"Acrocephalus schoenobaenus","Sedge Warbler",0.699414014816284,78652,"Q4","M4"
"Anas crecca","Eurasian/Green-winged Teal",0.699221134185791,78652,"Q4","M4"
"Muscicapa striata","Spotted Flycatcher",0.697780132293701,78652,"Q4","M4"
"Anthus trivialis","Tree Pipit",0.69332230091095,78652,"Q4","M4"
"Turdus iliacus","Redwing",0.693247675895691,78652,"Q4","M4"
"Ciconia ciconia","White Stork",0.691289186477661,78652,"Q4","M4"
"Haematopus ostralegus","Eurasian Oystercatcher",0.690571427345276,78652,"Q4","M4"
"Poecile palustris","Marsh Tit",0.689947605133057,78652,"Q4","M4"
"Phoenicurus ochruros","Black Redstart",0.686295330524445,78652,"Q4","M4"
"Periparus ater","Coal Tit",0.684008955955505,78652,"Q4","M4"
"Lanius collurio","Red-backed Shrike",0.683157742023468,78652,"Q4","M4"
"Actitis hypoleucos","Common Sandpiper",0.68252843618393,78652,"Q4","M4"
"Curruca curruca","Lesser Whitethroat",0.680761814117432,78652,"Q4","M4"
"Motacilla flava","Western Yellow Wagtail",0.679740905761719,78652,"Q4","M4"
"Anser albifrons","Greater White-fronted Goose",0.678818464279175,78652,"Q4","M4"
"Melanitta fusca","Velvet Scoter",0.672889232635498,78652,"Q4","M4"
"Aegithalos caudatus","Long-tailed Tit",0.672157883644104,78652,"Q4","M4"
"Larus fuscus","Lesser Black-backed Gull",0.672033250331879,78652,"Q4","M4"
"Circus cyaneus","Hen Harrier",0.670709788799286,78652,"Q4","M4"
"Dryocopus martius","Black Woodpecker",0.665925145149231,78652,"Q4","M4"
"Phoenicurus phoenicurus","Common Redstart",0.66573566198349,78652,"Q4","M4"
"Tringa totanus","Common Redshank",0.662149667739868,78652,"Q4","M4"
"Sylvia borin","Garden Warbler",0.661825478076935,78652,"Q4","M4"
"Branta leucopsis","Barnacle Goose",0.65883219242096,78652,"Q4","M4"
"Oenanthe oenanthe","Northern Wheatear",0.657636523246765,78652,"Q4","M4"
"Clangula hyemalis","Long-tailed Duck",0.65756618976593,78652,"Q4","M4"
"Dryobates minor","Lesser Spotted Woodpecker",0.655576884746552,78652,"Q4","M4"
"Tadorna tadorna","Common Shelduck",0.651534080505371,78652,"Q4","M4"
"Carpodacus erythrinus","Common Rosefinch",0.651259660720825,78652,"Q4","M4"
"Mergellus albellus","Smew",0.646289825439453,78652,"Q4","M4"
"Lanius excubitor","Great Grey Shrike",0.645284652709961,78652,"Q4","M4"
"Dendrocoptes medius","Middle Spotted Woodpecker",0.642110586166382,78652,"Q4","M4"
"Charadrius hiaticula","Common Ringed Plover",0.641665697097778,78652,"Q4","M4"
"Loxia curvirostra","Common Crossbill",0.641088485717773,78652,"Q4","M4"
"Poecile montanus","Willow Tit",0.640853881835938,78652,"Q4","M4"
"Prunella modularis","Dunnock",0.639489591121674,78652,"Q4","M4"
"Accipiter gentilis","Eurasian Goshawk",0.638563096523285,78652,"Q4","M4"
"Lullula arborea","Woodlark",0.638269305229187,78652,"Q4","M4"
"Tringa nebularia","Common Greenshank",0.633710861206055,78652,"Q4","M4"
"Turdus viscivorus","Mistle Thrush",0.633500397205353,78652,"Q4","M4"
"Acrocephalus arundinaceus","Great Reed Warbler",0.631592333316803,78652,"Q4","M4"
"Mareca strepera","Gadwall",0.626756548881531,78652,"Q4","M4"
"Aythya marila","Greater Scaup",0.62431013584137,78652,"Q4","M4"
"Hydrocoloeus minutus","Little Gull",0.622000932693481,78652,"Q4","M4"
"Spatula clypeata","Northern Shoveler",0.61712509393692,78652,"Q4","M4"
"Hippolais icterina","Icterine Warbler",0.615324974060059,78652,"Q4","M4"
"Melanitta nigra","Common Scoter",0.606244742870331,78652,"Q4","M4"
"Alcedo atthis","Common Kingfisher",0.604360282421112,78652,"Q4","M4"
"Cygnus columbianus","Bewick's Swan",0.603894233703613,78652,"Q4","M4"
"Acrocephalus scirpaceus","Common Reed Warbler",0.602659046649933,78652,"Q4","M4"
"Panurus biarmicus","Bearded Tit",0.601877093315125,78652,"Q4","M4"
"Gallinula chloropus","Common Moorhen",0.598618149757385,78652,"Q4","M4"
"Calidris pugnax","Ruff",0.597669899463654,78652,"Q4","M4"
"Riparia riparia","Sand Martin",0.595010757446289,78652,"Q4","M4"
"Tringa glareola","Wood Sandpiper",0.593841433525085,78652,"Q4","M4"
"Acrocephalus palustris","Marsh Warbler",0.593585729598999,78652,"Q4","M4"
"Chlidonias niger","Black Tern",0.591913402080536,78652,"Q4","M4"
"Mergus serrator","Red-breasted Merganser",0.591310262680054,78652,"Q4","M4"
"Pluvialis apricaria","European Golden Plover",0.588070154190063,78652,"Q4","M4"
"Tringa ochropus","Green Sandpiper",0.585109710693359,78652,"Q4","M4"
"Rallus aquaticus","Water Rail",0.584372997283936,78652,"Q4","M4"
"Botaurus stellaris","Great Bittern",0.583753705024719,78652,"Q4","M4"
"Anas acuta","Northern Pintail",0.582383751869202,78652,"Q4","M4"
"Acanthis flammea","Common Redpoll",0.581796705722809,78652,"Q4","M4"
"Buteo lagopus","Rough-legged Buzzard",0.580933928489685,78652,"Q4","M4"
"Aythya ferina","Common Pochard",0.579888880252838,78652,"Q4","M4"
"Columba oenas","Stock Dove",0.57898473739624,78652,"Q4","M4"
"Oriolus oriolus","Eurasian Golden Oriole",0.57881885766983,78652,"Q4","M4"
"Nucifraga caryocatactes","Spotted Nutcracker",0.576686501502991,78652,"Q4","M4"
"Anser anser","Greylag Goose",0.575999736785889,78652,"Q4","M4"
"Perdix perdix","Grey Partridge",0.574953615665436,78652,"Q4","M4"
"Numenius arquata","Eurasian Curlew",0.574509739875793,78652,"Q4","M4"
"Branta bernicla","Brent Goose",0.566356539726257,78652,"Q4","M4"
"Tachybaptus ruficollis","Little Grebe",0.563113749027252,78652,"Q4","M4"
"Asio otus","Long-eared Owl",0.556909203529358,78652,"Q4","M4"
"Remiz pendulinus","Eurasian Penduline Tit",0.555517792701721,78652,"Q4","M4"
"Spatula querquedula","Garganey",0.553051710128784,78652,"Q4","M4"
"Aegolius funereus","Tengmalm's Owl",0.552462816238403,78652,"Q4","M4"
"Podiceps grisegena","Red-necked Grebe",0.551610052585602,78652,"Q4","M4"
"Gavia stellata","Red-throated Diver",0.550559759140015,78652,"Q4","M4"
"Scolopax rusticola","Eurasian Woodcock",0.546577453613281,78652,"Q4","M4"
"Glaucidium passerinum","Eurasian Pygmy-Owl",0.544113397598267,78652,"Q4","M4"
"Falco columbarius","Merlin",0.543429255485535,78652,"Q4","M4"
"Plectrophenax nivalis","Snow Bunting",0.542120218276978,78652,"Q4","M4"
"Gavia arctica","Black-throated Diver",0.541348099708557,78652,"Q4","M4"
"Falco tinnunculus","Common Kestrel",0.5383620262146,78652,"Q4","M4"
"Pluvialis squatarola","Grey Plover",0.535044312477112,78652,"Q4","M4"
"Falco subbuteo","Eurasian Hobby",0.533901810646057,78652,"Q4","M4"
"Pandion haliaetus","Osprey",0.5320725440979,78652,"Q4","M4"
"Picus canus","Grey-headed Woodpecker",0.529805600643158,78652,"Q4","M4"
"Calcarius lapponicus","Lapland Bunting",0.524422585964203,78652,"Q4","M4"
"Ficedula parva","Red-breasted Flycatcher",0.524168014526367,78652,"Q4","M4"
"Strix aluco","Tawny Owl",0.524034738540649,78652,"Q4","M4"
"Anser serrirostris","Tundra Bean Goose",0.519532442092896,78652,"Q4","M4"
"Lyrurus tetrix","Black Grouse",0.515607178211212,78652,"Q4","M4"
"Eremophila alpestris","Shore Lark",0.509346008300781,78652,"Q4","M4"
"Somateria mollissima","Common Eider",0.509002327919006,78652,"Q4","M4"
"Lymnocryptes minimus","Jack Snipe",0.508466601371765,78652,"Q4","M4"
"Pernis apivorus","European Honey-buzzard",0.505749225616455,78652,"Q4","M4"
"Curruca nisoria","Barred Warbler",0.505297899246216,78652,"Q4","M4"
"Tetrastes bonasia","Hazel Grouse",0.503522574901581,78652,"Q4","M4"
"Anser fabalis","Taiga Bean Goose",0.501954197883606,78652,"Q4","M4"
"Picoides tridactylus","Eurasian Three-toed Woodpecker",0.500558614730835,78652,"Q4","M4"
"Loxia pytyopsittacus","Parrot Crossbill",0.499162465333939,78652,"Q4","M4"
"Anthus petrosus","Rock Pipit",0.498940140008926,78652,"Q4","M4"
"Asio flammeus","Short-eared Owl",0.493310123682022,78652,"Q4","M4"
"Tringa erythropus","Spotted Redshank",0.488081574440002,78652,"Q4","M4"
"Jynx torquilla","Eurasian Wryneck",0.487328320741653,78652,"Q4","M4"
"Upupa epops","Eurasian Hoopoe",0.487208425998688,78652,"Q4","M4"
"Locustella luscinioides","Savi's Warbler",0.486715883016586,78652,"Q4","M4"
"Alca torda","Razorbill",0.485767900943756,78652,"Q4","M4"
"Strix uralensis","Ural Owl",0.483931571245193,78652,"Q4","M4"
"Linaria flavirostris","Twite",0.48356693983078,78652,"Q4","M4"
"Limosa limosa","Black-tailed Godwit",0.482855588197708,78652,"Q4","M4"
"Falco peregrinus","Peregrine Falcon",0.480374544858932,78652,"Q4","M4"
"Crex crex","Corncrake",0.476169317960739,78652,"Q4","M4"
"Dendrocopos leucotos","White-backed Woodpecker",0.474019229412079,78652,"Q4","M4"
"Bubo bubo","Eurasian Eagle Owl",0.473195731639862,78652,"Q4","M4"
"Streptopelia decaocto","Collared Dove",0.472347050905228,78652,"Q4","M4"
"Charadrius dubius","Little Ringed Plover",0.468303620815277,78652,"Q4","M4"
"Calidris minuta","Little Stint",0.466843634843826,78652,"Q4","M4"
"Calidris alba","Sanderling",0.464546948671341,78652,"Q4","M4"
"Circus pygargus","Montagu's Harrier",0.464175462722778,78652,"Q4","M4"
"Clanga pomarina","Lesser Spotted Eagle",0.463046163320541,78652,"Q4","M4"
"Calidris ferruginea","Curlew Sandpiper",0.461807191371918,78652,"Q4","M4"
"Galerida cristata","Crested Lark",0.458959639072418,78652,"Q4","M4"
"Podiceps auritus","Slavonian Grebe",0.458197832107544,78652,"Q4","M4"
"Pinicola enucleator","Pine Grosbeak",0.455317944288254,78652,"Q4","M4"
"Tetrao urogallus","Western Capercaillie",0.454176366329193,78652,"Q4","M4"
"Hydroprogne caspia","Caspian Tern",0.446617543697357,78652,"Q4","M4"
"Chlidonias leucopterus","White-winged Black Tern",0.446440517902374,78652,"Q4","M4"
"Sternula albifrons","Little Tern",0.443471342325211,78652,"Q4","M4"
"Larus cachinnans","Caspian Gull",0.435887902975082,78652,"Q4","M4"
"Picus viridis","Eurasian Green Woodpecker",0.435474276542664,78652,"Q4","M4"
"Phalaropus lobatus","Red-necked Phalarope",0.430727481842041,78652,"Q4","M4"
"Podiceps nigricollis","Black-necked Grebe",0.425674110651016,78652,"Q4","M4"
"Ciconia nigra","Black Stork",0.419260859489441,78652,"Q4","M4"
"Zapornia parva","Little Crake",0.419106543064117,78652,"Q4","M4"
"Anthus campestris","Tawny Pipit",0.413379371166229,78652,"Q4","M4"
"Serinus serinus","European Serin",0.413367986679077,78652,"Q4","M4"
"Calidris temminckii","Temminck's Stint",0.404569447040558,78652,"Q4","M4"
"Caprimulgus europaeus","Eurasian Nightjar",0.402529776096344,78652,"Q4","M4"
"Locustella fluviatilis","River Warbler",0.398926913738251,78652,"Q4","M4"
"Sterna paradisaea","Arctic Tern",0.397036075592041,78652,"Q4","M4"
"Locustella naevia","Common Grasshopper Warbler",0.395431637763977,78652,"Q4","M4"
"Phylloscopus trochiloides","Greenish Warbler",0.392048001289368,78652,"Q4","M4"
"Strix nebulosa","Great Grey Owl",0.389892488718033,78652,"Q4","M4"
"Larus hyperboreus","Glaucous Gull",0.386267006397247,78652,"Q4","M4"
"Gallinago media","Great Snipe",0.385242193937302,78652,"Q4","M4"
"Anthus cervinus","Red-throated Pipit",0.384719789028168,78652,"Q4","M4"
"Calidris canutus","Red Knot",0.371494889259338,78652,"Q4","M4"
"Regulus ignicapilla","Common Firecrest",0.371385931968689,78652,"Q4","M4"
"Porzana porzana","Spotted Crake",0.367848336696625,78652,"Q4","M4"
"Milvus migrans","Black Kite",0.366847157478333,78652,"Q4","M4"
"Chlidonias hybrida","Whiskered Tern",0.36613193154335,78652,"Q4","M4"
"Acrocephalus dumetorum","Blyth's Reed Warbler",0.364725738763809,78652,"Q4","M4"
"Emberiza calandra","Corn Bunting",0.359901249408722,78652,"Q4","M4"
"Luscinia svecica","Bluethroat",0.359593033790588,78652,"Q4","M4"
"Calidris falcinellus","Broad-billed Sandpiper",0.356240659952164,78652,"Q4","M4"
"Thalasseus sandvicensis","Sandwich Tern",0.354242265224457,78652,"Q4","M4"
"Limosa lapponica","Bar-tailed Godwit",0.347626626491547,78652,"Q4","M4"
"Coturnix coturnix","Common Quail",0.347468256950378,78652,"Q4","M4"
"Stercorarius parasiticus","Arctic Skua",0.345472633838654,78652,"Q4","M4"
"Falco vespertinus","Red-footed Falcon",0.343599557876587,78652,"Q4","M4"
"Streptopelia turtur","European Turtle Dove",0.342498868703842,78652,"Q4","M4"
"Loxia leucoptera","Two-barred Crossbill",0.335384547710419,78652,"Q4","M4"
"Cinclus cinclus","White-throated Dipper",0.333253353834152,78652,"Q4","M4"
"Arenaria interpres","Ruddy Turnstone",0.332141906023026,78652,"Q4","M4"
"Branta canadensis","Canada Goose",0.329819411039352,78652,"Q4","M4"
"Phasianus colchicus","Common Pheasant",0.328645795583725,78652,"Q4","M4"
"Milvus milvus","Red Kite",0.327996701002121,78652,"Q4","M4"
"Emberiza hortulana","Ortolan Bunting",0.323252975940704,78652,"Q4","M4"
"Stercorarius longicaudus","Long-tailed Skua",0.317151546478271,78652,"Q4","M4"
"Motacilla cinerea","Grey Wagtail",0.316571056842804,78652,"Q4","M4"
"Acrocephalus paludicola","Aquatic Warbler",0.316139817237854,78652,"Q4","M4"
"Surnia ulula","Northern Hawk Owl",0.309183984994888,78652,"Q4","M4"
"Ichthyaetus melanocephalus","Mediterranean Gull",0.306064367294312,78652,"Q4","M4"
"Acanthis hornemanni","Arctic Redpoll",0.287296116352081,78652,"Q4","M4"
"Tringa stagnatilis","Marsh Sandpiper",0.27064448595047,78652,"Q4","M4"
"Uria aalge","Common Guillemot",0.268976777791977,78652,"Q4","M4"
"Recurvirostra avosetta","Pied Avocet",0.264165818691254,78652,"Q4","M4"
"Stercorarius pomarinus","Pomarine Skua",0.260551571846008,78652,"Q4","M4"
"Coracias garrulus","European Roller",0.258639067411423,78652,"Q4","M4"
"Motacilla citreola","Citrine Wagtail",0.253532350063324,78652,"Q4","M4"
"Lagopus muta","Rock Ptarmigan",0.247625604271889,78652,"Q4","M4"
"Saxicola rubicola","European Stonechat",0.246074125170708,78652,"Q4","M4"
"Athene noctua","Little Owl",0.245779991149902,78652,"Q4","M4"
"Lagopus lagopus","Red Grouse/Willow Grouse",0.234125047922134,78652,"Q4","M4"
"Ixobrychus minutus","Little Bittern",0.228355243802071,78652,"Q4","M4"
"Numenius phaeopus","Whimbrel",0.222489416599274,78652,"Q4","M4"
"Calidris maritima","Purple Sandpiper",0.220788925886154,78652,"Q4","M4"
"Phylloscopus inornatus","Yellow-browed Warbler",0.215451553463936,78652,"Q4","M4"
"Aquila chrysaetos","Golden Eagle",0.204794511198997,78652,"Q4","M4"
"Merops apiaster","European Bee-eater",0.204361066222191,78652,"Q4","M4"
"Cepphus grylle","Black Guillemot",0.178569734096527,78652,"Q4","M4"
"Netta rufina","Red-crested Pochard",0.177675053477287,78652,"Q4","M4"
"Ficedula albicollis","Collared Flycatcher",0.169550076127052,78652,"Q4","M4"
"Bubo scandiacus","Snowy Owl",0.167011305689812,78652,"Q4","M4"
"Certhia brachydactyla","Short-toed Treecreeper",0.166929990053177,78652,"Q4","M4"
"Clanga clanga","Greater Spotted Eagle",0.149507328867912,78652,"Q4","M4"
"Aythya nyroca","Ferruginous Duck",0.136544987559319,78652,"Q4","M4"
"Nycticorax nycticorax","Black-crowned Night Heron",0.13557031750679,78652,"Q4","M4"
"Stercorarius skua","Great Skua",0.135195180773735,78652,"Q4","M4"
"Tyto alba","Barn Owl",0.131964147090912,78652,"Q4","M4"
"Circaetus gallicus","Short-toed Eagle",0.123457603156567,78652,"Q4","M4"
"Charadrius morinellus","Eurasian Dotterel",0.117457173764706,78652,"Q4","M4"
"Gavia immer","Great Northern Diver",0.116637006402016,78652,"Q4","M4"
"Luscinia megarhynchos","Common Nightingale",0.11461116373539,78652,"Q4","M4"
"Anser brachyrhynchus","Pink-footed Goose",0.111593849956989,78652,"Q4","M4"
"Phalaropus fulicarius","Grey Phalarope",0.10773441195488,78652,"Q4","M4"
"Tadorna ferruginea","Ruddy Shelduck",0.106436595320702,78652,"Q4","M4"
"Turdus torquatus","Ring Ouzel",0.101909264922142,78652,"Q4","M4"
"Falco rusticolus","Gyr Falcon",0.0981514379382133,78652,"Q4","M4"
"Phylloscopus proregulus","Pallas's Warbler",0.0952789038419724,78652,"Q4","M4"
"Perisoreus infaustus","Siberian Jay",0.0947342664003372,78652,"Q4","M4"
"Iduna caligata","Booted Warbler",0.0920466333627701,78652,"Q4","M4"
"Egretta garzetta","Little Egret",0.0807209834456444,78652,"Q4","M4"
"Hieraaetus pennatus","Booted Eagle",0.0805326774716377,78652,"Q4","M4"
"Anthus spinoletta","Water Pipit",0.07910967618227,78652,"Q4","M4"
"Cyanistes cyanus","Azure Tit",0.078728549182415,78652,"Q4","M4"
"Acanthis cabaret","Lesser Redpoll",0.0773034021258354,78652,"Q4","M4"
"Dendrocopos syriacus","Syrian Woodpecker",0.077186569571495,78652,"Q4","M4"
"Gyps fulvus","Griffon Vulture",0.071433387696743,78652,"Q4","M4"
"Emberiza rustica","Rustic Bunting",0.071316309273243,78652,"Q4","M4"
"Platalea leucorodia","Eurasian Spoonbill",0.0694554895162582,78652,"Q4","M4"
"Anser erythropus","Lesser White-fronted Goose",0.0678041726350784,78652,"Q4","M4"
"Xenus cinereus","Terek Sandpiper",0.0652776211500168,78652,"Q4","M4"
"Fulmarus glacialis","Northern Fulmar",0.0620331391692162,78652,"Q4","M4"
"Lanius minor","Lesser Grey Shrike",0.0614325292408466,78652,"Q4","M4"
"Cercotrichas galactotes","Rufous-tailed Scrub Robin",0.0600114427506924,78652,"Q4","M4"
"Fratercula arctica","Atlantic Puffin",0.0530914068222046,78652,"Q4","M4"
"Monticola saxatilis","Common Rock Thrush",0.0515806935727596,78652,"Q4","M4"
"Somateria spectabilis","King Eider",0.050435733050108,78652,"Q4","M4"
"Himantopus himantopus","Black-winged Stilt",0.0500353015959263,78652,"Q4","M4"
"Anthus richardi","Richard's Pipit",0.0495417937636375,78652,"Q4","M4"
"Rissa tridactyla","Black-legged Kittiwake",0.04892772808671,78652,"Q4","M4"
"Lanius senator","Woodchat Shrike",0.0486877486109734,78652,"Q4","M4"
"Bubulcus ibis","Western Cattle Egret",0.04842459410429,78652,"Q4","M4"
"Pyrrhocorax pyrrhocorax","Red-billed Chough",0.0476141385734081,78652,"Q4","M4"
"Circus macrourus","Pallid Harrier",0.0465521030128002,78652,"Q4","M4"
"Gavia adamsii","White-billed Diver",0.0444993488490582,78652,"Q4","M4"
"Prunella collaris","Alpine Accentor",0.040622103959322,78652,"Q4","M4"
"Poecile cinctus","Siberian Tit",0.0402226597070694,78652,"Q4","M4"
"Uria lomvia","Brünnich's Guillemot",0.0390914902091026,78652,"Q4","M4"
"Merops persicus","Blue-cheeked Bee-eater",0.0344150625169277,78652,"Q4","M4"
"Ardea purpurea","Purple Heron",0.0290463659912348,78652,"Q4","M4"
"Apus melba","Alpine Swift",0.0287692863494158,78652,"Q4","M4"
"Pyrrhocorax graculus","Alpine Chough",0.0282517746090889,78652,"Q4","M4"
"Glareola pratincola","Collared Pratincole",0.0264635048806667,78652,"Q4","M4"
"Aix galericulata","Mandarin Duck",0.0260570868849754,78652,"Q4","M4"
"Emberiza cia","Rock Bunting",0.025479769334197,78652,"Q4","M4"
"Ptyonoprogne rupestris","Eurasian Crag Martin",0.0250206515192986,78652,"Q4","M4"
"Emberiza pusilla","Little Bunting",0.0249076802283525,78652,"Q4","M4"
"Iduna pallida","Eastern Olivaceous Warbler",0.0231221038848162,78652,"Q4","M4"
"Anser caerulescens","Snow Goose",0.0217789560556412,78652,"Q4","M4"
"Charadrius alexandrinus","Kentish Plover",0.0200894195586443,78652,"Q4","M4"
"Lanius borealis","Northern Shrike",0.0197815354913473,78652,"Q4","M4"
"Falco naumanni","Lesser Kestrel",0.0195005908608437,78652,"Q4","M4"
"Cettia cetti","Cetti's Warbler",0.0192756801843643,78652,"Q4","M4"
"Pterocles orientalis","Black-bellied Sandgrouse",0.0186670757830143,78652,"Q4","M4"
"Otus scops","Eurasian Scops Owl",0.0181403327733278,78652,"Q4","M4"
"Phoenicopterus roseus","Greater Flamingo",0.0179276186972857,78652,"Q4","M4"
"Passer hispaniolensis","Spanish Sparrow",0.0178047325462103,78652,"Q4","M4"
"Burhinus oedicnemus","Stone-curlew",0.0168105661869049,78652,"Q4","M4"
"Ardeola ralloides","Squacco Heron",0.0152505412697792,78652,"Q4","M4"
"Melanocorypha calandra","Calandra Lark",0.0145171554759145,78652,"Q4","M4"
"Oenanthe melanoleuca","Eastern Black-eared Wheatear",0.0128906285390258,78652,"Q4","M4"
"Anser indicus","Bar-headed Goose",0.01209457218647,78652,"Q4","M4"
"Tarsiger cyanurus","Red-flanked Bluetail",0.0120124882087111,78652,"Q4","M4"
"Aegypius monachus","Black Vulture",0.0114364977926016,78652,"Q4","M4"
"Plegadis falcinellus","Glossy Ibis",0.0109605379402637,78652,"Q4","M4"
"Aquila heliaca","Imperial Eagle",0.0109415529295802,78652,"Q4","M4"
"Calandrella brachydactyla","Greater Short-toed Lark",0.0107934940606356,78652,"Q4","M4"
"Larus michahellis","Yellow-legged Gull",0.0107932444661856,78652,"Q4","M4"
"Corvus cornix","Hooded Crow",0.998664438724518,80381,NA,NA
"Parus major","Great Tit",0.995843768119812,80381,NA,NA
"Motacilla alba","Pied Wagtail/White Wagtail",0.98219507932663,80381,NA,NA
"Anas platyrhynchos","Mallard",0.980898141860962,80381,NA,NA
"Chroicocephalus ridibundus","Black-headed Gull",0.975428581237793,80381,NA,NA
"Fringilla coelebs","Common Chaffinch",0.96449202299118,80381,NA,NA
"Hirundo rustica","Barn Swallow",0.961855530738831,80381,NA,NA
"Sturnus vulgaris","Common Starling",0.958518385887146,80381,NA,NA
"Cyanistes caeruleus","Eurasian Blue Tit",0.95616215467453,80381,NA,NA
"Larus argentatus","Herring Gull",0.955759108066559,80381,NA,NA
"Apus apus","Common Swift",0.953631341457367,80381,NA,NA
"Erithacus rubecula","European Robin",0.953002274036407,80381,NA,NA
"Turdus merula","Eurasian Blackbird",0.943382859230042,80381,NA,NA
"Columba palumbus","Common Woodpigeon",0.943273603916168,80381,NA,NA
"Corvus monedula","Eurasian Jackdaw",0.924883425235748,80381,NA,NA
"Cygnus olor","Mute Swan",0.924129605293274,80381,NA,NA
"Turdus pilaris","Fieldfare",0.915490508079529,80381,NA,NA
"Passer montanus","Eurasian Tree Sparrow",0.896929025650024,80381,NA,NA
"Bucephala clangula","Common Goldeneye",0.896803081035614,80381,NA,NA
"Garrulus glandarius","Eurasian Jay",0.895936489105225,80381,NA,NA
"Ardea cinerea","Grey Heron",0.885488033294678,80381,NA,NA
"Pica pica","Common Magpie",0.882289052009583,80381,NA,NA
"Phylloscopus collybita","Common Chiffchaff",0.881149411201477,80381,NA,NA
"Corvus corax","Common Raven",0.875194072723389,80381,NA,NA
"Larus canus","Common Gull",0.874127447605133,80381,NA,NA
"Troglodytes troglodytes","Eurasian Wren",0.870169878005981,80381,NA,NA
"Alauda arvensis","Eurasian Skylark",0.86509370803833,80381,NA,NA
"Vanellus vanellus","Northern Lapwing",0.864277362823486,80381,NA,NA
"Emberiza citrinella","Yellowhammer",0.864188730716705,80381,NA,NA
"Phalacrocorax carbo","Great Cormorant",0.858382284641266,80381,NA,NA
"Phylloscopus trochilus","Willow Warbler",0.856825828552246,80381,NA,NA
"Sterna hirundo","Common Tern",0.840803742408752,80381,NA,NA
"Mergus merganser","Goosander",0.840639293193817,80381,NA,NA
"Delichon urbicum","Western House Martin",0.838392853736877,80381,NA,NA
"Curruca communis","Common Whitethroat",0.832750201225281,80381,NA,NA
"Turdus philomelos","Song Thrush",0.830586194992065,80381,NA,NA
"Regulus regulus","Goldcrest",0.826456665992737,80381,NA,NA
"Dendrocopos major","Great Spotted Woodpecker",0.82586532831192,80381,NA,NA
"Sylvia atricapilla","Eurasian Blackcap",0.824980437755585,80381,NA,NA
"Chloris chloris","European Greenfinch",0.821087300777435,80381,NA,NA
"Anthus pratensis","Meadow Pipit",0.818574666976929,80381,NA,NA
"Columba livia","Rock Dove",0.817326664924622,80381,NA,NA
"Carduelis carduelis","European Goldfinch",0.808538675308228,80381,NA,NA
"Buteo buteo","Common Buzzard",0.804190754890442,80381,NA,NA
"Pyrrhula pyrrhula","Eurasian Bullfinch",0.801791310310364,80381,NA,NA
"Podiceps cristatus","Great Crested Grebe",0.797675609588623,80381,NA,NA
"Cygnus cygnus","Whooper Swan",0.79712986946106,80381,NA,NA
"Larus marinus","Great Black-backed Gull",0.789982914924622,80381,NA,NA
"Fulica atra","Eurasian Coot",0.788407683372498,80381,NA,NA
"Spinus spinus","Eurasian Siskin",0.779851138591766,80381,NA,NA
"Certhia familiaris","Eurasian Treecreeper",0.776628494262695,80381,NA,NA
"Corvus frugilegus","Rook",0.772410154342651,80381,NA,NA
"Passer domesticus","House Sparrow",0.768219947814941,80381,NA,NA
"Linaria cannabina","Common Linnet",0.766422867774963,80381,NA,NA
"Cuculus canorus","Common Cuckoo",0.766333758831024,80381,NA,NA
"Grus grus","Common Crane",0.758754014968872,80381,NA,NA
"Emberiza schoeniclus","Common Reed Bunting",0.755235195159912,80381,NA,NA
"Accipiter nisus","Eurasian Sparrowhawk",0.752476155757904,80381,NA,NA
"Sitta europaea","Eurasian Nuthatch",0.751542627811432,80381,NA,NA
"Mareca penelope","Eurasian Wigeon",0.747837781906128,80381,NA,NA
"Bombycilla garrulus","Bohemian Waxwing",0.74398398399353,80381,NA,NA
"Fringilla montifringilla","Brambling",0.729965448379517,80381,NA,NA
"Ficedula hypoleuca","European Pied Flycatcher",0.726532459259033,80381,NA,NA
"Aythya fuligula","Tufted Duck",0.724165916442871,80381,NA,NA
"Lophophanes cristatus","Crested Tit",0.717471361160278,80381,NA,NA
"Gallinago gallinago","Common Snipe",0.712907016277313,80381,NA,NA
"Luscinia luscinia","Thrush Nightingale",0.709634006023407,80381,NA,NA
"Saxicola rubetra","Whinchat",0.708997964859009,80381,NA,NA
"Ardea alba","Great White Egret",0.70590078830719,80381,NA,NA
"Calidris alpina","Dunlin",0.700655102729797,80381,NA,NA
"Anas crecca","Eurasian/Green-winged Teal",0.700595736503601,80381,NA,NA
"Haliaeetus albicilla","White-tailed Eagle",0.700144290924072,80381,NA,NA
"Circus aeruginosus","Western Marsh Harrier",0.69928902387619,80381,NA,NA
"Phylloscopus sibilatrix","Wood Warbler",0.699223756790161,80381,NA,NA
"Acrocephalus schoenobaenus","Sedge Warbler",0.696235656738281,80381,NA,NA
"Muscicapa striata","Spotted Flycatcher",0.69567608833313,80381,NA,NA
"Coccothraustes coccothraustes","Hawfinch",0.695671558380127,80381,NA,NA
"Turdus iliacus","Redwing",0.695074558258057,80381,NA,NA
"Anthus trivialis","Tree Pipit",0.693085074424744,80381,NA,NA
"Haematopus ostralegus","Eurasian Oystercatcher",0.690565943717957,80381,NA,NA
"Poecile palustris","Marsh Tit",0.684528291225433,80381,NA,NA
"Ciconia ciconia","White Stork",0.684237480163574,80381,NA,NA
"Periparus ater","Coal Tit",0.68322217464447,80381,NA,NA
"Actitis hypoleucos","Common Sandpiper",0.68220466375351,80381,NA,NA
"Phoenicurus ochruros","Black Redstart",0.680624961853027,80381,NA,NA
"Curruca curruca","Lesser Whitethroat",0.680103719234467,80381,NA,NA
"Lanius collurio","Red-backed Shrike",0.678153872489929,80381,NA,NA
"Anser albifrons","Greater White-fronted Goose",0.67754328250885,80381,NA,NA
"Motacilla flava","Western Yellow Wagtail",0.674469292163849,80381,NA,NA
"Larus fuscus","Lesser Black-backed Gull",0.671697020530701,80381,NA,NA
"Melanitta fusca","Velvet Scoter",0.667922675609589,80381,NA,NA
"Aegithalos caudatus","Long-tailed Tit",0.667704880237579,80381,NA,NA
"Circus cyaneus","Hen Harrier",0.667060613632202,80381,NA,NA
"Dryocopus martius","Black Woodpecker",0.664549112319946,80381,NA,NA
"Phoenicurus phoenicurus","Common Redstart",0.663096070289612,80381,NA,NA
"Branta leucopsis","Barnacle Goose",0.662972450256348,80381,NA,NA
"Sylvia borin","Garden Warbler",0.661997437477112,80381,NA,NA
"Tringa totanus","Common Redshank",0.658477544784546,80381,NA,NA
"Oenanthe oenanthe","Northern Wheatear",0.65681779384613,80381,NA,NA
"Clangula hyemalis","Long-tailed Duck",0.654792726039886,80381,NA,NA
"Dryobates minor","Lesser Spotted Woodpecker",0.651741862297058,80381,NA,NA
"Carpodacus erythrinus","Common Rosefinch",0.651076078414917,80381,NA,NA
"Tadorna tadorna","Common Shelduck",0.647728562355042,80381,NA,NA
"Mergellus albellus","Smew",0.642509460449219,80381,NA,NA
"Lanius excubitor","Great Grey Shrike",0.642390012741089,80381,NA,NA
"Charadrius hiaticula","Common Ringed Plover",0.641000092029572,80381,NA,NA
"Loxia curvirostra","Common Crossbill",0.639489054679871,80381,NA,NA
"Prunella modularis","Dunnock",0.63725757598877,80381,NA,NA
"Poecile montanus","Willow Tit",0.636575222015381,80381,NA,NA
"Accipiter gentilis","Eurasian Goshawk",0.63654625415802,80381,NA,NA
"Dendrocoptes medius","Middle Spotted Woodpecker",0.636302828788757,80381,NA,NA
"Tringa nebularia","Common Greenshank",0.634720265865326,80381,NA,NA
"Lullula arborea","Woodlark",0.633787333965302,80381,NA,NA
"Turdus viscivorus","Mistle Thrush",0.631226181983948,80381,NA,NA
"Mareca strepera","Gadwall",0.6270352602005,80381,NA,NA
"Acrocephalus arundinaceus","Great Reed Warbler",0.626304745674133,80381,NA,NA
"Aythya marila","Greater Scaup",0.621867656707764,80381,NA,NA
"Hydrocoloeus minutus","Little Gull",0.621241509914398,80381,NA,NA
"Spatula clypeata","Northern Shoveler",0.615712940692902,80381,NA,NA
"Hippolais icterina","Icterine Warbler",0.61215204000473,80381,NA,NA
"Cygnus columbianus","Bewick's Swan",0.601899802684784,80381,NA,NA
"Melanitta nigra","Common Scoter",0.601403713226318,80381,NA,NA
"Alcedo atthis","Common Kingfisher",0.60075056552887,80381,NA,NA
"Panurus biarmicus","Bearded Tit",0.599374055862427,80381,NA,NA
"Acrocephalus scirpaceus","Common Reed Warbler",0.598144948482513,80381,NA,NA
"Calidris pugnax","Ruff",0.596868753433228,80381,NA,NA
"Tringa glareola","Wood Sandpiper",0.593741297721863,80381,NA,NA
"Gallinula chloropus","Common Moorhen",0.593100428581238,80381,NA,NA
"Riparia riparia","Sand Martin",0.591621339321136,80381,NA,NA
"Mergus serrator","Red-breasted Merganser",0.589895367622375,80381,NA,NA
"Acrocephalus palustris","Marsh Warbler",0.589536488056183,80381,NA,NA
"Chlidonias niger","Black Tern",0.585614323616028,80381,NA,NA
"Pluvialis apricaria","European Golden Plover",0.584063291549683,80381,NA,NA
"Tringa ochropus","Green Sandpiper",0.582230806350708,80381,NA,NA
"Rallus aquaticus","Water Rail",0.581128478050232,80381,NA,NA
"Botaurus stellaris","Great Bittern",0.580377817153931,80381,NA,NA
"Acanthis flammea","Common Redpoll",0.579250335693359,80381,NA,NA
"Anas acuta","Northern Pintail",0.577993035316467,80381,NA,NA
"Numenius arquata","Eurasian Curlew",0.577887177467346,80381,NA,NA
"Buteo lagopus","Rough-legged Buzzard",0.577142715454102,80381,NA,NA
"Aythya ferina","Common Pochard",0.576959609985352,80381,NA,NA
"Anser anser","Greylag Goose",0.576186180114746,80381,NA,NA
"Oriolus oriolus","Eurasian Golden Oriole",0.57444578409195,80381,NA,NA
"Columba oenas","Stock Dove",0.574357271194458,80381,NA,NA
"Nucifraga caryocatactes","Spotted Nutcracker",0.572534739971161,80381,NA,NA
"Perdix perdix","Grey Partridge",0.568716585636139,80381,NA,NA
"Branta bernicla","Brent Goose",0.56294584274292,80381,NA,NA
"Tachybaptus ruficollis","Little Grebe",0.558556437492371,80381,NA,NA
"Asio otus","Long-eared Owl",0.553191900253296,80381,NA,NA
"Podiceps grisegena","Red-necked Grebe",0.552036225795746,80381,NA,NA
"Remiz pendulinus","Eurasian Penduline Tit",0.550006866455078,80381,NA,NA
"Gavia stellata","Red-throated Diver",0.547261953353882,80381,NA,NA
"Aegolius funereus","Tengmalm's Owl",0.546558678150177,80381,NA,NA
"Spatula querquedula","Garganey",0.545640110969543,80381,NA,NA
"Scolopax rusticola","Eurasian Woodcock",0.544641613960266,80381,NA,NA
"Falco columbarius","Merlin",0.540994167327881,80381,NA,NA
"Gavia arctica","Black-throated Diver",0.540142178535461,80381,NA,NA
"Plectrophenax nivalis","Snow Bunting",0.539664030075073,80381,NA,NA
"Glaucidium passerinum","Eurasian Pygmy-Owl",0.539080798625946,80381,NA,NA
"Falco tinnunculus","Common Kestrel",0.536985516548157,80381,NA,NA
"Pluvialis squatarola","Grey Plover",0.534167647361755,80381,NA,NA
"Pandion haliaetus","Osprey",0.532734036445618,80381,NA,NA
"Falco subbuteo","Eurasian Hobby",0.532492160797119,80381,NA,NA
"Picus canus","Grey-headed Woodpecker",0.525962769985199,80381,NA,NA
"Ficedula parva","Red-breasted Flycatcher",0.522328019142151,80381,NA,NA
"Strix aluco","Tawny Owl",0.520499646663666,80381,NA,NA
"Calcarius lapponicus","Lapland Bunting",0.518100380897522,80381,NA,NA
"Anser serrirostris","Tundra Bean Goose",0.516263127326965,80381,NA,NA
"Lyrurus tetrix","Black Grouse",0.514274537563324,80381,NA,NA
"Lymnocryptes minimus","Jack Snipe",0.506967902183533,80381,NA,NA
"Somateria mollissima","Common Eider",0.506457209587097,80381,NA,NA
"Anser fabalis","Taiga Bean Goose",0.503899455070496,80381,NA,NA
"Eremophila alpestris","Shore Lark",0.503844439983368,80381,NA,NA
"Curruca nisoria","Barred Warbler",0.503818035125732,80381,NA,NA
"Pernis apivorus","European Honey-buzzard",0.503211855888367,80381,NA,NA
"Tetrastes bonasia","Hazel Grouse",0.500174701213837,80381,NA,NA
"Picoides tridactylus","Eurasian Three-toed Woodpecker",0.49666503071785,80381,NA,NA
"Loxia pytyopsittacus","Parrot Crossbill",0.495897114276886,80381,NA,NA
"Anthus petrosus","Rock Pipit",0.493799149990082,80381,NA,NA
"Asio flammeus","Short-eared Owl",0.492049098014832,80381,NA,NA
"Jynx torquilla","Eurasian Wryneck",0.486112743616104,80381,NA,NA
"Tringa erythropus","Spotted Redshank",0.485194116830826,80381,NA,NA
"Locustella luscinioides","Savi's Warbler",0.483530789613724,80381,NA,NA
"Alca torda","Razorbill",0.482198238372803,80381,NA,NA
"Upupa epops","Eurasian Hoopoe",0.481108039617538,80381,NA,NA
"Linaria flavirostris","Twite",0.479953944683075,80381,NA,NA
"Falco peregrinus","Peregrine Falcon",0.479834377765656,80381,NA,NA
"Strix uralensis","Ural Owl",0.478740870952606,80381,NA,NA
"Limosa limosa","Black-tailed Godwit",0.478599369525909,80381,NA,NA
"Crex crex","Corncrake",0.473247736692429,80381,NA,NA
"Dendrocopos leucotos","White-backed Woodpecker",0.470594733953476,80381,NA,NA
"Bubo bubo","Eurasian Eagle Owl",0.469763934612274,80381,NA,NA
"Calidris alba","Sanderling",0.46594911813736,80381,NA,NA
"Streptopelia decaocto","Collared Dove",0.465683996677399,80381,NA,NA
"Charadrius dubius","Little Ringed Plover",0.465083807706833,80381,NA,NA
"Calidris minuta","Little Stint",0.464398860931396,80381,NA,NA
"Calidris ferruginea","Curlew Sandpiper",0.460014849901199,80381,NA,NA
"Circus pygargus","Montagu's Harrier",0.457851380109787,80381,NA,NA
"Podiceps auritus","Slavonian Grebe",0.457775354385376,80381,NA,NA
"Clanga pomarina","Lesser Spotted Eagle",0.457689970731735,80381,NA,NA
"Pinicola enucleator","Pine Grosbeak",0.451498031616211,80381,NA,NA
"Tetrao urogallus","Western Capercaillie",0.451242506504059,80381,NA,NA
"Galerida cristata","Crested Lark",0.44993457198143,80381,NA,NA
"Hydroprogne caspia","Caspian Tern",0.44546702504158,80381,NA,NA
"Chlidonias leucopterus","White-winged Black Tern",0.440296292304993,80381,NA,NA
"Sternula albifrons","Little Tern",0.437332928180695,80381,NA,NA
"Picus viridis","Eurasian Green Woodpecker",0.429645746946335,80381,NA,NA
"Phalaropus lobatus","Red-necked Phalarope",0.427644282579422,80381,NA,NA
"Larus cachinnans","Caspian Gull",0.427544862031937,80381,NA,NA
"Podiceps nigricollis","Black-necked Grebe",0.41580331325531,80381,NA,NA
"Ciconia nigra","Black Stork",0.415251612663269,80381,NA,NA
"Zapornia parva","Little Crake",0.41462904214859,80381,NA,NA
"Anthus campestris","Tawny Pipit",0.40980452299118,80381,NA,NA
"Serinus serinus","European Serin",0.408871084451675,80381,NA,NA
"Calidris temminckii","Temminck's Stint",0.403245210647583,80381,NA,NA
"Sterna paradisaea","Arctic Tern",0.403131425380707,80381,NA,NA
"Caprimulgus europaeus","Eurasian Nightjar",0.399927735328674,80381,NA,NA
"Locustella fluviatilis","River Warbler",0.394116699695587,80381,NA,NA
"Locustella naevia","Common Grasshopper Warbler",0.392982363700867,80381,NA,NA
"Phylloscopus trochiloides","Greenish Warbler",0.391668200492859,80381,NA,NA
"Anthus cervinus","Red-throated Pipit",0.385132819414139,80381,NA,NA
"Strix nebulosa","Great Grey Owl",0.384968459606171,80381,NA,NA
"Larus hyperboreus","Glaucous Gull",0.384607285261154,80381,NA,NA
"Gallinago media","Great Snipe",0.382438033819199,80381,NA,NA
"Calidris canutus","Red Knot",0.372179597616196,80381,NA,NA
"Porzana porzana","Spotted Crake",0.36609560251236,80381,NA,NA
"Acrocephalus dumetorum","Blyth's Reed Warbler",0.365865230560303,80381,NA,NA
"Milvus migrans","Black Kite",0.363576978445053,80381,NA,NA
"Regulus ignicapilla","Common Firecrest",0.363323003053665,80381,NA,NA
"Chlidonias hybrida","Whiskered Tern",0.358996599912643,80381,NA,NA
"Luscinia svecica","Bluethroat",0.356568038463593,80381,NA,NA
"Calidris falcinellus","Broad-billed Sandpiper",0.35594242811203,80381,NA,NA
"Thalasseus sandvicensis","Sandwich Tern",0.351444810628891,80381,NA,NA
"Emberiza calandra","Corn Bunting",0.350900679826736,80381,NA,NA
"Limosa lapponica","Bar-tailed Godwit",0.350479245185852,80381,NA,NA
"Stercorarius parasiticus","Arctic Skua",0.34764352440834,80381,NA,NA
"Coturnix coturnix","Common Quail",0.346141397953033,80381,NA,NA
"Streptopelia turtur","European Turtle Dove",0.341867804527283,80381,NA,NA
"Falco vespertinus","Red-footed Falcon",0.338132113218307,80381,NA,NA
"Loxia leucoptera","Two-barred Crossbill",0.336491465568542,80381,NA,NA
"Arenaria interpres","Ruddy Turnstone",0.335013598203659,80381,NA,NA
"Cinclus cinclus","White-throated Dipper",0.333927869796753,80381,NA,NA
"Branta canadensis","Canada Goose",0.33147731423378,80381,NA,NA
"Milvus milvus","Red Kite",0.327067285776138,80381,NA,NA
"Phasianus colchicus","Common Pheasant",0.326813131570816,80381,NA,NA
"Emberiza hortulana","Ortolan Bunting",0.320857018232346,80381,NA,NA
"Motacilla cinerea","Grey Wagtail",0.31735560297966,80381,NA,NA
"Stercorarius longicaudus","Long-tailed Skua",0.315374553203583,80381,NA,NA
"Surnia ulula","Northern Hawk Owl",0.307773351669312,80381,NA,NA
"Ichthyaetus melanocephalus","Mediterranean Gull",0.305571705102921,80381,NA,NA
"Acrocephalus paludicola","Aquatic Warbler",0.304811000823975,80381,NA,NA
"Acanthis hornemanni","Arctic Redpoll",0.284797370433807,80381,NA,NA
"Uria aalge","Common Guillemot",0.264931291341782,80381,NA,NA
"Tringa stagnatilis","Marsh Sandpiper",0.264870047569275,80381,NA,NA
"Stercorarius pomarinus","Pomarine Skua",0.262397199869156,80381,NA,NA
"Recurvirostra avosetta","Pied Avocet",0.259686827659607,80381,NA,NA
"Coracias garrulus","European Roller",0.258328974246979,80381,NA,NA
"Motacilla citreola","Citrine Wagtail",0.246507525444031,80381,NA,NA
"Lagopus muta","Rock Ptarmigan",0.243374601006508,80381,NA,NA
"Athene noctua","Little Owl",0.241518601775169,80381,NA,NA
"Saxicola rubicola","European Stonechat",0.241062074899673,80381,NA,NA
"Lagopus lagopus","Red Grouse/Willow Grouse",0.234212070703506,80381,NA,NA
"Numenius phaeopus","Whimbrel",0.226988464593887,80381,NA,NA
"Ixobrychus minutus","Little Bittern",0.225673884153366,80381,NA,NA
"Calidris maritima","Purple Sandpiper",0.223351255059242,80381,NA,NA
"Phylloscopus inornatus","Yellow-browed Warbler",0.215349525213242,80381,NA,NA
"Aquila chrysaetos","Golden Eagle",0.206602975726128,80381,NA,NA
"Merops apiaster","European Bee-eater",0.196815997362137,80381,NA,NA
"Cepphus grylle","Black Guillemot",0.179490342736244,80381,NA,NA
"Netta rufina","Red-crested Pochard",0.172037303447723,80381,NA,NA
"Bubo scandiacus","Snowy Owl",0.16487218439579,80381,NA,NA
"Ficedula albicollis","Collared Flycatcher",0.164675980806351,80381,NA,NA
"Certhia brachydactyla","Short-toed Treecreeper",0.160565167665482,80381,NA,NA
"Clanga clanga","Greater Spotted Eagle",0.146160468459129,80381,NA,NA
"Nycticorax nycticorax","Black-crowned Night Heron",0.133387967944145,80381,NA,NA
"Stercorarius skua","Great Skua",0.131795406341553,80381,NA,NA
"Aythya nyroca","Ferruginous Duck",0.131746202707291,80381,NA,NA
"Tyto alba","Barn Owl",0.130541265010834,80381,NA,NA
"Circaetus gallicus","Short-toed Eagle",0.120425850152969,80381,NA,NA
"Charadrius morinellus","Eurasian Dotterel",0.118220515549183,80381,NA,NA
"Gavia immer","Great Northern Diver",0.114090636372566,80381,NA,NA
"Anser brachyrhynchus","Pink-footed Goose",0.114049278199673,80381,NA,NA
"Luscinia megarhynchos","Common Nightingale",0.111617401242256,80381,NA,NA
"Phalaropus fulicarius","Grey Phalarope",0.105890534818172,80381,NA,NA
"Tadorna ferruginea","Ruddy Shelduck",0.103485755622387,80381,NA,NA
"Turdus torquatus","Ring Ouzel",0.10276672244072,80381,NA,NA
"Falco rusticolus","Gyr Falcon",0.0985501408576965,80381,NA,NA
"Perisoreus infaustus","Siberian Jay",0.096094660460949,80381,NA,NA
"Phylloscopus proregulus","Pallas's Warbler",0.0947313010692596,80381,NA,NA
"Iduna caligata","Booted Warbler",0.0923760235309601,80381,NA,NA
"Hieraaetus pennatus","Booted Eagle",0.0797614008188248,80381,NA,NA
"Egretta garzetta","Little Egret",0.0780661702156067,80381,NA,NA
"Anthus spinoletta","Water Pipit",0.0752856805920601,80381,NA,NA
"Acanthis cabaret","Lesser Redpoll",0.0749463215470314,80381,NA,NA
"Cyanistes cyanus","Azure Tit",0.0746898278594017,80381,NA,NA
"Dendrocopos syriacus","Syrian Woodpecker",0.0730325281620026,80381,NA,NA
"Emberiza rustica","Rustic Bunting",0.072577141225338,80381,NA,NA
"Gyps fulvus","Griffon Vulture",0.069764256477356,80381,NA,NA
"Anser erythropus","Lesser White-fronted Goose",0.0677511766552925,80381,NA,NA
"Platalea leucorodia","Eurasian Spoonbill",0.0675710514187813,80381,NA,NA
"Xenus cinereus","Terek Sandpiper",0.0647545754909515,80381,NA,NA
"Fulmarus glacialis","Northern Fulmar",0.0609949827194214,80381,NA,NA
"Lanius minor","Lesser Grey Shrike",0.0586743131279945,80381,NA,NA
"Cercotrichas galactotes","Rufous-tailed Scrub Robin",0.0568242967128754,80381,NA,NA
"Fratercula arctica","Atlantic Puffin",0.0517049804329872,80381,NA,NA
"Monticola saxatilis","Common Rock Thrush",0.0498564280569553,80381,NA,NA
"Somateria spectabilis","King Eider",0.0498407296836376,80381,NA,NA
"Anthus richardi","Richard's Pipit",0.0490691810846329,80381,NA,NA
"Himantopus himantopus","Black-winged Stilt",0.0483862087130547,80381,NA,NA
"Rissa tridactyla","Black-legged Kittiwake",0.0482515059411526,80381,NA,NA
"Bubulcus ibis","Western Cattle Egret",0.0471829399466515,80381,NA,NA
"Lanius senator","Woodchat Shrike",0.0466686747968197,80381,NA,NA
"Pyrrhocorax pyrrhocorax","Red-billed Chough",0.045855525881052,80381,NA,NA
"Circus macrourus","Pallid Harrier",0.0457660667598248,80381,NA,NA
"Gavia adamsii","White-billed Diver",0.0451008640229702,80381,NA,NA
"Poecile cinctus","Siberian Tit",0.0412584841251373,80381,NA,NA
"Prunella collaris","Alpine Accentor",0.0391597375273705,80381,NA,NA
"Uria lomvia","Brünnich's Guillemot",0.0385054722428322,80381,NA,NA
"Merops persicus","Blue-cheeked Bee-eater",0.0325481034815311,80381,NA,NA
"Ardea purpurea","Purple Heron",0.0277871433645487,80381,NA,NA
"Apus melba","Alpine Swift",0.0277651827782393,80381,NA,NA
"Pyrrhocorax graculus","Alpine Chough",0.0272231251001358,80381,NA,NA
"Emberiza pusilla","Little Bunting",0.0257485546171665,80381,NA,NA
"Glareola pratincola","Collared Pratincole",0.0255743060261011,80381,NA,NA
"Emberiza cia","Rock Bunting",0.0247571896761656,80381,NA,NA
"Aix galericulata","Mandarin Duck",0.0244273282587528,80381,NA,NA
"Ptyonoprogne rupestris","Eurasian Crag Martin",0.0241511203348637,80381,NA,NA
"Anser caerulescens","Snow Goose",0.022813955321908,80381,NA,NA
"Iduna pallida","Eastern Olivaceous Warbler",0.0219658147543669,80381,NA,NA
"Lanius borealis","Northern Shrike",0.0196413062512875,80381,NA,NA
"Charadrius alexandrinus","Kentish Plover",0.0194118227809668,80381,NA,NA
"Falco naumanni","Lesser Kestrel",0.019086942076683,80381,NA,NA
"Cettia cetti","Cetti's Warbler",0.0185304787009954,80381,NA,NA
"Pterocles orientalis","Black-bellied Sandgrouse",0.0178444683551788,80381,NA,NA
"Otus scops","Eurasian Scops Owl",0.0177814476191998,80381,NA,NA
"Phoenicopterus roseus","Greater Flamingo",0.0172088723629713,80381,NA,NA
"Passer hispaniolensis","Spanish Sparrow",0.0171261578798294,80381,NA,NA
"Burhinus oedicnemus","Stone-curlew",0.0162680428475142,80381,NA,NA
"Ardeola ralloides","Squacco Heron",0.014788256958127,80381,NA,NA
"Melanocorypha calandra","Calandra Lark",0.0140308244153857,80381,NA,NA
"Tarsiger cyanurus","Red-flanked Bluetail",0.0123935341835022,80381,NA,NA
"Oenanthe melanoleuca","Eastern Black-eared Wheatear",0.0122705465182662,80381,NA,NA
"Anser indicus","Bar-headed Goose",0.0121340341866016,80381,NA,NA
"Aegypius monachus","Black Vulture",0.0111784944310784,80381,NA,NA
"Plegadis falcinellus","Glossy Ibis",0.0107385413721204,80381,NA,NA
"Aquila heliaca","Imperial Eagle",0.0106940763071179,80381,NA,NA
"Larus michahellis","Yellow-legged Gull",0.0104647651314735,80381,NA,NA
"Calandrella brachydactyla","Greater Short-toed Lark",0.010414938442409,80381,NA,NA
